"part_A","num_A","fam_A","name_A","part_B","num_B","fam_B","name_B","criterion"
"3022#1","3022","plate","Plate 2 x 2","30237#1","30237","other","30237","stack"
"3022#1","3022","plate","Plate 2 x 2","3849#1","3849","minifig","Weapon Lance","touch"
"30237#1","30237","other","30237","3849#1","3849","minifig","Weapon Lance","touch"
"4495a#1","4495a","other","Flag 4 x 1 Wavy [First Wave Left]","4495a#2","4495a","other","Flag 4 x 1 Wavy [First Wave Left]","stack"
"4282#1","4282","plate","Plate 2 x 16","3001#3","3001","brick","Brick 2 x 4","stack"
"4282#1","4282","plate","Plate 2 x 16","4282#2","4282","plate","Plate 2 x 16","stack"
"4282#1","4282","plate","Plate 2 x 16","3673#1","3673","technic","Technic Pin without Friction Ridges Lengthwise","touch"
"4282#1","4282","plate","Plate 2 x 16","3941#3","3941","technic","Brick Round 2 x 2 with Axle Hole","touch"
"4282#1","4282","plate","Plate 2 x 16","3673#2","3673","technic","Technic Pin without Friction Ridges Lengthwise","touch"
"4282#1","4282","plate","Plate 2 x 16","3941#6","3941","technic","Brick Round 2 x 2 with Axle Hole","touch"
"3034#1","3034","plate","Plate 2 x 8","3001#1","3001","brick","Brick 2 x 4","stack"
"3034#1","3034","plate","Plate 2 x 8","3034#2","3034","plate","Plate 2 x 8","stack"
"3001#1","3001","brick","Brick 2 x 4","3034#2","3034","plate","Plate 2 x 8","touch"
"3001#1","3001","brick","Brick 2 x 4","3020#1","3020","plate","Plate 2 x 4","touch"
"3001#1","3001","brick","Brick 2 x 4","4871#1","4871","slope","Slope Inverted 45° 4 x 2 Double with 2 x 2 Recessed","stack"
"3001#1","3001","brick","Brick 2 x 4","3020#2","3020","plate","Plate 2 x 4","touch"
"3001#1","3001","brick","Brick 2 x 4","4855#1","4855","slope","Wedge Sloped Inverted 4 x 4 Triple [2 Connections between Front Studs]","stack"
"3001#1","3001","brick","Brick 2 x 4","4855#2","4855","slope","Wedge Sloped Inverted 4 x 4 Triple [2 Connections between Front Studs]","stack"
"3001#1","3001","brick","Brick 2 x 4","3021#1","3021","plate","Plate 2 x 3","stack"
"3001#1","3001","brick","Brick 2 x 4","2412b#3","2412b","tile","Tile Special 1 x 2 Grille with Bottom Groove","stack"
"3001#1","3001","brick","Brick 2 x 4","3022#2","3022","plate","Plate 2 x 2","stack"
"3001#1","3001","brick","Brick 2 x 4","3623#1","3623","plate","Plate 1 x 3","stack"
"3001#1","3001","brick","Brick 2 x 4","3623#2","3623","plate","Plate 1 x 3","stack"
"3001#1","3001","brick","Brick 2 x 4","30357#1","30357","plate","Plate Round Corner 3 x 3","stack"
"3001#1","3001","brick","Brick 2 x 4","30357#2","30357","plate","Plate Round Corner 3 x 3","stack"
"3001#1","3001","brick","Brick 2 x 4","3003#1","3003","brick","Brick 2 x 2","stack"
"3001#1","3001","brick","Brick 2 x 4","3022#5","3022","plate","Plate 2 x 2","stack"
"3001#3","3001","brick","Brick 2 x 4","4282#2","4282","plate","Plate 2 x 16","touch"
"30359a#1","30359a","technic","Bar 1 x 8 with Brick 1 x 2 Curved Top End (Original, No Axle Holder)","30359a#2","30359a","technic","Bar 1 x 8 with Brick 1 x 2 Curved Top End (Original, No Axle Holder)","touch"
"30359a#1","30359a","technic","Bar 1 x 8 with Brick 1 x 2 Curved Top End (Original, No Axle Holder)","2412b#1","2412b","tile","Tile Special 1 x 2 Grille with Bottom Groove","touch"
"30359a#1","30359a","technic","Bar 1 x 8 with Brick 1 x 2 Curved Top End (Original, No Axle Holder)","3004#2","3004","brick","Brick 1 x 2","stack"
"30359a#1","30359a","technic","Bar 1 x 8 with Brick 1 x 2 Curved Top End (Original, No Axle Holder)","4070#5","4070","brick","Brick Special 1 x 1 with Headlight","stack"
"30359a#1","30359a","technic","Bar 1 x 8 with Brick 1 x 2 Curved Top End (Original, No Axle Holder)","4070#6","4070","brick","Brick Special 1 x 1 with Headlight","stack"
"30359a#1","30359a","technic","Bar 1 x 8 with Brick 1 x 2 Curved Top End (Original, No Axle Holder)","4070#7","4070","brick","Brick Special 1 x 1 with Headlight","stack"
"30359a#1","30359a","technic","Bar 1 x 8 with Brick 1 x 2 Curved Top End (Original, No Axle Holder)","4070#8","4070","brick","Brick Special 1 x 1 with Headlight","stack"
"30359a#1","30359a","technic","Bar 1 x 8 with Brick 1 x 2 Curved Top End (Original, No Axle Holder)","30360#2","30360","cone","Cylinder 3 x 6 x 2 2/3 Horizontal Hollow Studs","touch"
"30359a#1","30359a","technic","Bar 1 x 8 with Brick 1 x 2 Curved Top End (Original, No Axle Holder)","4865a#3","4865a","panel","Panel 1 x 2 x 1 [Square Corners]","touch"
"30359a#1","30359a","technic","Bar 1 x 8 with Brick 1 x 2 Curved Top End (Original, No Axle Holder)","30383#5","30383","bracket","Hinge Plate 1 x 2 Locking with 1 Finger On Top","touch"
"30359a#1","30359a","technic","Bar 1 x 8 with Brick 1 x 2 Curved Top End (Original, No Axle Holder)","30407#5","30407","bracket","Hinge Plate 1 x 8 Locking with Angled Side Extensions, Rounded Plate Underside, 9 Teeth","touch"
"30359a#2","30359a","technic","Bar 1 x 8 with Brick 1 x 2 Curved Top End (Original, No Axle Holder)","2412b#1","2412b","tile","Tile Special 1 x 2 Grille with Bottom Groove","touch"
"30359a#2","30359a","technic","Bar 1 x 8 with Brick 1 x 2 Curved Top End (Original, No Axle Holder)","3004#2","3004","brick","Brick 1 x 2","stack"
"30359a#2","30359a","technic","Bar 1 x 8 with Brick 1 x 2 Curved Top End (Original, No Axle Holder)","4070#5","4070","brick","Brick Special 1 x 1 with Headlight","stack"
"30359a#2","30359a","technic","Bar 1 x 8 with Brick 1 x 2 Curved Top End (Original, No Axle Holder)","4070#6","4070","brick","Brick Special 1 x 1 with Headlight","stack"
"30359a#2","30359a","technic","Bar 1 x 8 with Brick 1 x 2 Curved Top End (Original, No Axle Holder)","4070#7","4070","brick","Brick Special 1 x 1 with Headlight","stack"
"30359a#2","30359a","technic","Bar 1 x 8 with Brick 1 x 2 Curved Top End (Original, No Axle Holder)","4070#8","4070","brick","Brick Special 1 x 1 with Headlight","stack"
"30359a#2","30359a","technic","Bar 1 x 8 with Brick 1 x 2 Curved Top End (Original, No Axle Holder)","30360#2","30360","cone","Cylinder 3 x 6 x 2 2/3 Horizontal Hollow Studs","touch"
"30359a#2","30359a","technic","Bar 1 x 8 with Brick 1 x 2 Curved Top End (Original, No Axle Holder)","4865a#3","4865a","panel","Panel 1 x 2 x 1 [Square Corners]","touch"
"30359a#2","30359a","technic","Bar 1 x 8 with Brick 1 x 2 Curved Top End (Original, No Axle Holder)","2555#2","2555","tile","Tile Special 1 x 1 with Clip and Straight Tips","touch"
"30359a#2","30359a","technic","Bar 1 x 8 with Brick 1 x 2 Curved Top End (Original, No Axle Holder)","30383#5","30383","bracket","Hinge Plate 1 x 2 Locking with 1 Finger On Top","touch"
"30359a#2","30359a","technic","Bar 1 x 8 with Brick 1 x 2 Curved Top End (Original, No Axle Holder)","30407#5","30407","bracket","Hinge Plate 1 x 8 Locking with Angled Side Extensions, Rounded Plate Underside, 9 Teeth","touch"
"30359a#2","30359a","technic","Bar 1 x 8 with Brick 1 x 2 Curved Top End (Original, No Axle Holder)","4-4cyli#27","4-4cyli","other","4-4cyli","touch"
"30359a#2","30359a","technic","Bar 1 x 8 with Brick 1 x 2 Curved Top End (Original, No Axle Holder)","4-4cyli#28","4-4cyli","other","4-4cyli","touch"
"30359a#2","30359a","technic","Bar 1 x 8 with Brick 1 x 2 Curved Top End (Original, No Axle Holder)","4-4edge#5","4-4edge","other","4-4edge","touch"
"30359a#2","30359a","technic","Bar 1 x 8 with Brick 1 x 2 Curved Top End (Original, No Axle Holder)","4-4edge#6","4-4edge","other","4-4edge","touch"
"30359a#2","30359a","technic","Bar 1 x 8 with Brick 1 x 2 Curved Top End (Original, No Axle Holder)","4-4ring1#27","4-4ring1","other","4-4ring1","touch"
"30359a#3","30359a","technic","Bar 1 x 8 with Brick 1 x 2 Curved Top End (Original, No Axle Holder)","30359a#4","30359a","technic","Bar 1 x 8 with Brick 1 x 2 Curved Top End (Original, No Axle Holder)","touch"
"30359a#3","30359a","technic","Bar 1 x 8 with Brick 1 x 2 Curved Top End (Original, No Axle Holder)","2412b#2","2412b","tile","Tile Special 1 x 2 Grille with Bottom Groove","touch"
"30359a#3","30359a","technic","Bar 1 x 8 with Brick 1 x 2 Curved Top End (Original, No Axle Holder)","3004#1","3004","brick","Brick 1 x 2","stack"
"30359a#3","30359a","technic","Bar 1 x 8 with Brick 1 x 2 Curved Top End (Original, No Axle Holder)","4070#1","4070","brick","Brick Special 1 x 1 with Headlight","stack"
"30359a#3","30359a","technic","Bar 1 x 8 with Brick 1 x 2 Curved Top End (Original, No Axle Holder)","4070#2","4070","brick","Brick Special 1 x 1 with Headlight","stack"
"30359a#3","30359a","technic","Bar 1 x 8 with Brick 1 x 2 Curved Top End (Original, No Axle Holder)","4070#3","4070","brick","Brick Special 1 x 1 with Headlight","stack"
"30359a#3","30359a","technic","Bar 1 x 8 with Brick 1 x 2 Curved Top End (Original, No Axle Holder)","4070#4","4070","brick","Brick Special 1 x 1 with Headlight","stack"
"30359a#3","30359a","technic","Bar 1 x 8 with Brick 1 x 2 Curved Top End (Original, No Axle Holder)","30360#1","30360","cone","Cylinder 3 x 6 x 2 2/3 Horizontal Hollow Studs","touch"
"30359a#3","30359a","technic","Bar 1 x 8 with Brick 1 x 2 Curved Top End (Original, No Axle Holder)","4865a#2","4865a","panel","Panel 1 x 2 x 1 [Square Corners]","touch"
"30359a#3","30359a","technic","Bar 1 x 8 with Brick 1 x 2 Curved Top End (Original, No Axle Holder)","2555#1","2555","tile","Tile Special 1 x 1 with Clip and Straight Tips","touch"
"30359a#3","30359a","technic","Bar 1 x 8 with Brick 1 x 2 Curved Top End (Original, No Axle Holder)","30383#6","30383","bracket","Hinge Plate 1 x 2 Locking with 1 Finger On Top","touch"
"30359a#3","30359a","technic","Bar 1 x 8 with Brick 1 x 2 Curved Top End (Original, No Axle Holder)","30407#6","30407","bracket","Hinge Plate 1 x 8 Locking with Angled Side Extensions, Rounded Plate Underside, 9 Teeth","touch"
"30359a#3","30359a","technic","Bar 1 x 8 with Brick 1 x 2 Curved Top End (Original, No Axle Holder)","4-4cyli#1","4-4cyli","other","4-4cyli","touch"
"30359a#3","30359a","technic","Bar 1 x 8 with Brick 1 x 2 Curved Top End (Original, No Axle Holder)","4-4cyli#2","4-4cyli","other","4-4cyli","touch"
"30359a#3","30359a","technic","Bar 1 x 8 with Brick 1 x 2 Curved Top End (Original, No Axle Holder)","4-4edge#1","4-4edge","other","4-4edge","touch"
"30359a#3","30359a","technic","Bar 1 x 8 with Brick 1 x 2 Curved Top End (Original, No Axle Holder)","4-4edge#2","4-4edge","other","4-4edge","touch"
"30359a#3","30359a","technic","Bar 1 x 8 with Brick 1 x 2 Curved Top End (Original, No Axle Holder)","4-4ring1#1","4-4ring1","other","4-4ring1","touch"
"30359a#4","30359a","technic","Bar 1 x 8 with Brick 1 x 2 Curved Top End (Original, No Axle Holder)","2412b#2","2412b","tile","Tile Special 1 x 2 Grille with Bottom Groove","touch"
"30359a#4","30359a","technic","Bar 1 x 8 with Brick 1 x 2 Curved Top End (Original, No Axle Holder)","3004#1","3004","brick","Brick 1 x 2","stack"
"30359a#4","30359a","technic","Bar 1 x 8 with Brick 1 x 2 Curved Top End (Original, No Axle Holder)","4070#1","4070","brick","Brick Special 1 x 1 with Headlight","stack"
"30359a#4","30359a","technic","Bar 1 x 8 with Brick 1 x 2 Curved Top End (Original, No Axle Holder)","4070#2","4070","brick","Brick Special 1 x 1 with Headlight","stack"
"30359a#4","30359a","technic","Bar 1 x 8 with Brick 1 x 2 Curved Top End (Original, No Axle Holder)","4070#3","4070","brick","Brick Special 1 x 1 with Headlight","stack"
"30359a#4","30359a","technic","Bar 1 x 8 with Brick 1 x 2 Curved Top End (Original, No Axle Holder)","4070#4","4070","brick","Brick Special 1 x 1 with Headlight","stack"
"30359a#4","30359a","technic","Bar 1 x 8 with Brick 1 x 2 Curved Top End (Original, No Axle Holder)","30360#1","30360","cone","Cylinder 3 x 6 x 2 2/3 Horizontal Hollow Studs","touch"
"30359a#4","30359a","technic","Bar 1 x 8 with Brick 1 x 2 Curved Top End (Original, No Axle Holder)","4865a#2","4865a","panel","Panel 1 x 2 x 1 [Square Corners]","touch"
"30359a#4","30359a","technic","Bar 1 x 8 with Brick 1 x 2 Curved Top End (Original, No Axle Holder)","30383#6","30383","bracket","Hinge Plate 1 x 2 Locking with 1 Finger On Top","touch"
"30359a#4","30359a","technic","Bar 1 x 8 with Brick 1 x 2 Curved Top End (Original, No Axle Holder)","30407#6","30407","bracket","Hinge Plate 1 x 8 Locking with Angled Side Extensions, Rounded Plate Underside, 9 Teeth","touch"
"4282#2","4282","plate","Plate 2 x 16","3673#1","3673","technic","Technic Pin without Friction Ridges Lengthwise","stack"
"4282#2","4282","plate","Plate 2 x 16","3941#3","3941","technic","Brick Round 2 x 2 with Axle Hole","stack"
"4282#2","4282","plate","Plate 2 x 16","3673#2","3673","technic","Technic Pin without Friction Ridges Lengthwise","stack"
"4282#2","4282","plate","Plate 2 x 16","3941#6","3941","technic","Brick Round 2 x 2 with Axle Hole","stack"
"4282#2","4282","plate","Plate 2 x 16","4-4cyli#15","4-4cyli","other","4-4cyli","touch"
"4282#2","4282","plate","Plate 2 x 16","4-4cyli#41","4-4cyli","other","4-4cyli","touch"
"3034#2","3034","plate","Plate 2 x 8","3020#1","3020","plate","Plate 2 x 4","touch"
"3034#2","3034","plate","Plate 2 x 8","4871#1","4871","slope","Slope Inverted 45° 4 x 2 Double with 2 x 2 Recessed","stack"
"3034#2","3034","plate","Plate 2 x 8","3020#2","3020","plate","Plate 2 x 4","stack"
"3034#2","3034","plate","Plate 2 x 8","4855#1","4855","slope","Wedge Sloped Inverted 4 x 4 Triple [2 Connections between Front Studs]","stack"
"3034#2","3034","plate","Plate 2 x 8","4855#2","4855","slope","Wedge Sloped Inverted 4 x 4 Triple [2 Connections between Front Studs]","stack"
"3034#2","3034","plate","Plate 2 x 8","3021#1","3021","plate","Plate 2 x 3","stack"
"3034#2","3034","plate","Plate 2 x 8","2412b#3","2412b","tile","Tile Special 1 x 2 Grille with Bottom Groove","stack"
"2412b#1","2412b","tile","Tile Special 1 x 2 Grille with Bottom Groove","3004#2","3004","brick","Brick 1 x 2","stack"
"2412b#1","2412b","tile","Tile Special 1 x 2 Grille with Bottom Groove","4070#5","4070","brick","Brick Special 1 x 1 with Headlight","stack"
"2412b#1","2412b","tile","Tile Special 1 x 2 Grille with Bottom Groove","4070#6","4070","brick","Brick Special 1 x 1 with Headlight","stack"
"2412b#1","2412b","tile","Tile Special 1 x 2 Grille with Bottom Groove","4070#7","4070","brick","Brick Special 1 x 1 with Headlight","stack"
"2412b#1","2412b","tile","Tile Special 1 x 2 Grille with Bottom Groove","4070#8","4070","brick","Brick Special 1 x 1 with Headlight","stack"
"2412b#1","2412b","tile","Tile Special 1 x 2 Grille with Bottom Groove","30360#2","30360","cone","Cylinder 3 x 6 x 2 2/3 Horizontal Hollow Studs","stack"
"2412b#1","2412b","tile","Tile Special 1 x 2 Grille with Bottom Groove","4865a#3","4865a","panel","Panel 1 x 2 x 1 [Square Corners]","touch"
"2412b#1","2412b","tile","Tile Special 1 x 2 Grille with Bottom Groove","2555#2","2555","tile","Tile Special 1 x 1 with Clip and Straight Tips","touch"
"2412b#1","2412b","tile","Tile Special 1 x 2 Grille with Bottom Groove","30383#5","30383","bracket","Hinge Plate 1 x 2 Locking with 1 Finger On Top","touch"
"2412b#1","2412b","tile","Tile Special 1 x 2 Grille with Bottom Groove","30407#5","30407","bracket","Hinge Plate 1 x 8 Locking with Angled Side Extensions, Rounded Plate Underside, 9 Teeth","touch"
"2412b#1","2412b","tile","Tile Special 1 x 2 Grille with Bottom Groove","4-4cyli#27","4-4cyli","other","4-4cyli","touch"
"2412b#1","2412b","tile","Tile Special 1 x 2 Grille with Bottom Groove","4-4cyli#28","4-4cyli","other","4-4cyli","touch"
"2412b#1","2412b","tile","Tile Special 1 x 2 Grille with Bottom Groove","4-4edge#5","4-4edge","other","4-4edge","touch"
"2412b#1","2412b","tile","Tile Special 1 x 2 Grille with Bottom Groove","4-4edge#6","4-4edge","other","4-4edge","touch"
"2412b#1","2412b","tile","Tile Special 1 x 2 Grille with Bottom Groove","4-4ring1#27","4-4ring1","other","4-4ring1","touch"
"2412b#2","2412b","tile","Tile Special 1 x 2 Grille with Bottom Groove","3004#1","3004","brick","Brick 1 x 2","stack"
"2412b#2","2412b","tile","Tile Special 1 x 2 Grille with Bottom Groove","4070#1","4070","brick","Brick Special 1 x 1 with Headlight","stack"
"2412b#2","2412b","tile","Tile Special 1 x 2 Grille with Bottom Groove","4070#2","4070","brick","Brick Special 1 x 1 with Headlight","stack"
"2412b#2","2412b","tile","Tile Special 1 x 2 Grille with Bottom Groove","4070#3","4070","brick","Brick Special 1 x 1 with Headlight","stack"
"2412b#2","2412b","tile","Tile Special 1 x 2 Grille with Bottom Groove","4070#4","4070","brick","Brick Special 1 x 1 with Headlight","stack"
"2412b#2","2412b","tile","Tile Special 1 x 2 Grille with Bottom Groove","30360#1","30360","cone","Cylinder 3 x 6 x 2 2/3 Horizontal Hollow Studs","stack"
"2412b#2","2412b","tile","Tile Special 1 x 2 Grille with Bottom Groove","4865a#2","4865a","panel","Panel 1 x 2 x 1 [Square Corners]","touch"
"2412b#2","2412b","tile","Tile Special 1 x 2 Grille with Bottom Groove","2555#1","2555","tile","Tile Special 1 x 1 with Clip and Straight Tips","touch"
"2412b#2","2412b","tile","Tile Special 1 x 2 Grille with Bottom Groove","30383#6","30383","bracket","Hinge Plate 1 x 2 Locking with 1 Finger On Top","touch"
"2412b#2","2412b","tile","Tile Special 1 x 2 Grille with Bottom Groove","30407#6","30407","bracket","Hinge Plate 1 x 8 Locking with Angled Side Extensions, Rounded Plate Underside, 9 Teeth","touch"
"2412b#2","2412b","tile","Tile Special 1 x 2 Grille with Bottom Groove","4-4cyli#1","4-4cyli","other","4-4cyli","touch"
"2412b#2","2412b","tile","Tile Special 1 x 2 Grille with Bottom Groove","4-4cyli#2","4-4cyli","other","4-4cyli","touch"
"2412b#2","2412b","tile","Tile Special 1 x 2 Grille with Bottom Groove","4-4edge#1","4-4edge","other","4-4edge","touch"
"2412b#2","2412b","tile","Tile Special 1 x 2 Grille with Bottom Groove","4-4edge#2","4-4edge","other","4-4edge","touch"
"2412b#2","2412b","tile","Tile Special 1 x 2 Grille with Bottom Groove","4-4ring1#1","4-4ring1","other","4-4ring1","touch"
"3020#1","3020","plate","Plate 2 x 4","4871#1","4871","slope","Slope Inverted 45° 4 x 2 Double with 2 x 2 Recessed","stack"
"3020#1","3020","plate","Plate 2 x 4","3020#2","3020","plate","Plate 2 x 4","touch"
"3020#1","3020","plate","Plate 2 x 4","4855#1","4855","slope","Wedge Sloped Inverted 4 x 4 Triple [2 Connections between Front Studs]","stack"
"3020#1","3020","plate","Plate 2 x 4","4855#2","4855","slope","Wedge Sloped Inverted 4 x 4 Triple [2 Connections between Front Studs]","stack"
"3020#1","3020","plate","Plate 2 x 4","3021#1","3021","plate","Plate 2 x 3","stack"
"3020#1","3020","plate","Plate 2 x 4","2412b#3","2412b","tile","Tile Special 1 x 2 Grille with Bottom Groove","stack"
"3020#1","3020","plate","Plate 2 x 4","3022#2","3022","plate","Plate 2 x 2","stack"
"3020#1","3020","plate","Plate 2 x 4","3623#1","3623","plate","Plate 1 x 3","stack"
"3020#1","3020","plate","Plate 2 x 4","3623#2","3623","plate","Plate 1 x 3","stack"
"3020#1","3020","plate","Plate 2 x 4","30357#1","30357","plate","Plate Round Corner 3 x 3","stack"
"3020#1","3020","plate","Plate 2 x 4","30357#2","30357","plate","Plate Round Corner 3 x 3","stack"
"4871#1","4871","slope","Slope Inverted 45° 4 x 2 Double with 2 x 2 Recessed","3020#2","3020","plate","Plate 2 x 4","touch"
"4871#1","4871","slope","Slope Inverted 45° 4 x 2 Double with 2 x 2 Recessed","4855#1","4855","slope","Wedge Sloped Inverted 4 x 4 Triple [2 Connections between Front Studs]","touch"
"4871#1","4871","slope","Slope Inverted 45° 4 x 2 Double with 2 x 2 Recessed","4855#2","4855","slope","Wedge Sloped Inverted 4 x 4 Triple [2 Connections between Front Studs]","touch"
"4871#1","4871","slope","Slope Inverted 45° 4 x 2 Double with 2 x 2 Recessed","3021#1","3021","plate","Plate 2 x 3","touch"
"4871#1","4871","slope","Slope Inverted 45° 4 x 2 Double with 2 x 2 Recessed","2412b#3","2412b","tile","Tile Special 1 x 2 Grille with Bottom Groove","touch"
"4871#1","4871","slope","Slope Inverted 45° 4 x 2 Double with 2 x 2 Recessed","3022#2","3022","plate","Plate 2 x 2","touch"
"4871#1","4871","slope","Slope Inverted 45° 4 x 2 Double with 2 x 2 Recessed","3002#1","3002","brick","Brick 2 x 3","touch"
"4871#1","4871","slope","Slope Inverted 45° 4 x 2 Double with 2 x 2 Recessed","3822ps1#1","3822ps1","panel","Door 1 x 3 x 1 Left","touch"
"4871#1","4871","slope","Slope Inverted 45° 4 x 2 Double with 2 x 2 Recessed","3821ps1#1","3821ps1","panel","Door 1 x 3 x 1 Right","touch"
"4871#1","4871","slope","Slope Inverted 45° 4 x 2 Double with 2 x 2 Recessed","3623#1","3623","plate","Plate 1 x 3","touch"
"4871#1","4871","slope","Slope Inverted 45° 4 x 2 Double with 2 x 2 Recessed","3623#2","3623","plate","Plate 1 x 3","touch"
"4871#1","4871","slope","Slope Inverted 45° 4 x 2 Double with 2 x 2 Recessed","4865a#1","4865a","panel","Panel 1 x 2 x 1 [Square Corners]","touch"
"4871#1","4871","slope","Slope Inverted 45° 4 x 2 Double with 2 x 2 Recessed","6231#1","6231","panel","Panel 1 x 1 x 1 Corner","touch"
"4871#1","4871","slope","Slope Inverted 45° 4 x 2 Double with 2 x 2 Recessed","6231#2","6231","panel","Panel 1 x 1 x 1 Corner","touch"
"4871#1","4871","slope","Slope Inverted 45° 4 x 2 Double with 2 x 2 Recessed","30357#1","30357","plate","Plate Round Corner 3 x 3","touch"
"4871#1","4871","slope","Slope Inverted 45° 4 x 2 Double with 2 x 2 Recessed","30357#2","30357","plate","Plate Round Corner 3 x 3","touch"
"4871#1","4871","slope","Slope Inverted 45° 4 x 2 Double with 2 x 2 Recessed","3710#1","3710","plate","Plate 1 x 4","touch"
"4871#1","4871","slope","Slope Inverted 45° 4 x 2 Double with 2 x 2 Recessed","3710#2","3710","plate","Plate 1 x 4","touch"
"4871#1","4871","slope","Slope Inverted 45° 4 x 2 Double with 2 x 2 Recessed","2420#1","2420","plate","Plate 2 x 2 Corner","touch"
"4871#1","4871","slope","Slope Inverted 45° 4 x 2 Double with 2 x 2 Recessed","2420#2","2420","plate","Plate 2 x 2 Corner","touch"
"4871#1","4871","slope","Slope Inverted 45° 4 x 2 Double with 2 x 2 Recessed","4859#1","4859","slope","Wedge Plate 3 x 4 without Stud Notches","touch"
"4871#1","4871","slope","Slope Inverted 45° 4 x 2 Double with 2 x 2 Recessed","3298ps0#1","3298ps0","slope","Slope 33° 3 x 2","touch"
"4871#1","4871","slope","Slope Inverted 45° 4 x 2 Double with 2 x 2 Recessed","3048b#1","3048b","slope","Slope 45° 2 x 1 Triple Smooth","stack"
"4871#1","4871","slope","Slope Inverted 45° 4 x 2 Double with 2 x 2 Recessed","3048b#2","3048b","slope","Slope 45° 2 x 1 Triple Smooth","stack"
"4871#1","4871","slope","Slope Inverted 45° 4 x 2 Double with 2 x 2 Recessed","3794a#1","3794a","plate","Plate Special 1 x 2 with 1 Stud without Groove (Jumper)","stack"
"4871#1","4871","slope","Slope Inverted 45° 4 x 2 Double with 2 x 2 Recessed","3794a#2","3794a","plate","Plate Special 1 x 2 with 1 Stud without Groove (Jumper)","stack"
"4871#1","4871","slope","Slope Inverted 45° 4 x 2 Double with 2 x 2 Recessed","4592#1","4592","bracket","Lever Small Base","touch"
"4871#1","4871","slope","Slope Inverted 45° 4 x 2 Double with 2 x 2 Recessed","4593#1","4593","bracket","Lever Small","touch"
"4871#1","4871","slope","Slope Inverted 45° 4 x 2 Double with 2 x 2 Recessed","4592#2","4592","bracket","Lever Small Base","touch"
"4871#1","4871","slope","Slope Inverted 45° 4 x 2 Double with 2 x 2 Recessed","4593#2","4593","bracket","Lever Small","touch"
"4871#1","4871","slope","Slope Inverted 45° 4 x 2 Double with 2 x 2 Recessed","4-4cyli#25","4-4cyli","other","4-4cyli","touch"
"4871#1","4871","slope","Slope Inverted 45° 4 x 2 Double with 2 x 2 Recessed","4-4edge#3","4-4edge","other","4-4edge","touch"
"4871#1","4871","slope","Slope Inverted 45° 4 x 2 Double with 2 x 2 Recessed","4-4cyli#51","4-4cyli","other","4-4cyli","touch"
"4871#1","4871","slope","Slope Inverted 45° 4 x 2 Double with 2 x 2 Recessed","4-4edge#7","4-4edge","other","4-4edge","touch"
"3020#2","3020","plate","Plate 2 x 4","4855#1","4855","slope","Wedge Sloped Inverted 4 x 4 Triple [2 Connections between Front Studs]","touch"
"3020#2","3020","plate","Plate 2 x 4","4855#2","4855","slope","Wedge Sloped Inverted 4 x 4 Triple [2 Connections between Front Studs]","touch"
"3020#2","3020","plate","Plate 2 x 4","3021#1","3021","plate","Plate 2 x 3","touch"
"3020#2","3020","plate","Plate 2 x 4","2412b#3","2412b","tile","Tile Special 1 x 2 Grille with Bottom Groove","touch"
"3020#2","3020","plate","Plate 2 x 4","3022#2","3022","plate","Plate 2 x 2","touch"
"3020#2","3020","plate","Plate 2 x 4","3002#1","3002","brick","Brick 2 x 3","stack"
"3020#2","3020","plate","Plate 2 x 4","3822ps1#1","3822ps1","panel","Door 1 x 3 x 1 Left","stack"
"3020#2","3020","plate","Plate 2 x 4","3821ps1#1","3821ps1","panel","Door 1 x 3 x 1 Right","stack"
"3020#2","3020","plate","Plate 2 x 4","3623#1","3623","plate","Plate 1 x 3","touch"
"3020#2","3020","plate","Plate 2 x 4","3623#2","3623","plate","Plate 1 x 3","touch"
"3020#2","3020","plate","Plate 2 x 4","4865a#1","4865a","panel","Panel 1 x 2 x 1 [Square Corners]","stack"
"3020#2","3020","plate","Plate 2 x 4","30357#1","30357","plate","Plate Round Corner 3 x 3","touch"
"3020#2","3020","plate","Plate 2 x 4","30357#2","30357","plate","Plate Round Corner 3 x 3","touch"
"3020#2","3020","plate","Plate 2 x 4","3710#1","3710","plate","Plate 1 x 4","stack"
"3020#2","3020","plate","Plate 2 x 4","3710#2","3710","plate","Plate 1 x 4","stack"
"3020#2","3020","plate","Plate 2 x 4","4592#1","4592","bracket","Lever Small Base","stack"
"3020#2","3020","plate","Plate 2 x 4","4593#1","4593","bracket","Lever Small","stack"
"3020#2","3020","plate","Plate 2 x 4","4592#2","4592","bracket","Lever Small Base","stack"
"3020#2","3020","plate","Plate 2 x 4","4593#2","4593","bracket","Lever Small","stack"
"4855#1","4855","slope","Wedge Sloped Inverted 4 x 4 Triple [2 Connections between Front Studs]","4855#2","4855","slope","Wedge Sloped Inverted 4 x 4 Triple [2 Connections between Front Studs]","touch"
"4855#1","4855","slope","Wedge Sloped Inverted 4 x 4 Triple [2 Connections between Front Studs]","3021#1","3021","plate","Plate 2 x 3","touch"
"4855#1","4855","slope","Wedge Sloped Inverted 4 x 4 Triple [2 Connections between Front Studs]","2412b#3","2412b","tile","Tile Special 1 x 2 Grille with Bottom Groove","touch"
"4855#1","4855","slope","Wedge Sloped Inverted 4 x 4 Triple [2 Connections between Front Studs]","3022#2","3022","plate","Plate 2 x 2","touch"
"4855#1","4855","slope","Wedge Sloped Inverted 4 x 4 Triple [2 Connections between Front Studs]","3822ps1#1","3822ps1","panel","Door 1 x 3 x 1 Left","touch"
"4855#1","4855","slope","Wedge Sloped Inverted 4 x 4 Triple [2 Connections between Front Studs]","3821ps1#1","3821ps1","panel","Door 1 x 3 x 1 Right","touch"
"4855#1","4855","slope","Wedge Sloped Inverted 4 x 4 Triple [2 Connections between Front Studs]","3623#1","3623","plate","Plate 1 x 3","touch"
"4855#1","4855","slope","Wedge Sloped Inverted 4 x 4 Triple [2 Connections between Front Studs]","3623#2","3623","plate","Plate 1 x 3","touch"
"4855#1","4855","slope","Wedge Sloped Inverted 4 x 4 Triple [2 Connections between Front Studs]","4865a#1","4865a","panel","Panel 1 x 2 x 1 [Square Corners]","touch"
"4855#1","4855","slope","Wedge Sloped Inverted 4 x 4 Triple [2 Connections between Front Studs]","6231#1","6231","panel","Panel 1 x 1 x 1 Corner","touch"
"4855#1","4855","slope","Wedge Sloped Inverted 4 x 4 Triple [2 Connections between Front Studs]","6231#2","6231","panel","Panel 1 x 1 x 1 Corner","touch"
"4855#1","4855","slope","Wedge Sloped Inverted 4 x 4 Triple [2 Connections between Front Studs]","30357#1","30357","plate","Plate Round Corner 3 x 3","touch"
"4855#1","4855","slope","Wedge Sloped Inverted 4 x 4 Triple [2 Connections between Front Studs]","30357#2","30357","plate","Plate Round Corner 3 x 3","touch"
"4855#1","4855","slope","Wedge Sloped Inverted 4 x 4 Triple [2 Connections between Front Studs]","3710#1","3710","plate","Plate 1 x 4","touch"
"4855#1","4855","slope","Wedge Sloped Inverted 4 x 4 Triple [2 Connections between Front Studs]","3710#2","3710","plate","Plate 1 x 4","touch"
"4855#1","4855","slope","Wedge Sloped Inverted 4 x 4 Triple [2 Connections between Front Studs]","2420#1","2420","plate","Plate 2 x 2 Corner","touch"
"4855#1","4855","slope","Wedge Sloped Inverted 4 x 4 Triple [2 Connections between Front Studs]","2420#2","2420","plate","Plate 2 x 2 Corner","touch"
"4855#1","4855","slope","Wedge Sloped Inverted 4 x 4 Triple [2 Connections between Front Studs]","6019#1","6019","bracket","Plate Special 1 x 1 with Clip Horizontal [Thick U Clip]","touch"
"4855#1","4855","slope","Wedge Sloped Inverted 4 x 4 Triple [2 Connections between Front Studs]","6019#2","6019","bracket","Plate Special 1 x 1 with Clip Horizontal [Thick U Clip]","touch"
"4855#1","4855","slope","Wedge Sloped Inverted 4 x 4 Triple [2 Connections between Front Studs]","6019#3","6019","bracket","Plate Special 1 x 1 with Clip Horizontal [Thick U Clip]","touch"
"4855#1","4855","slope","Wedge Sloped Inverted 4 x 4 Triple [2 Connections between Front Studs]","6019#4","6019","bracket","Plate Special 1 x 1 with Clip Horizontal [Thick U Clip]","touch"
"4855#1","4855","slope","Wedge Sloped Inverted 4 x 4 Triple [2 Connections between Front Studs]","3298ps0#1","3298ps0","slope","Slope 33° 3 x 2","touch"
"4855#1","4855","slope","Wedge Sloped Inverted 4 x 4 Triple [2 Connections between Front Studs]","3048b#1","3048b","slope","Slope 45° 2 x 1 Triple Smooth","stack"
"4855#1","4855","slope","Wedge Sloped Inverted 4 x 4 Triple [2 Connections between Front Studs]","3048b#2","3048b","slope","Slope 45° 2 x 1 Triple Smooth","stack"
"4855#1","4855","slope","Wedge Sloped Inverted 4 x 4 Triple [2 Connections between Front Studs]","3049c#1","3049c","slope","Slope 45° 2 x 1 Double / Inverted with Hollow Bottom","stack"
"4855#1","4855","slope","Wedge Sloped Inverted 4 x 4 Triple [2 Connections between Front Studs]","3049c#2","3049c","slope","Slope 45° 2 x 1 Double / Inverted with Hollow Bottom","stack"
"4855#1","4855","slope","Wedge Sloped Inverted 4 x 4 Triple [2 Connections between Front Studs]","4592#1","4592","bracket","Lever Small Base","touch"
"4855#1","4855","slope","Wedge Sloped Inverted 4 x 4 Triple [2 Connections between Front Studs]","4593#1","4593","bracket","Lever Small","touch"
"4855#1","4855","slope","Wedge Sloped Inverted 4 x 4 Triple [2 Connections between Front Studs]","4592#2","4592","bracket","Lever Small Base","touch"
"4855#1","4855","slope","Wedge Sloped Inverted 4 x 4 Triple [2 Connections between Front Studs]","4593#2","4593","bracket","Lever Small","touch"
"4855#1","4855","slope","Wedge Sloped Inverted 4 x 4 Triple [2 Connections between Front Studs]","4-4ring1#24","4-4ring1","other","4-4ring1","touch"
"4855#1","4855","slope","Wedge Sloped Inverted 4 x 4 Triple [2 Connections between Front Studs]","4-4cyli#25","4-4cyli","other","4-4cyli","touch"
"4855#1","4855","slope","Wedge Sloped Inverted 4 x 4 Triple [2 Connections between Front Studs]","4-4cyli#26","4-4cyli","other","4-4cyli","touch"
"4855#1","4855","slope","Wedge Sloped Inverted 4 x 4 Triple [2 Connections between Front Studs]","4-4edge#3","4-4edge","other","4-4edge","touch"
"4855#1","4855","slope","Wedge Sloped Inverted 4 x 4 Triple [2 Connections between Front Studs]","4-4edge#4","4-4edge","other","4-4edge","touch"
"4855#1","4855","slope","Wedge Sloped Inverted 4 x 4 Triple [2 Connections between Front Studs]","4-4ring1#25","4-4ring1","other","4-4ring1","touch"
"4855#1","4855","slope","Wedge Sloped Inverted 4 x 4 Triple [2 Connections between Front Studs]","4-4ring1#50","4-4ring1","other","4-4ring1","touch"
"4855#1","4855","slope","Wedge Sloped Inverted 4 x 4 Triple [2 Connections between Front Studs]","4-4cyli#51","4-4cyli","other","4-4cyli","touch"
"4855#1","4855","slope","Wedge Sloped Inverted 4 x 4 Triple [2 Connections between Front Studs]","4-4cyli#52","4-4cyli","other","4-4cyli","touch"
"4855#1","4855","slope","Wedge Sloped Inverted 4 x 4 Triple [2 Connections between Front Studs]","4-4edge#7","4-4edge","other","4-4edge","touch"
"4855#1","4855","slope","Wedge Sloped Inverted 4 x 4 Triple [2 Connections between Front Studs]","4-4edge#8","4-4edge","other","4-4edge","touch"
"4855#1","4855","slope","Wedge Sloped Inverted 4 x 4 Triple [2 Connections between Front Studs]","4-4ring1#51","4-4ring1","other","4-4ring1","touch"
"4855#2","4855","slope","Wedge Sloped Inverted 4 x 4 Triple [2 Connections between Front Studs]","3021#1","3021","plate","Plate 2 x 3","touch"
"4855#2","4855","slope","Wedge Sloped Inverted 4 x 4 Triple [2 Connections between Front Studs]","2412b#3","2412b","tile","Tile Special 1 x 2 Grille with Bottom Groove","touch"
"4855#2","4855","slope","Wedge Sloped Inverted 4 x 4 Triple [2 Connections between Front Studs]","3022#2","3022","plate","Plate 2 x 2","touch"
"4855#2","4855","slope","Wedge Sloped Inverted 4 x 4 Triple [2 Connections between Front Studs]","3002#1","3002","brick","Brick 2 x 3","touch"
"4855#2","4855","slope","Wedge Sloped Inverted 4 x 4 Triple [2 Connections between Front Studs]","3660#1","3660","technic","Slope Inverted 45° 2 x 2 [Ovoid Bottom Pin, Bar-sized Stud Holes]","touch"
"4855#2","4855","slope","Wedge Sloped Inverted 4 x 4 Triple [2 Connections between Front Studs]","3822ps1#1","3822ps1","panel","Door 1 x 3 x 1 Left","touch"
"4855#2","4855","slope","Wedge Sloped Inverted 4 x 4 Triple [2 Connections between Front Studs]","3821ps1#1","3821ps1","panel","Door 1 x 3 x 1 Right","touch"
"4855#2","4855","slope","Wedge Sloped Inverted 4 x 4 Triple [2 Connections between Front Studs]","3623#1","3623","plate","Plate 1 x 3","touch"
"4855#2","4855","slope","Wedge Sloped Inverted 4 x 4 Triple [2 Connections between Front Studs]","3623#2","3623","plate","Plate 1 x 3","touch"
"4855#2","4855","slope","Wedge Sloped Inverted 4 x 4 Triple [2 Connections between Front Studs]","4865a#1","4865a","panel","Panel 1 x 2 x 1 [Square Corners]","touch"
"4855#2","4855","slope","Wedge Sloped Inverted 4 x 4 Triple [2 Connections between Front Studs]","6231#1","6231","panel","Panel 1 x 1 x 1 Corner","touch"
"4855#2","4855","slope","Wedge Sloped Inverted 4 x 4 Triple [2 Connections between Front Studs]","6231#2","6231","panel","Panel 1 x 1 x 1 Corner","touch"
"4855#2","4855","slope","Wedge Sloped Inverted 4 x 4 Triple [2 Connections between Front Studs]","30357#1","30357","plate","Plate Round Corner 3 x 3","touch"
"4855#2","4855","slope","Wedge Sloped Inverted 4 x 4 Triple [2 Connections between Front Studs]","30357#2","30357","plate","Plate Round Corner 3 x 3","touch"
"4855#2","4855","slope","Wedge Sloped Inverted 4 x 4 Triple [2 Connections between Front Studs]","2420#1","2420","plate","Plate 2 x 2 Corner","touch"
"4855#2","4855","slope","Wedge Sloped Inverted 4 x 4 Triple [2 Connections between Front Studs]","2420#2","2420","plate","Plate 2 x 2 Corner","touch"
"4855#2","4855","slope","Wedge Sloped Inverted 4 x 4 Triple [2 Connections between Front Studs]","4859#1","4859","slope","Wedge Plate 3 x 4 without Stud Notches","touch"
"4855#2","4855","slope","Wedge Sloped Inverted 4 x 4 Triple [2 Connections between Front Studs]","3794a#1","3794a","plate","Plate Special 1 x 2 with 1 Stud without Groove (Jumper)","stack"
"4855#2","4855","slope","Wedge Sloped Inverted 4 x 4 Triple [2 Connections between Front Studs]","3794a#2","3794a","plate","Plate Special 1 x 2 with 1 Stud without Groove (Jumper)","stack"
"4855#2","4855","slope","Wedge Sloped Inverted 4 x 4 Triple [2 Connections between Front Studs]","3794a#3","3794a","plate","Plate Special 1 x 2 with 1 Stud without Groove (Jumper)","stack"
"4855#2","4855","slope","Wedge Sloped Inverted 4 x 4 Triple [2 Connections between Front Studs]","4592#1","4592","bracket","Lever Small Base","touch"
"4855#2","4855","slope","Wedge Sloped Inverted 4 x 4 Triple [2 Connections between Front Studs]","4593#1","4593","bracket","Lever Small","touch"
"4855#2","4855","slope","Wedge Sloped Inverted 4 x 4 Triple [2 Connections between Front Studs]","4592#2","4592","bracket","Lever Small Base","touch"
"4855#2","4855","slope","Wedge Sloped Inverted 4 x 4 Triple [2 Connections between Front Studs]","4593#2","4593","bracket","Lever Small","touch"
"3021#1","3021","plate","Plate 2 x 3","2412b#3","2412b","tile","Tile Special 1 x 2 Grille with Bottom Groove","touch"
"3021#1","3021","plate","Plate 2 x 3","3822ps1#1","3822ps1","panel","Door 1 x 3 x 1 Left","stack"
"3021#1","3021","plate","Plate 2 x 3","3821ps1#1","3821ps1","panel","Door 1 x 3 x 1 Right","stack"
"3021#1","3021","plate","Plate 2 x 3","3623#1","3623","plate","Plate 1 x 3","touch"
"3021#1","3021","plate","Plate 2 x 3","3623#2","3623","plate","Plate 1 x 3","touch"
"3021#1","3021","plate","Plate 2 x 3","4865a#1","4865a","panel","Panel 1 x 2 x 1 [Square Corners]","stack"
"3021#1","3021","plate","Plate 2 x 3","6231#1","6231","panel","Panel 1 x 1 x 1 Corner","stack"
"3021#1","3021","plate","Plate 2 x 3","6231#2","6231","panel","Panel 1 x 1 x 1 Corner","stack"
"3021#1","3021","plate","Plate 2 x 3","30357#1","30357","plate","Plate Round Corner 3 x 3","touch"
"3021#1","3021","plate","Plate 2 x 3","30357#2","30357","plate","Plate Round Corner 3 x 3","touch"
"3021#1","3021","plate","Plate 2 x 3","3710#1","3710","plate","Plate 1 x 4","touch"
"3021#1","3021","plate","Plate 2 x 3","3710#2","3710","plate","Plate 1 x 4","touch"
"3021#1","3021","plate","Plate 2 x 3","6019#1","6019","bracket","Plate Special 1 x 1 with Clip Horizontal [Thick U Clip]","touch"
"3021#1","3021","plate","Plate 2 x 3","6019#2","6019","bracket","Plate Special 1 x 1 with Clip Horizontal [Thick U Clip]","touch"
"3021#1","3021","plate","Plate 2 x 3","6019#3","6019","bracket","Plate Special 1 x 1 with Clip Horizontal [Thick U Clip]","touch"
"3021#1","3021","plate","Plate 2 x 3","6019#4","6019","bracket","Plate Special 1 x 1 with Clip Horizontal [Thick U Clip]","touch"
"3021#1","3021","plate","Plate 2 x 3","3298ps0#1","3298ps0","slope","Slope 33° 3 x 2","stack"
"3021#1","3021","plate","Plate 2 x 3","4592#1","4592","bracket","Lever Small Base","stack"
"3021#1","3021","plate","Plate 2 x 3","4593#1","4593","bracket","Lever Small","stack"
"3021#1","3021","plate","Plate 2 x 3","4592#2","4592","bracket","Lever Small Base","stack"
"3021#1","3021","plate","Plate 2 x 3","4593#2","4593","bracket","Lever Small","stack"
"3021#1","3021","plate","Plate 2 x 3","4-4cyli#25","4-4cyli","other","4-4cyli","touch"
"3021#1","3021","plate","Plate 2 x 3","4-4edge#3","4-4edge","other","4-4edge","touch"
"3021#1","3021","plate","Plate 2 x 3","4-4cyli#51","4-4cyli","other","4-4cyli","touch"
"3021#1","3021","plate","Plate 2 x 3","4-4edge#7","4-4edge","other","4-4edge","touch"
"2412b#3","2412b","tile","Tile Special 1 x 2 Grille with Bottom Groove","3022#2","3022","plate","Plate 2 x 2","touch"
"2412b#3","2412b","tile","Tile Special 1 x 2 Grille with Bottom Groove","3002#1","3002","brick","Brick 2 x 3","stack"
"2412b#3","2412b","tile","Tile Special 1 x 2 Grille with Bottom Groove","3822ps1#1","3822ps1","panel","Door 1 x 3 x 1 Left","stack"
"2412b#3","2412b","tile","Tile Special 1 x 2 Grille with Bottom Groove","3821ps1#1","3821ps1","panel","Door 1 x 3 x 1 Right","stack"
"2412b#3","2412b","tile","Tile Special 1 x 2 Grille with Bottom Groove","3623#1","3623","plate","Plate 1 x 3","touch"
"2412b#3","2412b","tile","Tile Special 1 x 2 Grille with Bottom Groove","3623#2","3623","plate","Plate 1 x 3","touch"
"2412b#3","2412b","tile","Tile Special 1 x 2 Grille with Bottom Groove","4865a#1","4865a","panel","Panel 1 x 2 x 1 [Square Corners]","stack"
"2412b#3","2412b","tile","Tile Special 1 x 2 Grille with Bottom Groove","6231#1","6231","panel","Panel 1 x 1 x 1 Corner","stack"
"2412b#3","2412b","tile","Tile Special 1 x 2 Grille with Bottom Groove","6231#2","6231","panel","Panel 1 x 1 x 1 Corner","stack"
"2412b#3","2412b","tile","Tile Special 1 x 2 Grille with Bottom Groove","30357#1","30357","plate","Plate Round Corner 3 x 3","touch"
"2412b#3","2412b","tile","Tile Special 1 x 2 Grille with Bottom Groove","30357#2","30357","plate","Plate Round Corner 3 x 3","touch"
"2412b#3","2412b","tile","Tile Special 1 x 2 Grille with Bottom Groove","2420#1","2420","plate","Plate 2 x 2 Corner","stack"
"2412b#3","2412b","tile","Tile Special 1 x 2 Grille with Bottom Groove","2420#2","2420","plate","Plate 2 x 2 Corner","stack"
"2412b#3","2412b","tile","Tile Special 1 x 2 Grille with Bottom Groove","4859#1","4859","slope","Wedge Plate 3 x 4 without Stud Notches","stack"
"2412b#3","2412b","tile","Tile Special 1 x 2 Grille with Bottom Groove","4592#1","4592","bracket","Lever Small Base","stack"
"2412b#3","2412b","tile","Tile Special 1 x 2 Grille with Bottom Groove","4593#1","4593","bracket","Lever Small","stack"
"2412b#3","2412b","tile","Tile Special 1 x 2 Grille with Bottom Groove","4592#2","4592","bracket","Lever Small Base","stack"
"2412b#3","2412b","tile","Tile Special 1 x 2 Grille with Bottom Groove","4593#2","4593","bracket","Lever Small","stack"
"3022#2","3022","plate","Plate 2 x 2","3002#1","3002","brick","Brick 2 x 3","stack"
"3022#2","3022","plate","Plate 2 x 2","3660#1","3660","technic","Slope Inverted 45° 2 x 2 [Ovoid Bottom Pin, Bar-sized Stud Holes]","stack"
"3022#2","3022","plate","Plate 2 x 2","3822ps1#1","3822ps1","panel","Door 1 x 3 x 1 Left","stack"
"3022#2","3022","plate","Plate 2 x 2","3821ps1#1","3821ps1","panel","Door 1 x 3 x 1 Right","stack"
"3022#2","3022","plate","Plate 2 x 2","6231#1","6231","panel","Panel 1 x 1 x 1 Corner","stack"
"3022#2","3022","plate","Plate 2 x 2","6231#2","6231","panel","Panel 1 x 1 x 1 Corner","stack"
"3022#2","3022","plate","Plate 2 x 2","2420#1","2420","plate","Plate 2 x 2 Corner","stack"
"3022#2","3022","plate","Plate 2 x 2","2420#2","2420","plate","Plate 2 x 2 Corner","stack"
"3022#2","3022","plate","Plate 2 x 2","4859#1","4859","slope","Wedge Plate 3 x 4 without Stud Notches","stack"
"3002#1","3002","brick","Brick 2 x 3","3660#1","3660","technic","Slope Inverted 45° 2 x 2 [Ovoid Bottom Pin, Bar-sized Stud Holes]","touch"
"3002#1","3002","brick","Brick 2 x 3","3822ps1#1","3822ps1","panel","Door 1 x 3 x 1 Left","touch"
"3002#1","3002","brick","Brick 2 x 3","3821ps1#1","3821ps1","panel","Door 1 x 3 x 1 Right","touch"
"3002#1","3002","brick","Brick 2 x 3","6231#1","6231","panel","Panel 1 x 1 x 1 Corner","touch"
"3002#1","3002","brick","Brick 2 x 3","6231#2","6231","panel","Panel 1 x 1 x 1 Corner","touch"
"3002#1","3002","brick","Brick 2 x 3","2420#1","2420","plate","Plate 2 x 2 Corner","touch"
"3002#1","3002","brick","Brick 2 x 3","2420#2","2420","plate","Plate 2 x 2 Corner","touch"
"3002#1","3002","brick","Brick 2 x 3","4859#1","4859","slope","Wedge Plate 3 x 4 without Stud Notches","touch"
"3002#1","3002","brick","Brick 2 x 3","3794a#1","3794a","plate","Plate Special 1 x 2 with 1 Stud without Groove (Jumper)","touch"
"3002#1","3002","brick","Brick 2 x 3","3794a#2","3794a","plate","Plate Special 1 x 2 with 1 Stud without Groove (Jumper)","touch"
"3002#1","3002","brick","Brick 2 x 3","3794a#3","3794a","plate","Plate Special 1 x 2 with 1 Stud without Groove (Jumper)","touch"
"3002#1","3002","brick","Brick 2 x 3","4286#1","4286","slope","Slope 33° 3 x 1","stack"
"3660#1","3660","technic","Slope Inverted 45° 2 x 2 [Ovoid Bottom Pin, Bar-sized Stud Holes]","3822ps1#1","3822ps1","panel","Door 1 x 3 x 1 Left","touch"
"3660#1","3660","technic","Slope Inverted 45° 2 x 2 [Ovoid Bottom Pin, Bar-sized Stud Holes]","3821ps1#1","3821ps1","panel","Door 1 x 3 x 1 Right","touch"
"3660#1","3660","technic","Slope Inverted 45° 2 x 2 [Ovoid Bottom Pin, Bar-sized Stud Holes]","4859#1","4859","slope","Wedge Plate 3 x 4 without Stud Notches","touch"
"3660#1","3660","technic","Slope Inverted 45° 2 x 2 [Ovoid Bottom Pin, Bar-sized Stud Holes]","3794a#1","3794a","plate","Plate Special 1 x 2 with 1 Stud without Groove (Jumper)","touch"
"3660#1","3660","technic","Slope Inverted 45° 2 x 2 [Ovoid Bottom Pin, Bar-sized Stud Holes]","3794a#2","3794a","plate","Plate Special 1 x 2 with 1 Stud without Groove (Jumper)","touch"
"3660#1","3660","technic","Slope Inverted 45° 2 x 2 [Ovoid Bottom Pin, Bar-sized Stud Holes]","3794a#3","3794a","plate","Plate Special 1 x 2 with 1 Stud without Groove (Jumper)","touch"
"3660#1","3660","technic","Slope Inverted 45° 2 x 2 [Ovoid Bottom Pin, Bar-sized Stud Holes]","3794a#4","3794a","plate","Plate Special 1 x 2 with 1 Stud without Groove (Jumper)","touch"
"3660#1","3660","technic","Slope Inverted 45° 2 x 2 [Ovoid Bottom Pin, Bar-sized Stud Holes]","6141#1","6141","plate","Plate Round 1 x 1 with Solid Stud","touch"
"3660#1","3660","technic","Slope Inverted 45° 2 x 2 [Ovoid Bottom Pin, Bar-sized Stud Holes]","4286#1","4286","slope","Slope 33° 3 x 1","stack"
"3822ps1#1","3822ps1","panel","Door 1 x 3 x 1 Left","3623#2","3623","plate","Plate 1 x 3","touch"
"3822ps1#1","3822ps1","panel","Door 1 x 3 x 1 Left","4865a#1","4865a","panel","Panel 1 x 2 x 1 [Square Corners]","touch"
"3822ps1#1","3822ps1","panel","Door 1 x 3 x 1 Left","6231#1","6231","panel","Panel 1 x 1 x 1 Corner","touch"
"3822ps1#1","3822ps1","panel","Door 1 x 3 x 1 Left","2420#1","2420","plate","Plate 2 x 2 Corner","touch"
"3822ps1#1","3822ps1","panel","Door 1 x 3 x 1 Left","2420#2","2420","plate","Plate 2 x 2 Corner","touch"
"3822ps1#1","3822ps1","panel","Door 1 x 3 x 1 Left","4859#1","4859","slope","Wedge Plate 3 x 4 without Stud Notches","touch"
"3822ps1#1","3822ps1","panel","Door 1 x 3 x 1 Left","3794a#1","3794a","plate","Plate Special 1 x 2 with 1 Stud without Groove (Jumper)","touch"
"3822ps1#1","3822ps1","panel","Door 1 x 3 x 1 Left","3794a#2","3794a","plate","Plate Special 1 x 2 with 1 Stud without Groove (Jumper)","touch"
"3822ps1#1","3822ps1","panel","Door 1 x 3 x 1 Left","3794a#3","3794a","plate","Plate Special 1 x 2 with 1 Stud without Groove (Jumper)","touch"
"3821ps1#1","3821ps1","panel","Door 1 x 3 x 1 Right","3623#1","3623","plate","Plate 1 x 3","touch"
"3821ps1#1","3821ps1","panel","Door 1 x 3 x 1 Right","4865a#1","4865a","panel","Panel 1 x 2 x 1 [Square Corners]","touch"
"3821ps1#1","3821ps1","panel","Door 1 x 3 x 1 Right","6231#2","6231","panel","Panel 1 x 1 x 1 Corner","touch"
"3821ps1#1","3821ps1","panel","Door 1 x 3 x 1 Right","2420#1","2420","plate","Plate 2 x 2 Corner","touch"
"3821ps1#1","3821ps1","panel","Door 1 x 3 x 1 Right","2420#2","2420","plate","Plate 2 x 2 Corner","touch"
"3821ps1#1","3821ps1","panel","Door 1 x 3 x 1 Right","4859#1","4859","slope","Wedge Plate 3 x 4 without Stud Notches","touch"
"3821ps1#1","3821ps1","panel","Door 1 x 3 x 1 Right","3794a#1","3794a","plate","Plate Special 1 x 2 with 1 Stud without Groove (Jumper)","touch"
"3821ps1#1","3821ps1","panel","Door 1 x 3 x 1 Right","3794a#2","3794a","plate","Plate Special 1 x 2 with 1 Stud without Groove (Jumper)","touch"
"3821ps1#1","3821ps1","panel","Door 1 x 3 x 1 Right","3794a#3","3794a","plate","Plate Special 1 x 2 with 1 Stud without Groove (Jumper)","touch"
"3623#1","3623","plate","Plate 1 x 3","3623#2","3623","plate","Plate 1 x 3","touch"
"3623#1","3623","plate","Plate 1 x 3","4865a#1","4865a","panel","Panel 1 x 2 x 1 [Square Corners]","touch"
"3623#1","3623","plate","Plate 1 x 3","6231#2","6231","panel","Panel 1 x 1 x 1 Corner","stack"
"3623#1","3623","plate","Plate 1 x 3","30357#1","30357","plate","Plate Round Corner 3 x 3","touch"
"3623#1","3623","plate","Plate 1 x 3","30357#2","30357","plate","Plate Round Corner 3 x 3","touch"
"3623#1","3623","plate","Plate 1 x 3","3710#1","3710","plate","Plate 1 x 4","touch"
"3623#1","3623","plate","Plate 1 x 3","3710#2","3710","plate","Plate 1 x 4","touch"
"3623#1","3623","plate","Plate 1 x 3","2420#1","2420","plate","Plate 2 x 2 Corner","stack"
"3623#1","3623","plate","Plate 1 x 3","2420#2","2420","plate","Plate 2 x 2 Corner","stack"
"3623#1","3623","plate","Plate 1 x 3","3298ps0#1","3298ps0","slope","Slope 33° 3 x 2","stack"
"3623#1","3623","plate","Plate 1 x 3","4592#2","4592","bracket","Lever Small Base","touch"
"3623#1","3623","plate","Plate 1 x 3","4593#2","4593","bracket","Lever Small","touch"
"3623#2","3623","plate","Plate 1 x 3","4865a#1","4865a","panel","Panel 1 x 2 x 1 [Square Corners]","touch"
"3623#2","3623","plate","Plate 1 x 3","6231#1","6231","panel","Panel 1 x 1 x 1 Corner","stack"
"3623#2","3623","plate","Plate 1 x 3","30357#1","30357","plate","Plate Round Corner 3 x 3","touch"
"3623#2","3623","plate","Plate 1 x 3","30357#2","30357","plate","Plate Round Corner 3 x 3","touch"
"3623#2","3623","plate","Plate 1 x 3","3710#1","3710","plate","Plate 1 x 4","touch"
"3623#2","3623","plate","Plate 1 x 3","3710#2","3710","plate","Plate 1 x 4","touch"
"3623#2","3623","plate","Plate 1 x 3","2420#1","2420","plate","Plate 2 x 2 Corner","stack"
"3623#2","3623","plate","Plate 1 x 3","2420#2","2420","plate","Plate 2 x 2 Corner","stack"
"3623#2","3623","plate","Plate 1 x 3","3298ps0#1","3298ps0","slope","Slope 33° 3 x 2","stack"
"3623#2","3623","plate","Plate 1 x 3","4592#1","4592","bracket","Lever Small Base","touch"
"3623#2","3623","plate","Plate 1 x 3","4593#1","4593","bracket","Lever Small","touch"
"4865a#1","4865a","panel","Panel 1 x 2 x 1 [Square Corners]","6231#1","6231","panel","Panel 1 x 1 x 1 Corner","touch"
"4865a#1","4865a","panel","Panel 1 x 2 x 1 [Square Corners]","6231#2","6231","panel","Panel 1 x 1 x 1 Corner","touch"
"4865a#1","4865a","panel","Panel 1 x 2 x 1 [Square Corners]","30357#1","30357","plate","Plate Round Corner 3 x 3","touch"
"4865a#1","4865a","panel","Panel 1 x 2 x 1 [Square Corners]","30357#2","30357","plate","Plate Round Corner 3 x 3","touch"
"4865a#1","4865a","panel","Panel 1 x 2 x 1 [Square Corners]","3710#1","3710","plate","Plate 1 x 4","touch"
"4865a#1","4865a","panel","Panel 1 x 2 x 1 [Square Corners]","3710#2","3710","plate","Plate 1 x 4","touch"
"4865a#1","4865a","panel","Panel 1 x 2 x 1 [Square Corners]","3298ps0#1","3298ps0","slope","Slope 33° 3 x 2","touch"
"4865a#1","4865a","panel","Panel 1 x 2 x 1 [Square Corners]","3048b#1","3048b","slope","Slope 45° 2 x 1 Triple Smooth","touch"
"4865a#1","4865a","panel","Panel 1 x 2 x 1 [Square Corners]","3048b#2","3048b","slope","Slope 45° 2 x 1 Triple Smooth","touch"
"4865a#1","4865a","panel","Panel 1 x 2 x 1 [Square Corners]","4592#1","4592","bracket","Lever Small Base","touch"
"4865a#1","4865a","panel","Panel 1 x 2 x 1 [Square Corners]","4593#1","4593","bracket","Lever Small","touch"
"4865a#1","4865a","panel","Panel 1 x 2 x 1 [Square Corners]","4592#2","4592","bracket","Lever Small Base","touch"
"4865a#1","4865a","panel","Panel 1 x 2 x 1 [Square Corners]","4593#2","4593","bracket","Lever Small","touch"
"6231#1","6231","panel","Panel 1 x 1 x 1 Corner","2420#1","2420","plate","Plate 2 x 2 Corner","touch"
"6231#1","6231","panel","Panel 1 x 1 x 1 Corner","2420#2","2420","plate","Plate 2 x 2 Corner","touch"
"6231#1","6231","panel","Panel 1 x 1 x 1 Corner","3794a#1","3794a","plate","Plate Special 1 x 2 with 1 Stud without Groove (Jumper)","touch"
"6231#2","6231","panel","Panel 1 x 1 x 1 Corner","2420#1","2420","plate","Plate 2 x 2 Corner","touch"
"6231#2","6231","panel","Panel 1 x 1 x 1 Corner","2420#2","2420","plate","Plate 2 x 2 Corner","touch"
"6231#2","6231","panel","Panel 1 x 1 x 1 Corner","3794a#1","3794a","plate","Plate Special 1 x 2 with 1 Stud without Groove (Jumper)","touch"
"30357#1","30357","plate","Plate Round Corner 3 x 3","30357#2","30357","plate","Plate Round Corner 3 x 3","touch"
"30357#1","30357","plate","Plate Round Corner 3 x 3","3710#1","3710","plate","Plate 1 x 4","touch"
"30357#1","30357","plate","Plate Round Corner 3 x 3","3710#2","3710","plate","Plate 1 x 4","touch"
"30357#1","30357","plate","Plate Round Corner 3 x 3","6019#3","6019","bracket","Plate Special 1 x 1 with Clip Horizontal [Thick U Clip]","touch"
"30357#1","30357","plate","Plate Round Corner 3 x 3","6019#4","6019","bracket","Plate Special 1 x 1 with Clip Horizontal [Thick U Clip]","touch"
"30357#1","30357","plate","Plate Round Corner 3 x 3","3298ps0#1","3298ps0","slope","Slope 33° 3 x 2","stack"
"30357#1","30357","plate","Plate Round Corner 3 x 3","3048b#1","3048b","slope","Slope 45° 2 x 1 Triple Smooth","stack"
"30357#1","30357","plate","Plate Round Corner 3 x 3","3048b#2","3048b","slope","Slope 45° 2 x 1 Triple Smooth","stack"
"30357#1","30357","plate","Plate Round Corner 3 x 3","3049c#1","3049c","slope","Slope 45° 2 x 1 Double / Inverted with Hollow Bottom","stack"
"30357#1","30357","plate","Plate Round Corner 3 x 3","4592#1","4592","bracket","Lever Small Base","touch"
"30357#1","30357","plate","Plate Round Corner 3 x 3","4593#1","4593","bracket","Lever Small","touch"
"30357#1","30357","plate","Plate Round Corner 3 x 3","4592#2","4592","bracket","Lever Small Base","touch"
"30357#1","30357","plate","Plate Round Corner 3 x 3","4593#2","4593","bracket","Lever Small","touch"
"30357#1","30357","plate","Plate Round Corner 3 x 3","4-4cyli#19","4-4cyli","other","4-4cyli","touch"
"30357#1","30357","plate","Plate Round Corner 3 x 3","4-4cyli#21","4-4cyli","other","4-4cyli","touch"
"30357#1","30357","plate","Plate Round Corner 3 x 3","4-4cyli#23","4-4cyli","other","4-4cyli","touch"
"30357#1","30357","plate","Plate Round Corner 3 x 3","4-4ring1#24","4-4ring1","other","4-4ring1","touch"
"30357#1","30357","plate","Plate Round Corner 3 x 3","4-4cyli#25","4-4cyli","other","4-4cyli","touch"
"30357#1","30357","plate","Plate Round Corner 3 x 3","4-4cyli#26","4-4cyli","other","4-4cyli","touch"
"30357#1","30357","plate","Plate Round Corner 3 x 3","4-4edge#3","4-4edge","other","4-4edge","touch"
"30357#1","30357","plate","Plate Round Corner 3 x 3","4-4edge#4","4-4edge","other","4-4edge","touch"
"30357#1","30357","plate","Plate Round Corner 3 x 3","4-4ring1#25","4-4ring1","other","4-4ring1","touch"
"30357#1","30357","plate","Plate Round Corner 3 x 3","4-4ring1#26","4-4ring1","other","4-4ring1","touch"
"30357#1","30357","plate","Plate Round Corner 3 x 3","4-4cyli#51","4-4cyli","other","4-4cyli","touch"
"30357#1","30357","plate","Plate Round Corner 3 x 3","4-4edge#7","4-4edge","other","4-4edge","touch"
"30357#2","30357","plate","Plate Round Corner 3 x 3","3710#1","3710","plate","Plate 1 x 4","touch"
"30357#2","30357","plate","Plate Round Corner 3 x 3","3710#2","3710","plate","Plate 1 x 4","touch"
"30357#2","30357","plate","Plate Round Corner 3 x 3","6019#1","6019","bracket","Plate Special 1 x 1 with Clip Horizontal [Thick U Clip]","touch"
"30357#2","30357","plate","Plate Round Corner 3 x 3","6019#2","6019","bracket","Plate Special 1 x 1 with Clip Horizontal [Thick U Clip]","touch"
"30357#2","30357","plate","Plate Round Corner 3 x 3","3298ps0#1","3298ps0","slope","Slope 33° 3 x 2","stack"
"30357#2","30357","plate","Plate Round Corner 3 x 3","3048b#1","3048b","slope","Slope 45° 2 x 1 Triple Smooth","stack"
"30357#2","30357","plate","Plate Round Corner 3 x 3","3048b#2","3048b","slope","Slope 45° 2 x 1 Triple Smooth","stack"
"30357#2","30357","plate","Plate Round Corner 3 x 3","3049c#2","3049c","slope","Slope 45° 2 x 1 Double / Inverted with Hollow Bottom","stack"
"30357#2","30357","plate","Plate Round Corner 3 x 3","4592#1","4592","bracket","Lever Small Base","touch"
"30357#2","30357","plate","Plate Round Corner 3 x 3","4593#1","4593","bracket","Lever Small","touch"
"30357#2","30357","plate","Plate Round Corner 3 x 3","4592#2","4592","bracket","Lever Small Base","touch"
"30357#2","30357","plate","Plate Round Corner 3 x 3","4593#2","4593","bracket","Lever Small","touch"
"30357#2","30357","plate","Plate Round Corner 3 x 3","4-4cyli#25","4-4cyli","other","4-4cyli","touch"
"30357#2","30357","plate","Plate Round Corner 3 x 3","4-4edge#3","4-4edge","other","4-4edge","touch"
"30357#2","30357","plate","Plate Round Corner 3 x 3","4-4cyli#45","4-4cyli","other","4-4cyli","touch"
"30357#2","30357","plate","Plate Round Corner 3 x 3","4-4cyli#47","4-4cyli","other","4-4cyli","touch"
"30357#2","30357","plate","Plate Round Corner 3 x 3","4-4cyli#49","4-4cyli","other","4-4cyli","touch"
"30357#2","30357","plate","Plate Round Corner 3 x 3","4-4ring1#50","4-4ring1","other","4-4ring1","touch"
"30357#2","30357","plate","Plate Round Corner 3 x 3","4-4cyli#51","4-4cyli","other","4-4cyli","touch"
"30357#2","30357","plate","Plate Round Corner 3 x 3","4-4cyli#52","4-4cyli","other","4-4cyli","touch"
"30357#2","30357","plate","Plate Round Corner 3 x 3","4-4edge#7","4-4edge","other","4-4edge","touch"
"30357#2","30357","plate","Plate Round Corner 3 x 3","4-4edge#8","4-4edge","other","4-4edge","touch"
"30357#2","30357","plate","Plate Round Corner 3 x 3","4-4ring1#51","4-4ring1","other","4-4ring1","touch"
"30357#2","30357","plate","Plate Round Corner 3 x 3","4-4ring1#52","4-4ring1","other","4-4ring1","touch"
"3710#1","3710","plate","Plate 1 x 4","3710#2","3710","plate","Plate 1 x 4","touch"
"3710#1","3710","plate","Plate 1 x 4","6019#1","6019","bracket","Plate Special 1 x 1 with Clip Horizontal [Thick U Clip]","touch"
"3710#1","3710","plate","Plate 1 x 4","6019#2","6019","bracket","Plate Special 1 x 1 with Clip Horizontal [Thick U Clip]","touch"
"3710#1","3710","plate","Plate 1 x 4","3298ps0#1","3298ps0","slope","Slope 33° 3 x 2","touch"
"3710#1","3710","plate","Plate 1 x 4","3048b#1","3048b","slope","Slope 45° 2 x 1 Triple Smooth","stack"
"3710#1","3710","plate","Plate 1 x 4","3048b#2","3048b","slope","Slope 45° 2 x 1 Triple Smooth","stack"
"3710#1","3710","plate","Plate 1 x 4","3049c#2","3049c","slope","Slope 45° 2 x 1 Double / Inverted with Hollow Bottom","stack"
"3710#1","3710","plate","Plate 1 x 4","4592#1","4592","bracket","Lever Small Base","touch"
"3710#1","3710","plate","Plate 1 x 4","4593#1","4593","bracket","Lever Small","touch"
"3710#1","3710","plate","Plate 1 x 4","4592#2","4592","bracket","Lever Small Base","touch"
"3710#1","3710","plate","Plate 1 x 4","4593#2","4593","bracket","Lever Small","touch"
"3710#1","3710","plate","Plate 1 x 4","4-4cyli#51","4-4cyli","other","4-4cyli","touch"
"3710#1","3710","plate","Plate 1 x 4","4-4cyli#52","4-4cyli","other","4-4cyli","touch"
"3710#1","3710","plate","Plate 1 x 4","4-4edge#7","4-4edge","other","4-4edge","touch"
"3710#1","3710","plate","Plate 1 x 4","4-4edge#8","4-4edge","other","4-4edge","touch"
"3710#1","3710","plate","Plate 1 x 4","4-4ring1#51","4-4ring1","other","4-4ring1","touch"
"3710#2","3710","plate","Plate 1 x 4","6019#3","6019","bracket","Plate Special 1 x 1 with Clip Horizontal [Thick U Clip]","touch"
"3710#2","3710","plate","Plate 1 x 4","6019#4","6019","bracket","Plate Special 1 x 1 with Clip Horizontal [Thick U Clip]","touch"
"3710#2","3710","plate","Plate 1 x 4","3298ps0#1","3298ps0","slope","Slope 33° 3 x 2","touch"
"3710#2","3710","plate","Plate 1 x 4","3048b#1","3048b","slope","Slope 45° 2 x 1 Triple Smooth","stack"
"3710#2","3710","plate","Plate 1 x 4","3048b#2","3048b","slope","Slope 45° 2 x 1 Triple Smooth","stack"
"3710#2","3710","plate","Plate 1 x 4","3049c#1","3049c","slope","Slope 45° 2 x 1 Double / Inverted with Hollow Bottom","stack"
"3710#2","3710","plate","Plate 1 x 4","4592#1","4592","bracket","Lever Small Base","touch"
"3710#2","3710","plate","Plate 1 x 4","4593#1","4593","bracket","Lever Small","touch"
"3710#2","3710","plate","Plate 1 x 4","4592#2","4592","bracket","Lever Small Base","touch"
"3710#2","3710","plate","Plate 1 x 4","4593#2","4593","bracket","Lever Small","touch"
"3710#2","3710","plate","Plate 1 x 4","4-4cyli#25","4-4cyli","other","4-4cyli","touch"
"3710#2","3710","plate","Plate 1 x 4","4-4cyli#26","4-4cyli","other","4-4cyli","touch"
"3710#2","3710","plate","Plate 1 x 4","4-4edge#3","4-4edge","other","4-4edge","touch"
"3710#2","3710","plate","Plate 1 x 4","4-4edge#4","4-4edge","other","4-4edge","touch"
"3710#2","3710","plate","Plate 1 x 4","4-4ring1#25","4-4ring1","other","4-4ring1","touch"
"2420#1","2420","plate","Plate 2 x 2 Corner","2420#2","2420","plate","Plate 2 x 2 Corner","touch"
"2420#1","2420","plate","Plate 2 x 2 Corner","4859#1","4859","slope","Wedge Plate 3 x 4 without Stud Notches","touch"
"2420#1","2420","plate","Plate 2 x 2 Corner","3794a#1","3794a","plate","Plate Special 1 x 2 with 1 Stud without Groove (Jumper)","touch"
"2420#1","2420","plate","Plate 2 x 2 Corner","3794a#2","3794a","plate","Plate Special 1 x 2 with 1 Stud without Groove (Jumper)","touch"
"2420#1","2420","plate","Plate 2 x 2 Corner","4286#1","4286","slope","Slope 33° 3 x 1","stack"
"2420#2","2420","plate","Plate 2 x 2 Corner","4859#1","4859","slope","Wedge Plate 3 x 4 without Stud Notches","touch"
"2420#2","2420","plate","Plate 2 x 2 Corner","3794a#1","3794a","plate","Plate Special 1 x 2 with 1 Stud without Groove (Jumper)","touch"
"2420#2","2420","plate","Plate 2 x 2 Corner","3794a#2","3794a","plate","Plate Special 1 x 2 with 1 Stud without Groove (Jumper)","touch"
"2420#2","2420","plate","Plate 2 x 2 Corner","4286#1","4286","slope","Slope 33° 3 x 1","stack"
"4859#1","4859","slope","Wedge Plate 3 x 4 without Stud Notches","3794a#1","3794a","plate","Plate Special 1 x 2 with 1 Stud without Groove (Jumper)","touch"
"4859#1","4859","slope","Wedge Plate 3 x 4 without Stud Notches","3794a#2","3794a","plate","Plate Special 1 x 2 with 1 Stud without Groove (Jumper)","touch"
"4859#1","4859","slope","Wedge Plate 3 x 4 without Stud Notches","3794a#3","3794a","plate","Plate Special 1 x 2 with 1 Stud without Groove (Jumper)","touch"
"4859#1","4859","slope","Wedge Plate 3 x 4 without Stud Notches","3794a#4","3794a","plate","Plate Special 1 x 2 with 1 Stud without Groove (Jumper)","touch"
"4859#1","4859","slope","Wedge Plate 3 x 4 without Stud Notches","6141#1","6141","plate","Plate Round 1 x 1 with Solid Stud","touch"
"4859#1","4859","slope","Wedge Plate 3 x 4 without Stud Notches","4286#1","4286","slope","Slope 33° 3 x 1","touch"
"6019#1","6019","bracket","Plate Special 1 x 1 with Clip Horizontal [Thick U Clip]","6019#2","6019","bracket","Plate Special 1 x 1 with Clip Horizontal [Thick U Clip]","touch"
"6019#1","6019","bracket","Plate Special 1 x 1 with Clip Horizontal [Thick U Clip]","3298ps0#1","3298ps0","slope","Slope 33° 3 x 2","touch"
"6019#1","6019","bracket","Plate Special 1 x 1 with Clip Horizontal [Thick U Clip]","3048b#2","3048b","slope","Slope 45° 2 x 1 Triple Smooth","stack"
"6019#1","6019","bracket","Plate Special 1 x 1 with Clip Horizontal [Thick U Clip]","3049c#2","3049c","slope","Slope 45° 2 x 1 Double / Inverted with Hollow Bottom","stack"
"6019#1","6019","bracket","Plate Special 1 x 1 with Clip Horizontal [Thick U Clip]","4592#2","4592","bracket","Lever Small Base","touch"
"6019#1","6019","bracket","Plate Special 1 x 1 with Clip Horizontal [Thick U Clip]","4593#2","4593","bracket","Lever Small","touch"
"6019#1","6019","bracket","Plate Special 1 x 1 with Clip Horizontal [Thick U Clip]","4-4cyli#51","4-4cyli","other","4-4cyli","touch"
"6019#1","6019","bracket","Plate Special 1 x 1 with Clip Horizontal [Thick U Clip]","4-4cyli#52","4-4cyli","other","4-4cyli","touch"
"6019#1","6019","bracket","Plate Special 1 x 1 with Clip Horizontal [Thick U Clip]","4-4edge#7","4-4edge","other","4-4edge","touch"
"6019#1","6019","bracket","Plate Special 1 x 1 with Clip Horizontal [Thick U Clip]","4-4edge#8","4-4edge","other","4-4edge","touch"
"6019#1","6019","bracket","Plate Special 1 x 1 with Clip Horizontal [Thick U Clip]","4-4ring1#51","4-4ring1","other","4-4ring1","touch"
"6019#2","6019","bracket","Plate Special 1 x 1 with Clip Horizontal [Thick U Clip]","3298ps0#1","3298ps0","slope","Slope 33° 3 x 2","touch"
"6019#2","6019","bracket","Plate Special 1 x 1 with Clip Horizontal [Thick U Clip]","3048b#2","3048b","slope","Slope 45° 2 x 1 Triple Smooth","stack"
"6019#2","6019","bracket","Plate Special 1 x 1 with Clip Horizontal [Thick U Clip]","3049c#2","3049c","slope","Slope 45° 2 x 1 Double / Inverted with Hollow Bottom","stack"
"6019#2","6019","bracket","Plate Special 1 x 1 with Clip Horizontal [Thick U Clip]","4-4ring1#44","4-4ring1","other","4-4ring1","touch"
"6019#2","6019","bracket","Plate Special 1 x 1 with Clip Horizontal [Thick U Clip]","4-4cyli#45","4-4cyli","other","4-4cyli","touch"
"6019#2","6019","bracket","Plate Special 1 x 1 with Clip Horizontal [Thick U Clip]","4-4ring1#46","4-4ring1","other","4-4ring1","touch"
"6019#2","6019","bracket","Plate Special 1 x 1 with Clip Horizontal [Thick U Clip]","4-4cyli#47","4-4cyli","other","4-4cyli","touch"
"6019#2","6019","bracket","Plate Special 1 x 1 with Clip Horizontal [Thick U Clip]","4-4cyli#48","4-4cyli","other","4-4cyli","touch"
"6019#2","6019","bracket","Plate Special 1 x 1 with Clip Horizontal [Thick U Clip]","4-4ring1#47","4-4ring1","other","4-4ring1","touch"
"6019#2","6019","bracket","Plate Special 1 x 1 with Clip Horizontal [Thick U Clip]","4-4ring1#48","4-4ring1","other","4-4ring1","touch"
"6019#2","6019","bracket","Plate Special 1 x 1 with Clip Horizontal [Thick U Clip]","4-4cyli#49","4-4cyli","other","4-4cyli","touch"
"6019#2","6019","bracket","Plate Special 1 x 1 with Clip Horizontal [Thick U Clip]","4-4cyli#50","4-4cyli","other","4-4cyli","touch"
"6019#2","6019","bracket","Plate Special 1 x 1 with Clip Horizontal [Thick U Clip]","4-4ring1#49","4-4ring1","other","4-4ring1","touch"
"6019#2","6019","bracket","Plate Special 1 x 1 with Clip Horizontal [Thick U Clip]","4-4ring1#50","4-4ring1","other","4-4ring1","touch"
"6019#2","6019","bracket","Plate Special 1 x 1 with Clip Horizontal [Thick U Clip]","4-4ring1#52","4-4ring1","other","4-4ring1","touch"
"6019#3","6019","bracket","Plate Special 1 x 1 with Clip Horizontal [Thick U Clip]","6019#4","6019","bracket","Plate Special 1 x 1 with Clip Horizontal [Thick U Clip]","touch"
"6019#3","6019","bracket","Plate Special 1 x 1 with Clip Horizontal [Thick U Clip]","3298ps0#1","3298ps0","slope","Slope 33° 3 x 2","touch"
"6019#3","6019","bracket","Plate Special 1 x 1 with Clip Horizontal [Thick U Clip]","3048b#1","3048b","slope","Slope 45° 2 x 1 Triple Smooth","stack"
"6019#3","6019","bracket","Plate Special 1 x 1 with Clip Horizontal [Thick U Clip]","3049c#1","3049c","slope","Slope 45° 2 x 1 Double / Inverted with Hollow Bottom","stack"
"6019#3","6019","bracket","Plate Special 1 x 1 with Clip Horizontal [Thick U Clip]","4-4ring1#18","4-4ring1","other","4-4ring1","touch"
"6019#3","6019","bracket","Plate Special 1 x 1 with Clip Horizontal [Thick U Clip]","4-4cyli#19","4-4cyli","other","4-4cyli","touch"
"6019#3","6019","bracket","Plate Special 1 x 1 with Clip Horizontal [Thick U Clip]","4-4ring1#20","4-4ring1","other","4-4ring1","touch"
"6019#3","6019","bracket","Plate Special 1 x 1 with Clip Horizontal [Thick U Clip]","4-4cyli#21","4-4cyli","other","4-4cyli","touch"
"6019#3","6019","bracket","Plate Special 1 x 1 with Clip Horizontal [Thick U Clip]","4-4cyli#22","4-4cyli","other","4-4cyli","touch"
"6019#3","6019","bracket","Plate Special 1 x 1 with Clip Horizontal [Thick U Clip]","4-4ring1#21","4-4ring1","other","4-4ring1","touch"
"6019#3","6019","bracket","Plate Special 1 x 1 with Clip Horizontal [Thick U Clip]","4-4ring1#22","4-4ring1","other","4-4ring1","touch"
"6019#3","6019","bracket","Plate Special 1 x 1 with Clip Horizontal [Thick U Clip]","4-4cyli#23","4-4cyli","other","4-4cyli","touch"
"6019#3","6019","bracket","Plate Special 1 x 1 with Clip Horizontal [Thick U Clip]","4-4cyli#24","4-4cyli","other","4-4cyli","touch"
"6019#3","6019","bracket","Plate Special 1 x 1 with Clip Horizontal [Thick U Clip]","4-4ring1#23","4-4ring1","other","4-4ring1","touch"
"6019#3","6019","bracket","Plate Special 1 x 1 with Clip Horizontal [Thick U Clip]","4-4ring1#24","4-4ring1","other","4-4ring1","touch"
"6019#3","6019","bracket","Plate Special 1 x 1 with Clip Horizontal [Thick U Clip]","4-4ring1#26","4-4ring1","other","4-4ring1","touch"
"6019#4","6019","bracket","Plate Special 1 x 1 with Clip Horizontal [Thick U Clip]","3298ps0#1","3298ps0","slope","Slope 33° 3 x 2","touch"
"6019#4","6019","bracket","Plate Special 1 x 1 with Clip Horizontal [Thick U Clip]","3048b#1","3048b","slope","Slope 45° 2 x 1 Triple Smooth","stack"
"6019#4","6019","bracket","Plate Special 1 x 1 with Clip Horizontal [Thick U Clip]","3049c#1","3049c","slope","Slope 45° 2 x 1 Double / Inverted with Hollow Bottom","stack"
"6019#4","6019","bracket","Plate Special 1 x 1 with Clip Horizontal [Thick U Clip]","4592#1","4592","bracket","Lever Small Base","touch"
"6019#4","6019","bracket","Plate Special 1 x 1 with Clip Horizontal [Thick U Clip]","4593#1","4593","bracket","Lever Small","touch"
"6019#4","6019","bracket","Plate Special 1 x 1 with Clip Horizontal [Thick U Clip]","4-4cyli#25","4-4cyli","other","4-4cyli","touch"
"6019#4","6019","bracket","Plate Special 1 x 1 with Clip Horizontal [Thick U Clip]","4-4cyli#26","4-4cyli","other","4-4cyli","touch"
"6019#4","6019","bracket","Plate Special 1 x 1 with Clip Horizontal [Thick U Clip]","4-4edge#3","4-4edge","other","4-4edge","touch"
"6019#4","6019","bracket","Plate Special 1 x 1 with Clip Horizontal [Thick U Clip]","4-4edge#4","4-4edge","other","4-4edge","touch"
"6019#4","6019","bracket","Plate Special 1 x 1 with Clip Horizontal [Thick U Clip]","4-4ring1#25","4-4ring1","other","4-4ring1","touch"
"3298ps0#1","3298ps0","slope","Slope 33° 3 x 2","3048b#1","3048b","slope","Slope 45° 2 x 1 Triple Smooth","touch"
"3298ps0#1","3298ps0","slope","Slope 33° 3 x 2","3048b#2","3048b","slope","Slope 45° 2 x 1 Triple Smooth","touch"
"3298ps0#1","3298ps0","slope","Slope 33° 3 x 2","3049c#1","3049c","slope","Slope 45° 2 x 1 Double / Inverted with Hollow Bottom","touch"
"3298ps0#1","3298ps0","slope","Slope 33° 3 x 2","3049c#2","3049c","slope","Slope 45° 2 x 1 Double / Inverted with Hollow Bottom","touch"
"3298ps0#1","3298ps0","slope","Slope 33° 3 x 2","4592#1","4592","bracket","Lever Small Base","touch"
"3298ps0#1","3298ps0","slope","Slope 33° 3 x 2","4593#1","4593","bracket","Lever Small","touch"
"3298ps0#1","3298ps0","slope","Slope 33° 3 x 2","4592#2","4592","bracket","Lever Small Base","touch"
"3298ps0#1","3298ps0","slope","Slope 33° 3 x 2","4593#2","4593","bracket","Lever Small","touch"
"3298ps0#1","3298ps0","slope","Slope 33° 3 x 2","4-4cyli#25","4-4cyli","other","4-4cyli","touch"
"3298ps0#1","3298ps0","slope","Slope 33° 3 x 2","4-4edge#3","4-4edge","other","4-4edge","touch"
"3298ps0#1","3298ps0","slope","Slope 33° 3 x 2","4-4cyli#51","4-4cyli","other","4-4cyli","touch"
"3298ps0#1","3298ps0","slope","Slope 33° 3 x 2","4-4edge#7","4-4edge","other","4-4edge","touch"
"3048b#1","3048b","slope","Slope 45° 2 x 1 Triple Smooth","3049c#1","3049c","slope","Slope 45° 2 x 1 Double / Inverted with Hollow Bottom","touch"
"3048b#1","3048b","slope","Slope 45° 2 x 1 Triple Smooth","4592#1","4592","bracket","Lever Small Base","touch"
"3048b#1","3048b","slope","Slope 45° 2 x 1 Triple Smooth","4593#1","4593","bracket","Lever Small","touch"
"3048b#1","3048b","slope","Slope 45° 2 x 1 Triple Smooth","4-4cyli#19","4-4cyli","other","4-4cyli","stack"
"3048b#1","3048b","slope","Slope 45° 2 x 1 Triple Smooth","4-4cyli#21","4-4cyli","other","4-4cyli","stack"
"3048b#1","3048b","slope","Slope 45° 2 x 1 Triple Smooth","4-4cyli#23","4-4cyli","other","4-4cyli","stack"
"3048b#1","3048b","slope","Slope 45° 2 x 1 Triple Smooth","4-4ring1#24","4-4ring1","other","4-4ring1","stack"
"3048b#1","3048b","slope","Slope 45° 2 x 1 Triple Smooth","4-4cyli#25","4-4cyli","other","4-4cyli","stack"
"3048b#1","3048b","slope","Slope 45° 2 x 1 Triple Smooth","4-4cyli#26","4-4cyli","other","4-4cyli","stack"
"3048b#1","3048b","slope","Slope 45° 2 x 1 Triple Smooth","4-4edge#3","4-4edge","other","4-4edge","stack"
"3048b#1","3048b","slope","Slope 45° 2 x 1 Triple Smooth","4-4edge#4","4-4edge","other","4-4edge","stack"
"3048b#1","3048b","slope","Slope 45° 2 x 1 Triple Smooth","4-4ring1#25","4-4ring1","other","4-4ring1","stack"
"3048b#1","3048b","slope","Slope 45° 2 x 1 Triple Smooth","4-4ring1#26","4-4ring1","other","4-4ring1","stack"
"3048b#2","3048b","slope","Slope 45° 2 x 1 Triple Smooth","3049c#2","3049c","slope","Slope 45° 2 x 1 Double / Inverted with Hollow Bottom","touch"
"3048b#2","3048b","slope","Slope 45° 2 x 1 Triple Smooth","4592#2","4592","bracket","Lever Small Base","touch"
"3048b#2","3048b","slope","Slope 45° 2 x 1 Triple Smooth","4593#2","4593","bracket","Lever Small","touch"
"3048b#2","3048b","slope","Slope 45° 2 x 1 Triple Smooth","4-4cyli#45","4-4cyli","other","4-4cyli","stack"
"3048b#2","3048b","slope","Slope 45° 2 x 1 Triple Smooth","4-4cyli#47","4-4cyli","other","4-4cyli","stack"
"3048b#2","3048b","slope","Slope 45° 2 x 1 Triple Smooth","4-4cyli#49","4-4cyli","other","4-4cyli","stack"
"3048b#2","3048b","slope","Slope 45° 2 x 1 Triple Smooth","4-4ring1#50","4-4ring1","other","4-4ring1","stack"
"3048b#2","3048b","slope","Slope 45° 2 x 1 Triple Smooth","4-4cyli#51","4-4cyli","other","4-4cyli","stack"
"3048b#2","3048b","slope","Slope 45° 2 x 1 Triple Smooth","4-4cyli#52","4-4cyli","other","4-4cyli","stack"
"3048b#2","3048b","slope","Slope 45° 2 x 1 Triple Smooth","4-4edge#7","4-4edge","other","4-4edge","stack"
"3048b#2","3048b","slope","Slope 45° 2 x 1 Triple Smooth","4-4edge#8","4-4edge","other","4-4edge","stack"
"3048b#2","3048b","slope","Slope 45° 2 x 1 Triple Smooth","4-4ring1#51","4-4ring1","other","4-4ring1","stack"
"3048b#2","3048b","slope","Slope 45° 2 x 1 Triple Smooth","4-4ring1#52","4-4ring1","other","4-4ring1","stack"
"3794a#1","3794a","plate","Plate Special 1 x 2 with 1 Stud without Groove (Jumper)","3794a#2","3794a","plate","Plate Special 1 x 2 with 1 Stud without Groove (Jumper)","touch"
"3794a#1","3794a","plate","Plate Special 1 x 2 with 1 Stud without Groove (Jumper)","3794a#3","3794a","plate","Plate Special 1 x 2 with 1 Stud without Groove (Jumper)","touch"
"3794a#1","3794a","plate","Plate Special 1 x 2 with 1 Stud without Groove (Jumper)","4286#1","4286","slope","Slope 33° 3 x 1","stack"
"3794a#2","3794a","plate","Plate Special 1 x 2 with 1 Stud without Groove (Jumper)","3794a#3","3794a","plate","Plate Special 1 x 2 with 1 Stud without Groove (Jumper)","touch"
"3794a#2","3794a","plate","Plate Special 1 x 2 with 1 Stud without Groove (Jumper)","3794a#4","3794a","plate","Plate Special 1 x 2 with 1 Stud without Groove (Jumper)","touch"
"3794a#2","3794a","plate","Plate Special 1 x 2 with 1 Stud without Groove (Jumper)","6141#1","6141","plate","Plate Round 1 x 1 with Solid Stud","touch"
"3794a#2","3794a","plate","Plate Special 1 x 2 with 1 Stud without Groove (Jumper)","4286#1","4286","slope","Slope 33° 3 x 1","stack"
"3794a#3","3794a","plate","Plate Special 1 x 2 with 1 Stud without Groove (Jumper)","3794a#4","3794a","plate","Plate Special 1 x 2 with 1 Stud without Groove (Jumper)","touch"
"3794a#3","3794a","plate","Plate Special 1 x 2 with 1 Stud without Groove (Jumper)","6141#1","6141","plate","Plate Round 1 x 1 with Solid Stud","touch"
"3794a#3","3794a","plate","Plate Special 1 x 2 with 1 Stud without Groove (Jumper)","4286#1","4286","slope","Slope 33° 3 x 1","stack"
"3794a#4","3794a","plate","Plate Special 1 x 2 with 1 Stud without Groove (Jumper)","6141#1","6141","plate","Plate Round 1 x 1 with Solid Stud","touch"
"3049c#1","3049c","slope","Slope 45° 2 x 1 Double / Inverted with Hollow Bottom","4592#1","4592","bracket","Lever Small Base","touch"
"3049c#1","3049c","slope","Slope 45° 2 x 1 Double / Inverted with Hollow Bottom","4593#1","4593","bracket","Lever Small","touch"
"3049c#1","3049c","slope","Slope 45° 2 x 1 Double / Inverted with Hollow Bottom","4-4ring1#18","4-4ring1","other","4-4ring1","stack"
"3049c#1","3049c","slope","Slope 45° 2 x 1 Double / Inverted with Hollow Bottom","4-4cyli#19","4-4cyli","other","4-4cyli","stack"
"3049c#1","3049c","slope","Slope 45° 2 x 1 Double / Inverted with Hollow Bottom","4-4ring1#20","4-4ring1","other","4-4ring1","stack"
"3049c#1","3049c","slope","Slope 45° 2 x 1 Double / Inverted with Hollow Bottom","4-4cyli#21","4-4cyli","other","4-4cyli","stack"
"3049c#1","3049c","slope","Slope 45° 2 x 1 Double / Inverted with Hollow Bottom","4-4cyli#22","4-4cyli","other","4-4cyli","stack"
"3049c#1","3049c","slope","Slope 45° 2 x 1 Double / Inverted with Hollow Bottom","4-4ring1#21","4-4ring1","other","4-4ring1","stack"
"3049c#1","3049c","slope","Slope 45° 2 x 1 Double / Inverted with Hollow Bottom","4-4ring1#22","4-4ring1","other","4-4ring1","stack"
"3049c#1","3049c","slope","Slope 45° 2 x 1 Double / Inverted with Hollow Bottom","4-4cyli#23","4-4cyli","other","4-4cyli","stack"
"3049c#1","3049c","slope","Slope 45° 2 x 1 Double / Inverted with Hollow Bottom","4-4cyli#24","4-4cyli","other","4-4cyli","stack"
"3049c#1","3049c","slope","Slope 45° 2 x 1 Double / Inverted with Hollow Bottom","4-4ring1#23","4-4ring1","other","4-4ring1","stack"
"3049c#1","3049c","slope","Slope 45° 2 x 1 Double / Inverted with Hollow Bottom","4-4ring1#24","4-4ring1","other","4-4ring1","stack"
"3049c#1","3049c","slope","Slope 45° 2 x 1 Double / Inverted with Hollow Bottom","4-4cyli#25","4-4cyli","other","4-4cyli","stack"
"3049c#1","3049c","slope","Slope 45° 2 x 1 Double / Inverted with Hollow Bottom","4-4cyli#26","4-4cyli","other","4-4cyli","stack"
"3049c#1","3049c","slope","Slope 45° 2 x 1 Double / Inverted with Hollow Bottom","4-4edge#3","4-4edge","other","4-4edge","stack"
"3049c#1","3049c","slope","Slope 45° 2 x 1 Double / Inverted with Hollow Bottom","4-4edge#4","4-4edge","other","4-4edge","stack"
"3049c#1","3049c","slope","Slope 45° 2 x 1 Double / Inverted with Hollow Bottom","4-4ring1#25","4-4ring1","other","4-4ring1","stack"
"3049c#1","3049c","slope","Slope 45° 2 x 1 Double / Inverted with Hollow Bottom","4-4ring1#26","4-4ring1","other","4-4ring1","stack"
"3049c#2","3049c","slope","Slope 45° 2 x 1 Double / Inverted with Hollow Bottom","4592#2","4592","bracket","Lever Small Base","touch"
"3049c#2","3049c","slope","Slope 45° 2 x 1 Double / Inverted with Hollow Bottom","4593#2","4593","bracket","Lever Small","touch"
"3049c#2","3049c","slope","Slope 45° 2 x 1 Double / Inverted with Hollow Bottom","4-4ring1#44","4-4ring1","other","4-4ring1","stack"
"3049c#2","3049c","slope","Slope 45° 2 x 1 Double / Inverted with Hollow Bottom","4-4cyli#45","4-4cyli","other","4-4cyli","stack"
"3049c#2","3049c","slope","Slope 45° 2 x 1 Double / Inverted with Hollow Bottom","4-4ring1#46","4-4ring1","other","4-4ring1","stack"
"3049c#2","3049c","slope","Slope 45° 2 x 1 Double / Inverted with Hollow Bottom","4-4cyli#47","4-4cyli","other","4-4cyli","stack"
"3049c#2","3049c","slope","Slope 45° 2 x 1 Double / Inverted with Hollow Bottom","4-4cyli#48","4-4cyli","other","4-4cyli","stack"
"3049c#2","3049c","slope","Slope 45° 2 x 1 Double / Inverted with Hollow Bottom","4-4ring1#47","4-4ring1","other","4-4ring1","stack"
"3049c#2","3049c","slope","Slope 45° 2 x 1 Double / Inverted with Hollow Bottom","4-4ring1#48","4-4ring1","other","4-4ring1","stack"
"3049c#2","3049c","slope","Slope 45° 2 x 1 Double / Inverted with Hollow Bottom","4-4cyli#49","4-4cyli","other","4-4cyli","stack"
"3049c#2","3049c","slope","Slope 45° 2 x 1 Double / Inverted with Hollow Bottom","4-4cyli#50","4-4cyli","other","4-4cyli","stack"
"3049c#2","3049c","slope","Slope 45° 2 x 1 Double / Inverted with Hollow Bottom","4-4ring1#49","4-4ring1","other","4-4ring1","stack"
"3049c#2","3049c","slope","Slope 45° 2 x 1 Double / Inverted with Hollow Bottom","4-4ring1#50","4-4ring1","other","4-4ring1","stack"
"3049c#2","3049c","slope","Slope 45° 2 x 1 Double / Inverted with Hollow Bottom","4-4cyli#51","4-4cyli","other","4-4cyli","stack"
"3049c#2","3049c","slope","Slope 45° 2 x 1 Double / Inverted with Hollow Bottom","4-4cyli#52","4-4cyli","other","4-4cyli","stack"
"3049c#2","3049c","slope","Slope 45° 2 x 1 Double / Inverted with Hollow Bottom","4-4edge#7","4-4edge","other","4-4edge","stack"
"3049c#2","3049c","slope","Slope 45° 2 x 1 Double / Inverted with Hollow Bottom","4-4edge#8","4-4edge","other","4-4edge","stack"
"3049c#2","3049c","slope","Slope 45° 2 x 1 Double / Inverted with Hollow Bottom","4-4ring1#51","4-4ring1","other","4-4ring1","stack"
"3049c#2","3049c","slope","Slope 45° 2 x 1 Double / Inverted with Hollow Bottom","4-4ring1#52","4-4ring1","other","4-4ring1","stack"
"4592#1","4592","bracket","Lever Small Base","4593#1","4593","bracket","Lever Small","touch"
"4592#1","4592","bracket","Lever Small Base","4-4cyli#25","4-4cyli","other","4-4cyli","touch"
"4592#1","4592","bracket","Lever Small Base","4-4cyli#26","4-4cyli","other","4-4cyli","touch"
"4592#1","4592","bracket","Lever Small Base","4-4edge#3","4-4edge","other","4-4edge","touch"
"4592#1","4592","bracket","Lever Small Base","4-4edge#4","4-4edge","other","4-4edge","touch"
"4592#1","4592","bracket","Lever Small Base","4-4ring1#25","4-4ring1","other","4-4ring1","touch"
"4593#1","4593","bracket","Lever Small","4-4cyli#25","4-4cyli","other","4-4cyli","touch"
"4593#1","4593","bracket","Lever Small","4-4cyli#26","4-4cyli","other","4-4cyli","touch"
"4593#1","4593","bracket","Lever Small","4-4edge#3","4-4edge","other","4-4edge","touch"
"4593#1","4593","bracket","Lever Small","4-4edge#4","4-4edge","other","4-4edge","touch"
"4593#1","4593","bracket","Lever Small","4-4ring1#25","4-4ring1","other","4-4ring1","touch"
"4592#2","4592","bracket","Lever Small Base","4593#2","4593","bracket","Lever Small","touch"
"4592#2","4592","bracket","Lever Small Base","4-4cyli#51","4-4cyli","other","4-4cyli","touch"
"4592#2","4592","bracket","Lever Small Base","4-4cyli#52","4-4cyli","other","4-4cyli","touch"
"4592#2","4592","bracket","Lever Small Base","4-4edge#7","4-4edge","other","4-4edge","touch"
"4592#2","4592","bracket","Lever Small Base","4-4edge#8","4-4edge","other","4-4edge","touch"
"4592#2","4592","bracket","Lever Small Base","4-4ring1#51","4-4ring1","other","4-4ring1","touch"
"4593#2","4593","bracket","Lever Small","4-4cyli#51","4-4cyli","other","4-4cyli","touch"
"4593#2","4593","bracket","Lever Small","4-4cyli#52","4-4cyli","other","4-4cyli","touch"
"4593#2","4593","bracket","Lever Small","4-4edge#7","4-4edge","other","4-4edge","touch"
"4593#2","4593","bracket","Lever Small","4-4edge#8","4-4edge","other","4-4edge","touch"
"4593#2","4593","bracket","Lever Small","4-4ring1#51","4-4ring1","other","4-4ring1","touch"
"3021#2","3021","plate","Plate 2 x 3","3004#1","3004","brick","Brick 1 x 2","stack"
"3021#2","3021","plate","Plate 2 x 3","4070#1","4070","brick","Brick Special 1 x 1 with Headlight","stack"
"3021#2","3021","plate","Plate 2 x 3","4070#2","4070","brick","Brick Special 1 x 1 with Headlight","stack"
"3021#2","3021","plate","Plate 2 x 3","4070#3","4070","brick","Brick Special 1 x 1 with Headlight","stack"
"3021#2","3021","plate","Plate 2 x 3","4070#4","4070","brick","Brick Special 1 x 1 with Headlight","stack"
"3021#2","3021","plate","Plate 2 x 3","3023#1","3023","plate","Plate 1 x 2","touch"
"3021#2","3021","plate","Plate 2 x 3","3023#2","3023","plate","Plate 1 x 2","touch"
"3004#1","3004","brick","Brick 1 x 2","4070#1","4070","brick","Brick Special 1 x 1 with Headlight","touch"
"3004#1","3004","brick","Brick 1 x 2","4070#2","4070","brick","Brick Special 1 x 1 with Headlight","touch"
"3004#1","3004","brick","Brick 1 x 2","4070#3","4070","brick","Brick Special 1 x 1 with Headlight","touch"
"3004#1","3004","brick","Brick 1 x 2","4070#4","4070","brick","Brick Special 1 x 1 with Headlight","touch"
"3004#1","3004","brick","Brick 1 x 2","30360#1","30360","cone","Cylinder 3 x 6 x 2 2/3 Horizontal Hollow Studs","touch"
"3004#1","3004","brick","Brick 1 x 2","4865a#2","4865a","panel","Panel 1 x 2 x 1 [Square Corners]","stack"
"3004#1","3004","brick","Brick 1 x 2","2555#1","2555","tile","Tile Special 1 x 1 with Clip and Straight Tips","stack"
"3004#1","3004","brick","Brick 1 x 2","30383#6","30383","bracket","Hinge Plate 1 x 2 Locking with 1 Finger On Top","stack"
"4070#1","4070","brick","Brick Special 1 x 1 with Headlight","4070#2","4070","brick","Brick Special 1 x 1 with Headlight","touch"
"4070#1","4070","brick","Brick Special 1 x 1 with Headlight","30360#1","30360","cone","Cylinder 3 x 6 x 2 2/3 Horizontal Hollow Studs","touch"
"4070#1","4070","brick","Brick Special 1 x 1 with Headlight","3023#1","3023","plate","Plate 1 x 2","stack"
"4070#1","4070","brick","Brick Special 1 x 1 with Headlight","4865a#2","4865a","panel","Panel 1 x 2 x 1 [Square Corners]","stack"
"4070#1","4070","brick","Brick Special 1 x 1 with Headlight","30383#2","30383","bracket","Hinge Plate 1 x 2 Locking with 1 Finger On Top","touch"
"4070#1","4070","brick","Brick Special 1 x 1 with Headlight","30383#6","30383","bracket","Hinge Plate 1 x 2 Locking with 1 Finger On Top","stack"
"4070#2","4070","brick","Brick Special 1 x 1 with Headlight","30360#1","30360","cone","Cylinder 3 x 6 x 2 2/3 Horizontal Hollow Studs","touch"
"4070#2","4070","brick","Brick Special 1 x 1 with Headlight","3023#2","3023","plate","Plate 1 x 2","stack"
"4070#2","4070","brick","Brick Special 1 x 1 with Headlight","4865a#2","4865a","panel","Panel 1 x 2 x 1 [Square Corners]","stack"
"4070#2","4070","brick","Brick Special 1 x 1 with Headlight","2555#1","2555","tile","Tile Special 1 x 1 with Clip and Straight Tips","stack"
"4070#2","4070","brick","Brick Special 1 x 1 with Headlight","30383#2","30383","bracket","Hinge Plate 1 x 2 Locking with 1 Finger On Top","touch"
"4070#2","4070","brick","Brick Special 1 x 1 with Headlight","30383#6","30383","bracket","Hinge Plate 1 x 2 Locking with 1 Finger On Top","stack"
"4070#3","4070","brick","Brick Special 1 x 1 with Headlight","4070#4","4070","brick","Brick Special 1 x 1 with Headlight","touch"
"4070#3","4070","brick","Brick Special 1 x 1 with Headlight","30360#1","30360","cone","Cylinder 3 x 6 x 2 2/3 Horizontal Hollow Studs","touch"
"4070#3","4070","brick","Brick Special 1 x 1 with Headlight","3023#2","3023","plate","Plate 1 x 2","stack"
"4070#3","4070","brick","Brick Special 1 x 1 with Headlight","4865a#2","4865a","panel","Panel 1 x 2 x 1 [Square Corners]","stack"
"4070#3","4070","brick","Brick Special 1 x 1 with Headlight","2555#1","2555","tile","Tile Special 1 x 1 with Clip and Straight Tips","stack"
"4070#3","4070","brick","Brick Special 1 x 1 with Headlight","30383#1","30383","bracket","Hinge Plate 1 x 2 Locking with 1 Finger On Top","touch"
"4070#3","4070","brick","Brick Special 1 x 1 with Headlight","30383#6","30383","bracket","Hinge Plate 1 x 2 Locking with 1 Finger On Top","stack"
"4070#4","4070","brick","Brick Special 1 x 1 with Headlight","30360#1","30360","cone","Cylinder 3 x 6 x 2 2/3 Horizontal Hollow Studs","touch"
"4070#4","4070","brick","Brick Special 1 x 1 with Headlight","3023#1","3023","plate","Plate 1 x 2","stack"
"4070#4","4070","brick","Brick Special 1 x 1 with Headlight","4865a#2","4865a","panel","Panel 1 x 2 x 1 [Square Corners]","stack"
"4070#4","4070","brick","Brick Special 1 x 1 with Headlight","30383#1","30383","bracket","Hinge Plate 1 x 2 Locking with 1 Finger On Top","touch"
"4070#4","4070","brick","Brick Special 1 x 1 with Headlight","30383#6","30383","bracket","Hinge Plate 1 x 2 Locking with 1 Finger On Top","stack"
"30360#1","30360","cone","Cylinder 3 x 6 x 2 2/3 Horizontal Hollow Studs","3941#1","3941","technic","Brick Round 2 x 2 with Axle Hole","touch"
"30360#1","30360","cone","Cylinder 3 x 6 x 2 2/3 Horizontal Hollow Studs","4865a#2","4865a","panel","Panel 1 x 2 x 1 [Square Corners]","touch"
"30360#1","30360","cone","Cylinder 3 x 6 x 2 2/3 Horizontal Hollow Studs","2555#1","2555","tile","Tile Special 1 x 1 with Clip and Straight Tips","stack"
"30360#1","30360","cone","Cylinder 3 x 6 x 2 2/3 Horizontal Hollow Studs","3022#3","3022","plate","Plate 2 x 2","touch"
"30360#1","30360","cone","Cylinder 3 x 6 x 2 2/3 Horizontal Hollow Studs","3941#2","3941","technic","Brick Round 2 x 2 with Axle Hole","touch"
"30360#1","30360","cone","Cylinder 3 x 6 x 2 2/3 Horizontal Hollow Studs","30383#1","30383","bracket","Hinge Plate 1 x 2 Locking with 1 Finger On Top","stack"
"30360#1","30360","cone","Cylinder 3 x 6 x 2 2/3 Horizontal Hollow Studs","30383#2","30383","bracket","Hinge Plate 1 x 2 Locking with 1 Finger On Top","stack"
"30360#1","30360","cone","Cylinder 3 x 6 x 2 2/3 Horizontal Hollow Studs","30383#6","30383","bracket","Hinge Plate 1 x 2 Locking with 1 Finger On Top","stack"
"30360#1","30360","cone","Cylinder 3 x 6 x 2 2/3 Horizontal Hollow Studs","30407#6","30407","bracket","Hinge Plate 1 x 8 Locking with Angled Side Extensions, Rounded Plate Underside, 9 Teeth","stack"
"30360#1","30360","cone","Cylinder 3 x 6 x 2 2/3 Horizontal Hollow Studs","4-4cyli#1","4-4cyli","other","4-4cyli","stack"
"30360#1","30360","cone","Cylinder 3 x 6 x 2 2/3 Horizontal Hollow Studs","4-4cyli#2","4-4cyli","other","4-4cyli","stack"
"30360#1","30360","cone","Cylinder 3 x 6 x 2 2/3 Horizontal Hollow Studs","4-4edge#1","4-4edge","other","4-4edge","stack"
"30360#1","30360","cone","Cylinder 3 x 6 x 2 2/3 Horizontal Hollow Studs","4-4edge#2","4-4edge","other","4-4edge","stack"
"30360#1","30360","cone","Cylinder 3 x 6 x 2 2/3 Horizontal Hollow Studs","4-4ring1#1","4-4ring1","other","4-4ring1","stack"
"30360#1","30360","cone","Cylinder 3 x 6 x 2 2/3 Horizontal Hollow Studs","4-4ring1#2","4-4ring1","other","4-4ring1","stack"
"30360#1","30360","cone","Cylinder 3 x 6 x 2 2/3 Horizontal Hollow Studs","4-4cyli#3","4-4cyli","other","4-4cyli","stack"
"30360#1","30360","cone","Cylinder 3 x 6 x 2 2/3 Horizontal Hollow Studs","4-4cyli#4","4-4cyli","other","4-4cyli","stack"
"30360#1","30360","cone","Cylinder 3 x 6 x 2 2/3 Horizontal Hollow Studs","4-4ring1#3","4-4ring1","other","4-4ring1","stack"
"30360#1","30360","cone","Cylinder 3 x 6 x 2 2/3 Horizontal Hollow Studs","4-4ring1#4","4-4ring1","other","4-4ring1","stack"
"30360#1","30360","cone","Cylinder 3 x 6 x 2 2/3 Horizontal Hollow Studs","4-4cyli#5","4-4cyli","other","4-4cyli","stack"
"30360#1","30360","cone","Cylinder 3 x 6 x 2 2/3 Horizontal Hollow Studs","4-4cyli#6","4-4cyli","other","4-4cyli","stack"
"30360#1","30360","cone","Cylinder 3 x 6 x 2 2/3 Horizontal Hollow Studs","4-4ring1#5","4-4ring1","other","4-4ring1","stack"
"30360#1","30360","cone","Cylinder 3 x 6 x 2 2/3 Horizontal Hollow Studs","4-4ring1#6","4-4ring1","other","4-4ring1","stack"
"30360#1","30360","cone","Cylinder 3 x 6 x 2 2/3 Horizontal Hollow Studs","4-4cyli#7","4-4cyli","other","4-4cyli","stack"
"30360#1","30360","cone","Cylinder 3 x 6 x 2 2/3 Horizontal Hollow Studs","4-4cyli#8","4-4cyli","other","4-4cyli","stack"
"30360#1","30360","cone","Cylinder 3 x 6 x 2 2/3 Horizontal Hollow Studs","4-4ring1#7","4-4ring1","other","4-4ring1","stack"
"30360#1","30360","cone","Cylinder 3 x 6 x 2 2/3 Horizontal Hollow Studs","4-4ring1#8","4-4ring1","other","4-4ring1","stack"
"30360#1","30360","cone","Cylinder 3 x 6 x 2 2/3 Horizontal Hollow Studs","4-4cyli#9","4-4cyli","other","4-4cyli","stack"
"30360#1","30360","cone","Cylinder 3 x 6 x 2 2/3 Horizontal Hollow Studs","4-4cyli#10","4-4cyli","other","4-4cyli","stack"
"30360#1","30360","cone","Cylinder 3 x 6 x 2 2/3 Horizontal Hollow Studs","4-4ring1#9","4-4ring1","other","4-4ring1","stack"
"30360#1","30360","cone","Cylinder 3 x 6 x 2 2/3 Horizontal Hollow Studs","4-4ring1#10","4-4ring1","other","4-4ring1","stack"
"30360#1","30360","cone","Cylinder 3 x 6 x 2 2/3 Horizontal Hollow Studs","4-4cyli#11","4-4cyli","other","4-4cyli","stack"
"30360#1","30360","cone","Cylinder 3 x 6 x 2 2/3 Horizontal Hollow Studs","4-4cyli#12","4-4cyli","other","4-4cyli","stack"
"30360#1","30360","cone","Cylinder 3 x 6 x 2 2/3 Horizontal Hollow Studs","4-4ring1#11","4-4ring1","other","4-4ring1","stack"
"30360#1","30360","cone","Cylinder 3 x 6 x 2 2/3 Horizontal Hollow Studs","4-4ring1#12","4-4ring1","other","4-4ring1","stack"
"30360#1","30360","cone","Cylinder 3 x 6 x 2 2/3 Horizontal Hollow Studs","4-4cyli#13","4-4cyli","other","4-4cyli","stack"
"30360#1","30360","cone","Cylinder 3 x 6 x 2 2/3 Horizontal Hollow Studs","4-4cyli#14","4-4cyli","other","4-4cyli","stack"
"30360#1","30360","cone","Cylinder 3 x 6 x 2 2/3 Horizontal Hollow Studs","4-4ring1#13","4-4ring1","other","4-4ring1","stack"
"3941#1","3941","technic","Brick Round 2 x 2 with Axle Hole","30407#6","30407","bracket","Hinge Plate 1 x 8 Locking with Angled Side Extensions, Rounded Plate Underside, 9 Teeth","stack"
"4865a#2","4865a","panel","Panel 1 x 2 x 1 [Square Corners]","2555#1","2555","tile","Tile Special 1 x 1 with Clip and Straight Tips","touch"
"4865a#2","4865a","panel","Panel 1 x 2 x 1 [Square Corners]","30383#6","30383","bracket","Hinge Plate 1 x 2 Locking with 1 Finger On Top","touch"
"4865a#2","4865a","panel","Panel 1 x 2 x 1 [Square Corners]","30407#6","30407","bracket","Hinge Plate 1 x 8 Locking with Angled Side Extensions, Rounded Plate Underside, 9 Teeth","touch"
"4865a#2","4865a","panel","Panel 1 x 2 x 1 [Square Corners]","4-4cyli#1","4-4cyli","other","4-4cyli","touch"
"4865a#2","4865a","panel","Panel 1 x 2 x 1 [Square Corners]","4-4cyli#2","4-4cyli","other","4-4cyli","touch"
"4865a#2","4865a","panel","Panel 1 x 2 x 1 [Square Corners]","4-4edge#1","4-4edge","other","4-4edge","touch"
"4865a#2","4865a","panel","Panel 1 x 2 x 1 [Square Corners]","4-4edge#2","4-4edge","other","4-4edge","touch"
"4865a#2","4865a","panel","Panel 1 x 2 x 1 [Square Corners]","4-4ring1#1","4-4ring1","other","4-4ring1","touch"
"2555#1","2555","tile","Tile Special 1 x 1 with Clip and Straight Tips","30383#6","30383","bracket","Hinge Plate 1 x 2 Locking with 1 Finger On Top","touch"
"2555#1","2555","tile","Tile Special 1 x 1 with Clip and Straight Tips","30407#6","30407","bracket","Hinge Plate 1 x 8 Locking with Angled Side Extensions, Rounded Plate Underside, 9 Teeth","touch"
"2555#1","2555","tile","Tile Special 1 x 1 with Clip and Straight Tips","4-4cyli#1","4-4cyli","other","4-4cyli","touch"
"2555#1","2555","tile","Tile Special 1 x 1 with Clip and Straight Tips","4-4cyli#2","4-4cyli","other","4-4cyli","touch"
"2555#1","2555","tile","Tile Special 1 x 1 with Clip and Straight Tips","4-4edge#1","4-4edge","other","4-4edge","touch"
"2555#1","2555","tile","Tile Special 1 x 1 with Clip and Straight Tips","4-4edge#2","4-4edge","other","4-4edge","touch"
"2555#1","2555","tile","Tile Special 1 x 1 with Clip and Straight Tips","4-4ring1#1","4-4ring1","other","4-4ring1","touch"
"2555#1","2555","tile","Tile Special 1 x 1 with Clip and Straight Tips","4-4ring1#2","4-4ring1","other","4-4ring1","touch"
"2555#1","2555","tile","Tile Special 1 x 1 with Clip and Straight Tips","4-4cyli#3","4-4cyli","other","4-4cyli","touch"
"2555#1","2555","tile","Tile Special 1 x 1 with Clip and Straight Tips","4-4cyli#4","4-4cyli","other","4-4cyli","touch"
"2555#1","2555","tile","Tile Special 1 x 1 with Clip and Straight Tips","4-4ring1#3","4-4ring1","other","4-4ring1","touch"
"2555#1","2555","tile","Tile Special 1 x 1 with Clip and Straight Tips","4-4ring1#4","4-4ring1","other","4-4ring1","touch"
"2555#1","2555","tile","Tile Special 1 x 1 with Clip and Straight Tips","4-4cyli#5","4-4cyli","other","4-4cyli","touch"
"2555#1","2555","tile","Tile Special 1 x 1 with Clip and Straight Tips","4-4cyli#6","4-4cyli","other","4-4cyli","touch"
"2555#1","2555","tile","Tile Special 1 x 1 with Clip and Straight Tips","4-4ring1#5","4-4ring1","other","4-4ring1","touch"
"2555#1","2555","tile","Tile Special 1 x 1 with Clip and Straight Tips","4-4ring1#6","4-4ring1","other","4-4ring1","touch"
"2555#1","2555","tile","Tile Special 1 x 1 with Clip and Straight Tips","4-4cyli#7","4-4cyli","other","4-4cyli","touch"
"2555#1","2555","tile","Tile Special 1 x 1 with Clip and Straight Tips","4-4cyli#8","4-4cyli","other","4-4cyli","touch"
"2555#1","2555","tile","Tile Special 1 x 1 with Clip and Straight Tips","4-4ring1#7","4-4ring1","other","4-4ring1","touch"
"2555#1","2555","tile","Tile Special 1 x 1 with Clip and Straight Tips","4-4ring1#8","4-4ring1","other","4-4ring1","touch"
"2555#1","2555","tile","Tile Special 1 x 1 with Clip and Straight Tips","4-4cyli#9","4-4cyli","other","4-4cyli","touch"
"2555#1","2555","tile","Tile Special 1 x 1 with Clip and Straight Tips","4-4cyli#10","4-4cyli","other","4-4cyli","touch"
"2555#1","2555","tile","Tile Special 1 x 1 with Clip and Straight Tips","4-4ring1#9","4-4ring1","other","4-4ring1","touch"
"2555#1","2555","tile","Tile Special 1 x 1 with Clip and Straight Tips","4-4ring1#10","4-4ring1","other","4-4ring1","touch"
"2555#1","2555","tile","Tile Special 1 x 1 with Clip and Straight Tips","4-4cyli#11","4-4cyli","other","4-4cyli","touch"
"2555#1","2555","tile","Tile Special 1 x 1 with Clip and Straight Tips","4-4cyli#12","4-4cyli","other","4-4cyli","touch"
"2555#1","2555","tile","Tile Special 1 x 1 with Clip and Straight Tips","4-4ring1#11","4-4ring1","other","4-4ring1","touch"
"2555#1","2555","tile","Tile Special 1 x 1 with Clip and Straight Tips","4-4cyli#13","4-4cyli","other","4-4cyli","touch"
"3022#3","3022","plate","Plate 2 x 2","3941#2","3941","technic","Brick Round 2 x 2 with Axle Hole","touch"
"3941#2","3941","technic","Brick Round 2 x 2 with Axle Hole","30407#6","30407","bracket","Hinge Plate 1 x 8 Locking with Angled Side Extensions, Rounded Plate Underside, 9 Teeth","stack"
"3941#2","3941","technic","Brick Round 2 x 2 with Axle Hole","4-4cyli#11","4-4cyli","other","4-4cyli","stack"
"3941#2","3941","technic","Brick Round 2 x 2 with Axle Hole","4-4ring1#12","4-4ring1","other","4-4ring1","stack"
"3941#2","3941","technic","Brick Round 2 x 2 with Axle Hole","4-4cyli#13","4-4cyli","other","4-4cyli","stack"
"3941#2","3941","technic","Brick Round 2 x 2 with Axle Hole","4-4cyli#14","4-4cyli","other","4-4cyli","stack"
"3941#2","3941","technic","Brick Round 2 x 2 with Axle Hole","4-4ring1#13","4-4ring1","other","4-4ring1","stack"
"6248#1","6248","tyre","Wheel Freestyle with 2 x 2 Studs and Pin Hole","3673#1","3673","technic","Technic Pin without Friction Ridges Lengthwise","touch"
"3673#1","3673","technic","Technic Pin without Friction Ridges Lengthwise","6248#2","6248","tyre","Wheel Freestyle with 2 x 2 Studs and Pin Hole","touch"
"30383#1","30383","bracket","Hinge Plate 1 x 2 Locking with 1 Finger On Top","30407#1","30407","bracket","Hinge Plate 1 x 8 Locking with Angled Side Extensions, Rounded Plate Underside, 9 Teeth","touch"
"30383#2","30383","bracket","Hinge Plate 1 x 2 Locking with 1 Finger On Top","30407#2","30407","bracket","Hinge Plate 1 x 8 Locking with Angled Side Extensions, Rounded Plate Underside, 9 Teeth","touch"
"3021#3","3021","plate","Plate 2 x 3","3004#2","3004","brick","Brick 1 x 2","stack"
"3021#3","3021","plate","Plate 2 x 3","4070#5","4070","brick","Brick Special 1 x 1 with Headlight","stack"
"3021#3","3021","plate","Plate 2 x 3","4070#6","4070","brick","Brick Special 1 x 1 with Headlight","stack"
"3021#3","3021","plate","Plate 2 x 3","4070#7","4070","brick","Brick Special 1 x 1 with Headlight","stack"
"3021#3","3021","plate","Plate 2 x 3","4070#8","4070","brick","Brick Special 1 x 1 with Headlight","stack"
"3021#3","3021","plate","Plate 2 x 3","3023#3","3023","plate","Plate 1 x 2","touch"
"3021#3","3021","plate","Plate 2 x 3","3023#4","3023","plate","Plate 1 x 2","touch"
"3004#2","3004","brick","Brick 1 x 2","4070#5","4070","brick","Brick Special 1 x 1 with Headlight","touch"
"3004#2","3004","brick","Brick 1 x 2","4070#6","4070","brick","Brick Special 1 x 1 with Headlight","touch"
"3004#2","3004","brick","Brick 1 x 2","4070#7","4070","brick","Brick Special 1 x 1 with Headlight","touch"
"3004#2","3004","brick","Brick 1 x 2","4070#8","4070","brick","Brick Special 1 x 1 with Headlight","touch"
"3004#2","3004","brick","Brick 1 x 2","30360#2","30360","cone","Cylinder 3 x 6 x 2 2/3 Horizontal Hollow Studs","touch"
"3004#2","3004","brick","Brick 1 x 2","4865a#3","4865a","panel","Panel 1 x 2 x 1 [Square Corners]","stack"
"3004#2","3004","brick","Brick 1 x 2","2555#2","2555","tile","Tile Special 1 x 1 with Clip and Straight Tips","stack"
"3004#2","3004","brick","Brick 1 x 2","30383#5","30383","bracket","Hinge Plate 1 x 2 Locking with 1 Finger On Top","stack"
"4070#5","4070","brick","Brick Special 1 x 1 with Headlight","4070#6","4070","brick","Brick Special 1 x 1 with Headlight","touch"
"4070#5","4070","brick","Brick Special 1 x 1 with Headlight","30360#2","30360","cone","Cylinder 3 x 6 x 2 2/3 Horizontal Hollow Studs","touch"
"4070#5","4070","brick","Brick Special 1 x 1 with Headlight","3023#3","3023","plate","Plate 1 x 2","stack"
"4070#5","4070","brick","Brick Special 1 x 1 with Headlight","4865a#3","4865a","panel","Panel 1 x 2 x 1 [Square Corners]","stack"
"4070#5","4070","brick","Brick Special 1 x 1 with Headlight","30383#4","30383","bracket","Hinge Plate 1 x 2 Locking with 1 Finger On Top","touch"
"4070#5","4070","brick","Brick Special 1 x 1 with Headlight","30383#5","30383","bracket","Hinge Plate 1 x 2 Locking with 1 Finger On Top","stack"
"4070#6","4070","brick","Brick Special 1 x 1 with Headlight","30360#2","30360","cone","Cylinder 3 x 6 x 2 2/3 Horizontal Hollow Studs","touch"
"4070#6","4070","brick","Brick Special 1 x 1 with Headlight","3023#4","3023","plate","Plate 1 x 2","stack"
"4070#6","4070","brick","Brick Special 1 x 1 with Headlight","4865a#3","4865a","panel","Panel 1 x 2 x 1 [Square Corners]","stack"
"4070#6","4070","brick","Brick Special 1 x 1 with Headlight","2555#2","2555","tile","Tile Special 1 x 1 with Clip and Straight Tips","stack"
"4070#6","4070","brick","Brick Special 1 x 1 with Headlight","30383#4","30383","bracket","Hinge Plate 1 x 2 Locking with 1 Finger On Top","touch"
"4070#6","4070","brick","Brick Special 1 x 1 with Headlight","30383#5","30383","bracket","Hinge Plate 1 x 2 Locking with 1 Finger On Top","stack"
"4070#7","4070","brick","Brick Special 1 x 1 with Headlight","4070#8","4070","brick","Brick Special 1 x 1 with Headlight","touch"
"4070#7","4070","brick","Brick Special 1 x 1 with Headlight","30360#2","30360","cone","Cylinder 3 x 6 x 2 2/3 Horizontal Hollow Studs","touch"
"4070#7","4070","brick","Brick Special 1 x 1 with Headlight","3023#4","3023","plate","Plate 1 x 2","stack"
"4070#7","4070","brick","Brick Special 1 x 1 with Headlight","4865a#3","4865a","panel","Panel 1 x 2 x 1 [Square Corners]","stack"
"4070#7","4070","brick","Brick Special 1 x 1 with Headlight","2555#2","2555","tile","Tile Special 1 x 1 with Clip and Straight Tips","stack"
"4070#7","4070","brick","Brick Special 1 x 1 with Headlight","30383#3","30383","bracket","Hinge Plate 1 x 2 Locking with 1 Finger On Top","touch"
"4070#7","4070","brick","Brick Special 1 x 1 with Headlight","30383#5","30383","bracket","Hinge Plate 1 x 2 Locking with 1 Finger On Top","stack"
"4070#8","4070","brick","Brick Special 1 x 1 with Headlight","30360#2","30360","cone","Cylinder 3 x 6 x 2 2/3 Horizontal Hollow Studs","touch"
"4070#8","4070","brick","Brick Special 1 x 1 with Headlight","3023#3","3023","plate","Plate 1 x 2","stack"
"4070#8","4070","brick","Brick Special 1 x 1 with Headlight","4865a#3","4865a","panel","Panel 1 x 2 x 1 [Square Corners]","stack"
"4070#8","4070","brick","Brick Special 1 x 1 with Headlight","30383#3","30383","bracket","Hinge Plate 1 x 2 Locking with 1 Finger On Top","touch"
"4070#8","4070","brick","Brick Special 1 x 1 with Headlight","30383#5","30383","bracket","Hinge Plate 1 x 2 Locking with 1 Finger On Top","stack"
"30360#2","30360","cone","Cylinder 3 x 6 x 2 2/3 Horizontal Hollow Studs","3941#4","3941","technic","Brick Round 2 x 2 with Axle Hole","touch"
"30360#2","30360","cone","Cylinder 3 x 6 x 2 2/3 Horizontal Hollow Studs","4865a#3","4865a","panel","Panel 1 x 2 x 1 [Square Corners]","touch"
"30360#2","30360","cone","Cylinder 3 x 6 x 2 2/3 Horizontal Hollow Studs","2555#2","2555","tile","Tile Special 1 x 1 with Clip and Straight Tips","stack"
"30360#2","30360","cone","Cylinder 3 x 6 x 2 2/3 Horizontal Hollow Studs","3022#4","3022","plate","Plate 2 x 2","touch"
"30360#2","30360","cone","Cylinder 3 x 6 x 2 2/3 Horizontal Hollow Studs","3941#5","3941","technic","Brick Round 2 x 2 with Axle Hole","touch"
"30360#2","30360","cone","Cylinder 3 x 6 x 2 2/3 Horizontal Hollow Studs","30383#3","30383","bracket","Hinge Plate 1 x 2 Locking with 1 Finger On Top","stack"
"30360#2","30360","cone","Cylinder 3 x 6 x 2 2/3 Horizontal Hollow Studs","30383#4","30383","bracket","Hinge Plate 1 x 2 Locking with 1 Finger On Top","stack"
"30360#2","30360","cone","Cylinder 3 x 6 x 2 2/3 Horizontal Hollow Studs","30383#5","30383","bracket","Hinge Plate 1 x 2 Locking with 1 Finger On Top","stack"
"30360#2","30360","cone","Cylinder 3 x 6 x 2 2/3 Horizontal Hollow Studs","30407#5","30407","bracket","Hinge Plate 1 x 8 Locking with Angled Side Extensions, Rounded Plate Underside, 9 Teeth","stack"
"30360#2","30360","cone","Cylinder 3 x 6 x 2 2/3 Horizontal Hollow Studs","4-4cyli#27","4-4cyli","other","4-4cyli","stack"
"30360#2","30360","cone","Cylinder 3 x 6 x 2 2/3 Horizontal Hollow Studs","4-4cyli#28","4-4cyli","other","4-4cyli","stack"
"30360#2","30360","cone","Cylinder 3 x 6 x 2 2/3 Horizontal Hollow Studs","4-4edge#5","4-4edge","other","4-4edge","stack"
"30360#2","30360","cone","Cylinder 3 x 6 x 2 2/3 Horizontal Hollow Studs","4-4edge#6","4-4edge","other","4-4edge","stack"
"30360#2","30360","cone","Cylinder 3 x 6 x 2 2/3 Horizontal Hollow Studs","4-4ring1#27","4-4ring1","other","4-4ring1","stack"
"30360#2","30360","cone","Cylinder 3 x 6 x 2 2/3 Horizontal Hollow Studs","4-4ring1#28","4-4ring1","other","4-4ring1","stack"
"30360#2","30360","cone","Cylinder 3 x 6 x 2 2/3 Horizontal Hollow Studs","4-4cyli#29","4-4cyli","other","4-4cyli","stack"
"30360#2","30360","cone","Cylinder 3 x 6 x 2 2/3 Horizontal Hollow Studs","4-4cyli#30","4-4cyli","other","4-4cyli","stack"
"30360#2","30360","cone","Cylinder 3 x 6 x 2 2/3 Horizontal Hollow Studs","4-4ring1#29","4-4ring1","other","4-4ring1","stack"
"30360#2","30360","cone","Cylinder 3 x 6 x 2 2/3 Horizontal Hollow Studs","4-4ring1#30","4-4ring1","other","4-4ring1","stack"
"30360#2","30360","cone","Cylinder 3 x 6 x 2 2/3 Horizontal Hollow Studs","4-4cyli#31","4-4cyli","other","4-4cyli","stack"
"30360#2","30360","cone","Cylinder 3 x 6 x 2 2/3 Horizontal Hollow Studs","4-4cyli#32","4-4cyli","other","4-4cyli","stack"
"30360#2","30360","cone","Cylinder 3 x 6 x 2 2/3 Horizontal Hollow Studs","4-4ring1#31","4-4ring1","other","4-4ring1","stack"
"30360#2","30360","cone","Cylinder 3 x 6 x 2 2/3 Horizontal Hollow Studs","4-4ring1#32","4-4ring1","other","4-4ring1","stack"
"30360#2","30360","cone","Cylinder 3 x 6 x 2 2/3 Horizontal Hollow Studs","4-4cyli#33","4-4cyli","other","4-4cyli","stack"
"30360#2","30360","cone","Cylinder 3 x 6 x 2 2/3 Horizontal Hollow Studs","4-4cyli#34","4-4cyli","other","4-4cyli","stack"
"30360#2","30360","cone","Cylinder 3 x 6 x 2 2/3 Horizontal Hollow Studs","4-4ring1#33","4-4ring1","other","4-4ring1","stack"
"30360#2","30360","cone","Cylinder 3 x 6 x 2 2/3 Horizontal Hollow Studs","4-4ring1#34","4-4ring1","other","4-4ring1","stack"
"30360#2","30360","cone","Cylinder 3 x 6 x 2 2/3 Horizontal Hollow Studs","4-4cyli#35","4-4cyli","other","4-4cyli","stack"
"30360#2","30360","cone","Cylinder 3 x 6 x 2 2/3 Horizontal Hollow Studs","4-4cyli#36","4-4cyli","other","4-4cyli","stack"
"30360#2","30360","cone","Cylinder 3 x 6 x 2 2/3 Horizontal Hollow Studs","4-4ring1#35","4-4ring1","other","4-4ring1","stack"
"30360#2","30360","cone","Cylinder 3 x 6 x 2 2/3 Horizontal Hollow Studs","4-4ring1#36","4-4ring1","other","4-4ring1","stack"
"30360#2","30360","cone","Cylinder 3 x 6 x 2 2/3 Horizontal Hollow Studs","4-4cyli#37","4-4cyli","other","4-4cyli","stack"
"30360#2","30360","cone","Cylinder 3 x 6 x 2 2/3 Horizontal Hollow Studs","4-4cyli#38","4-4cyli","other","4-4cyli","stack"
"30360#2","30360","cone","Cylinder 3 x 6 x 2 2/3 Horizontal Hollow Studs","4-4ring1#37","4-4ring1","other","4-4ring1","stack"
"30360#2","30360","cone","Cylinder 3 x 6 x 2 2/3 Horizontal Hollow Studs","4-4ring1#38","4-4ring1","other","4-4ring1","stack"
"30360#2","30360","cone","Cylinder 3 x 6 x 2 2/3 Horizontal Hollow Studs","4-4cyli#39","4-4cyli","other","4-4cyli","stack"
"30360#2","30360","cone","Cylinder 3 x 6 x 2 2/3 Horizontal Hollow Studs","4-4cyli#40","4-4cyli","other","4-4cyli","stack"
"30360#2","30360","cone","Cylinder 3 x 6 x 2 2/3 Horizontal Hollow Studs","4-4ring1#39","4-4ring1","other","4-4ring1","stack"
"3941#4","3941","technic","Brick Round 2 x 2 with Axle Hole","30407#5","30407","bracket","Hinge Plate 1 x 8 Locking with Angled Side Extensions, Rounded Plate Underside, 9 Teeth","stack"
"4865a#3","4865a","panel","Panel 1 x 2 x 1 [Square Corners]","2555#2","2555","tile","Tile Special 1 x 1 with Clip and Straight Tips","touch"
"4865a#3","4865a","panel","Panel 1 x 2 x 1 [Square Corners]","30383#5","30383","bracket","Hinge Plate 1 x 2 Locking with 1 Finger On Top","touch"
"4865a#3","4865a","panel","Panel 1 x 2 x 1 [Square Corners]","30407#5","30407","bracket","Hinge Plate 1 x 8 Locking with Angled Side Extensions, Rounded Plate Underside, 9 Teeth","touch"
"4865a#3","4865a","panel","Panel 1 x 2 x 1 [Square Corners]","4-4cyli#27","4-4cyli","other","4-4cyli","touch"
"4865a#3","4865a","panel","Panel 1 x 2 x 1 [Square Corners]","4-4cyli#28","4-4cyli","other","4-4cyli","touch"
"4865a#3","4865a","panel","Panel 1 x 2 x 1 [Square Corners]","4-4edge#5","4-4edge","other","4-4edge","touch"
"4865a#3","4865a","panel","Panel 1 x 2 x 1 [Square Corners]","4-4edge#6","4-4edge","other","4-4edge","touch"
"4865a#3","4865a","panel","Panel 1 x 2 x 1 [Square Corners]","4-4ring1#27","4-4ring1","other","4-4ring1","touch"
"2555#2","2555","tile","Tile Special 1 x 1 with Clip and Straight Tips","30383#5","30383","bracket","Hinge Plate 1 x 2 Locking with 1 Finger On Top","touch"
"2555#2","2555","tile","Tile Special 1 x 1 with Clip and Straight Tips","30407#5","30407","bracket","Hinge Plate 1 x 8 Locking with Angled Side Extensions, Rounded Plate Underside, 9 Teeth","touch"
"2555#2","2555","tile","Tile Special 1 x 1 with Clip and Straight Tips","4-4cyli#27","4-4cyli","other","4-4cyli","touch"
"2555#2","2555","tile","Tile Special 1 x 1 with Clip and Straight Tips","4-4cyli#28","4-4cyli","other","4-4cyli","touch"
"2555#2","2555","tile","Tile Special 1 x 1 with Clip and Straight Tips","4-4edge#5","4-4edge","other","4-4edge","touch"
"2555#2","2555","tile","Tile Special 1 x 1 with Clip and Straight Tips","4-4edge#6","4-4edge","other","4-4edge","touch"
"2555#2","2555","tile","Tile Special 1 x 1 with Clip and Straight Tips","4-4ring1#27","4-4ring1","other","4-4ring1","touch"
"2555#2","2555","tile","Tile Special 1 x 1 with Clip and Straight Tips","4-4ring1#28","4-4ring1","other","4-4ring1","touch"
"2555#2","2555","tile","Tile Special 1 x 1 with Clip and Straight Tips","4-4cyli#29","4-4cyli","other","4-4cyli","touch"
"2555#2","2555","tile","Tile Special 1 x 1 with Clip and Straight Tips","4-4cyli#30","4-4cyli","other","4-4cyli","touch"
"2555#2","2555","tile","Tile Special 1 x 1 with Clip and Straight Tips","4-4ring1#29","4-4ring1","other","4-4ring1","touch"
"2555#2","2555","tile","Tile Special 1 x 1 with Clip and Straight Tips","4-4ring1#30","4-4ring1","other","4-4ring1","touch"
"2555#2","2555","tile","Tile Special 1 x 1 with Clip and Straight Tips","4-4cyli#31","4-4cyli","other","4-4cyli","touch"
"2555#2","2555","tile","Tile Special 1 x 1 with Clip and Straight Tips","4-4cyli#32","4-4cyli","other","4-4cyli","touch"
"2555#2","2555","tile","Tile Special 1 x 1 with Clip and Straight Tips","4-4ring1#31","4-4ring1","other","4-4ring1","touch"
"2555#2","2555","tile","Tile Special 1 x 1 with Clip and Straight Tips","4-4ring1#32","4-4ring1","other","4-4ring1","touch"
"2555#2","2555","tile","Tile Special 1 x 1 with Clip and Straight Tips","4-4cyli#33","4-4cyli","other","4-4cyli","touch"
"2555#2","2555","tile","Tile Special 1 x 1 with Clip and Straight Tips","4-4cyli#34","4-4cyli","other","4-4cyli","touch"
"2555#2","2555","tile","Tile Special 1 x 1 with Clip and Straight Tips","4-4ring1#33","4-4ring1","other","4-4ring1","touch"
"2555#2","2555","tile","Tile Special 1 x 1 with Clip and Straight Tips","4-4ring1#34","4-4ring1","other","4-4ring1","touch"
"2555#2","2555","tile","Tile Special 1 x 1 with Clip and Straight Tips","4-4cyli#35","4-4cyli","other","4-4cyli","touch"
"2555#2","2555","tile","Tile Special 1 x 1 with Clip and Straight Tips","4-4cyli#36","4-4cyli","other","4-4cyli","touch"
"2555#2","2555","tile","Tile Special 1 x 1 with Clip and Straight Tips","4-4ring1#35","4-4ring1","other","4-4ring1","touch"
"2555#2","2555","tile","Tile Special 1 x 1 with Clip and Straight Tips","4-4ring1#36","4-4ring1","other","4-4ring1","touch"
"2555#2","2555","tile","Tile Special 1 x 1 with Clip and Straight Tips","4-4cyli#37","4-4cyli","other","4-4cyli","touch"
"2555#2","2555","tile","Tile Special 1 x 1 with Clip and Straight Tips","4-4cyli#38","4-4cyli","other","4-4cyli","touch"
"2555#2","2555","tile","Tile Special 1 x 1 with Clip and Straight Tips","4-4ring1#37","4-4ring1","other","4-4ring1","touch"
"2555#2","2555","tile","Tile Special 1 x 1 with Clip and Straight Tips","4-4cyli#39","4-4cyli","other","4-4cyli","touch"
"3022#4","3022","plate","Plate 2 x 2","3941#5","3941","technic","Brick Round 2 x 2 with Axle Hole","touch"
"3941#5","3941","technic","Brick Round 2 x 2 with Axle Hole","30407#5","30407","bracket","Hinge Plate 1 x 8 Locking with Angled Side Extensions, Rounded Plate Underside, 9 Teeth","stack"
"3941#5","3941","technic","Brick Round 2 x 2 with Axle Hole","4-4cyli#37","4-4cyli","other","4-4cyli","stack"
"3941#5","3941","technic","Brick Round 2 x 2 with Axle Hole","4-4ring1#38","4-4ring1","other","4-4ring1","stack"
"3941#5","3941","technic","Brick Round 2 x 2 with Axle Hole","4-4cyli#39","4-4cyli","other","4-4cyli","stack"
"3941#5","3941","technic","Brick Round 2 x 2 with Axle Hole","4-4cyli#40","4-4cyli","other","4-4cyli","stack"
"3941#5","3941","technic","Brick Round 2 x 2 with Axle Hole","4-4ring1#39","4-4ring1","other","4-4ring1","stack"
"6248#3","6248","tyre","Wheel Freestyle with 2 x 2 Studs and Pin Hole","3673#2","3673","technic","Technic Pin without Friction Ridges Lengthwise","touch"
"3673#2","3673","technic","Technic Pin without Friction Ridges Lengthwise","6248#4","6248","tyre","Wheel Freestyle with 2 x 2 Studs and Pin Hole","touch"
"30383#3","30383","bracket","Hinge Plate 1 x 2 Locking with 1 Finger On Top","30407#3","30407","bracket","Hinge Plate 1 x 8 Locking with Angled Side Extensions, Rounded Plate Underside, 9 Teeth","touch"
"30383#4","30383","bracket","Hinge Plate 1 x 2 Locking with 1 Finger On Top","30407#4","30407","bracket","Hinge Plate 1 x 8 Locking with Angled Side Extensions, Rounded Plate Underside, 9 Teeth","touch"
"30383#5","30383","bracket","Hinge Plate 1 x 2 Locking with 1 Finger On Top","30407#5","30407","bracket","Hinge Plate 1 x 8 Locking with Angled Side Extensions, Rounded Plate Underside, 9 Teeth","touch"
"30383#5","30383","bracket","Hinge Plate 1 x 2 Locking with 1 Finger On Top","4-4cyli#27","4-4cyli","other","4-4cyli","touch"
"30383#5","30383","bracket","Hinge Plate 1 x 2 Locking with 1 Finger On Top","4-4cyli#28","4-4cyli","other","4-4cyli","touch"
"30383#5","30383","bracket","Hinge Plate 1 x 2 Locking with 1 Finger On Top","4-4edge#5","4-4edge","other","4-4edge","touch"
"30383#5","30383","bracket","Hinge Plate 1 x 2 Locking with 1 Finger On Top","4-4edge#6","4-4edge","other","4-4edge","touch"
"30383#5","30383","bracket","Hinge Plate 1 x 2 Locking with 1 Finger On Top","4-4ring1#27","4-4ring1","other","4-4ring1","touch"
"30407#5","30407","bracket","Hinge Plate 1 x 8 Locking with Angled Side Extensions, Rounded Plate Underside, 9 Teeth","4-4cyli#27","4-4cyli","other","4-4cyli","touch"
"30407#5","30407","bracket","Hinge Plate 1 x 8 Locking with Angled Side Extensions, Rounded Plate Underside, 9 Teeth","4-4cyli#28","4-4cyli","other","4-4cyli","touch"
"30407#5","30407","bracket","Hinge Plate 1 x 8 Locking with Angled Side Extensions, Rounded Plate Underside, 9 Teeth","4-4edge#5","4-4edge","other","4-4edge","touch"
"30407#5","30407","bracket","Hinge Plate 1 x 8 Locking with Angled Side Extensions, Rounded Plate Underside, 9 Teeth","4-4edge#6","4-4edge","other","4-4edge","touch"
"30407#5","30407","bracket","Hinge Plate 1 x 8 Locking with Angled Side Extensions, Rounded Plate Underside, 9 Teeth","4-4ring1#27","4-4ring1","other","4-4ring1","touch"
"30407#5","30407","bracket","Hinge Plate 1 x 8 Locking with Angled Side Extensions, Rounded Plate Underside, 9 Teeth","4-4ring1#28","4-4ring1","other","4-4ring1","touch"
"30407#5","30407","bracket","Hinge Plate 1 x 8 Locking with Angled Side Extensions, Rounded Plate Underside, 9 Teeth","4-4cyli#29","4-4cyli","other","4-4cyli","touch"
"30407#5","30407","bracket","Hinge Plate 1 x 8 Locking with Angled Side Extensions, Rounded Plate Underside, 9 Teeth","4-4cyli#30","4-4cyli","other","4-4cyli","touch"
"30407#5","30407","bracket","Hinge Plate 1 x 8 Locking with Angled Side Extensions, Rounded Plate Underside, 9 Teeth","4-4ring1#29","4-4ring1","other","4-4ring1","touch"
"30407#5","30407","bracket","Hinge Plate 1 x 8 Locking with Angled Side Extensions, Rounded Plate Underside, 9 Teeth","4-4ring1#30","4-4ring1","other","4-4ring1","touch"
"30407#5","30407","bracket","Hinge Plate 1 x 8 Locking with Angled Side Extensions, Rounded Plate Underside, 9 Teeth","4-4cyli#31","4-4cyli","other","4-4cyli","touch"
"30407#5","30407","bracket","Hinge Plate 1 x 8 Locking with Angled Side Extensions, Rounded Plate Underside, 9 Teeth","4-4cyli#32","4-4cyli","other","4-4cyli","touch"
"30407#5","30407","bracket","Hinge Plate 1 x 8 Locking with Angled Side Extensions, Rounded Plate Underside, 9 Teeth","4-4ring1#31","4-4ring1","other","4-4ring1","touch"
"30407#5","30407","bracket","Hinge Plate 1 x 8 Locking with Angled Side Extensions, Rounded Plate Underside, 9 Teeth","4-4ring1#32","4-4ring1","other","4-4ring1","touch"
"30407#5","30407","bracket","Hinge Plate 1 x 8 Locking with Angled Side Extensions, Rounded Plate Underside, 9 Teeth","4-4cyli#33","4-4cyli","other","4-4cyli","touch"
"30407#5","30407","bracket","Hinge Plate 1 x 8 Locking with Angled Side Extensions, Rounded Plate Underside, 9 Teeth","4-4cyli#34","4-4cyli","other","4-4cyli","touch"
"30407#5","30407","bracket","Hinge Plate 1 x 8 Locking with Angled Side Extensions, Rounded Plate Underside, 9 Teeth","4-4ring1#33","4-4ring1","other","4-4ring1","touch"
"30407#5","30407","bracket","Hinge Plate 1 x 8 Locking with Angled Side Extensions, Rounded Plate Underside, 9 Teeth","4-4ring1#34","4-4ring1","other","4-4ring1","touch"
"30407#5","30407","bracket","Hinge Plate 1 x 8 Locking with Angled Side Extensions, Rounded Plate Underside, 9 Teeth","4-4cyli#35","4-4cyli","other","4-4cyli","touch"
"30407#5","30407","bracket","Hinge Plate 1 x 8 Locking with Angled Side Extensions, Rounded Plate Underside, 9 Teeth","4-4cyli#36","4-4cyli","other","4-4cyli","touch"
"30407#5","30407","bracket","Hinge Plate 1 x 8 Locking with Angled Side Extensions, Rounded Plate Underside, 9 Teeth","4-4ring1#35","4-4ring1","other","4-4ring1","touch"
"30407#5","30407","bracket","Hinge Plate 1 x 8 Locking with Angled Side Extensions, Rounded Plate Underside, 9 Teeth","4-4ring1#36","4-4ring1","other","4-4ring1","touch"
"30407#5","30407","bracket","Hinge Plate 1 x 8 Locking with Angled Side Extensions, Rounded Plate Underside, 9 Teeth","4-4cyli#37","4-4cyli","other","4-4cyli","touch"
"30407#5","30407","bracket","Hinge Plate 1 x 8 Locking with Angled Side Extensions, Rounded Plate Underside, 9 Teeth","4-4cyli#38","4-4cyli","other","4-4cyli","touch"
"30407#5","30407","bracket","Hinge Plate 1 x 8 Locking with Angled Side Extensions, Rounded Plate Underside, 9 Teeth","4-4ring1#37","4-4ring1","other","4-4ring1","touch"
"30407#5","30407","bracket","Hinge Plate 1 x 8 Locking with Angled Side Extensions, Rounded Plate Underside, 9 Teeth","4-4ring1#38","4-4ring1","other","4-4ring1","touch"
"30407#5","30407","bracket","Hinge Plate 1 x 8 Locking with Angled Side Extensions, Rounded Plate Underside, 9 Teeth","4-4cyli#39","4-4cyli","other","4-4cyli","touch"
"30407#5","30407","bracket","Hinge Plate 1 x 8 Locking with Angled Side Extensions, Rounded Plate Underside, 9 Teeth","4-4cyli#40","4-4cyli","other","4-4cyli","touch"
"30407#5","30407","bracket","Hinge Plate 1 x 8 Locking with Angled Side Extensions, Rounded Plate Underside, 9 Teeth","4-4ring1#39","4-4ring1","other","4-4ring1","touch"
"30383#6","30383","bracket","Hinge Plate 1 x 2 Locking with 1 Finger On Top","30407#6","30407","bracket","Hinge Plate 1 x 8 Locking with Angled Side Extensions, Rounded Plate Underside, 9 Teeth","touch"
"30383#6","30383","bracket","Hinge Plate 1 x 2 Locking with 1 Finger On Top","4-4cyli#1","4-4cyli","other","4-4cyli","touch"
"30383#6","30383","bracket","Hinge Plate 1 x 2 Locking with 1 Finger On Top","4-4cyli#2","4-4cyli","other","4-4cyli","touch"
"30383#6","30383","bracket","Hinge Plate 1 x 2 Locking with 1 Finger On Top","4-4edge#1","4-4edge","other","4-4edge","touch"
"30383#6","30383","bracket","Hinge Plate 1 x 2 Locking with 1 Finger On Top","4-4edge#2","4-4edge","other","4-4edge","touch"
"30383#6","30383","bracket","Hinge Plate 1 x 2 Locking with 1 Finger On Top","4-4ring1#1","4-4ring1","other","4-4ring1","touch"
"30407#6","30407","bracket","Hinge Plate 1 x 8 Locking with Angled Side Extensions, Rounded Plate Underside, 9 Teeth","4-4cyli#1","4-4cyli","other","4-4cyli","touch"
"30407#6","30407","bracket","Hinge Plate 1 x 8 Locking with Angled Side Extensions, Rounded Plate Underside, 9 Teeth","4-4cyli#2","4-4cyli","other","4-4cyli","touch"
"30407#6","30407","bracket","Hinge Plate 1 x 8 Locking with Angled Side Extensions, Rounded Plate Underside, 9 Teeth","4-4edge#1","4-4edge","other","4-4edge","touch"
"30407#6","30407","bracket","Hinge Plate 1 x 8 Locking with Angled Side Extensions, Rounded Plate Underside, 9 Teeth","4-4edge#2","4-4edge","other","4-4edge","touch"
"30407#6","30407","bracket","Hinge Plate 1 x 8 Locking with Angled Side Extensions, Rounded Plate Underside, 9 Teeth","4-4ring1#1","4-4ring1","other","4-4ring1","touch"
"30407#6","30407","bracket","Hinge Plate 1 x 8 Locking with Angled Side Extensions, Rounded Plate Underside, 9 Teeth","4-4ring1#2","4-4ring1","other","4-4ring1","touch"
"30407#6","30407","bracket","Hinge Plate 1 x 8 Locking with Angled Side Extensions, Rounded Plate Underside, 9 Teeth","4-4cyli#3","4-4cyli","other","4-4cyli","touch"
"30407#6","30407","bracket","Hinge Plate 1 x 8 Locking with Angled Side Extensions, Rounded Plate Underside, 9 Teeth","4-4cyli#4","4-4cyli","other","4-4cyli","touch"
"30407#6","30407","bracket","Hinge Plate 1 x 8 Locking with Angled Side Extensions, Rounded Plate Underside, 9 Teeth","4-4ring1#3","4-4ring1","other","4-4ring1","touch"
"30407#6","30407","bracket","Hinge Plate 1 x 8 Locking with Angled Side Extensions, Rounded Plate Underside, 9 Teeth","4-4ring1#4","4-4ring1","other","4-4ring1","touch"
"30407#6","30407","bracket","Hinge Plate 1 x 8 Locking with Angled Side Extensions, Rounded Plate Underside, 9 Teeth","4-4cyli#5","4-4cyli","other","4-4cyli","touch"
"30407#6","30407","bracket","Hinge Plate 1 x 8 Locking with Angled Side Extensions, Rounded Plate Underside, 9 Teeth","4-4cyli#6","4-4cyli","other","4-4cyli","touch"
"30407#6","30407","bracket","Hinge Plate 1 x 8 Locking with Angled Side Extensions, Rounded Plate Underside, 9 Teeth","4-4ring1#5","4-4ring1","other","4-4ring1","touch"
"30407#6","30407","bracket","Hinge Plate 1 x 8 Locking with Angled Side Extensions, Rounded Plate Underside, 9 Teeth","4-4ring1#6","4-4ring1","other","4-4ring1","touch"
"30407#6","30407","bracket","Hinge Plate 1 x 8 Locking with Angled Side Extensions, Rounded Plate Underside, 9 Teeth","4-4cyli#7","4-4cyli","other","4-4cyli","touch"
"30407#6","30407","bracket","Hinge Plate 1 x 8 Locking with Angled Side Extensions, Rounded Plate Underside, 9 Teeth","4-4cyli#8","4-4cyli","other","4-4cyli","touch"
"30407#6","30407","bracket","Hinge Plate 1 x 8 Locking with Angled Side Extensions, Rounded Plate Underside, 9 Teeth","4-4ring1#7","4-4ring1","other","4-4ring1","touch"
"30407#6","30407","bracket","Hinge Plate 1 x 8 Locking with Angled Side Extensions, Rounded Plate Underside, 9 Teeth","4-4ring1#8","4-4ring1","other","4-4ring1","touch"
"30407#6","30407","bracket","Hinge Plate 1 x 8 Locking with Angled Side Extensions, Rounded Plate Underside, 9 Teeth","4-4cyli#9","4-4cyli","other","4-4cyli","touch"
"30407#6","30407","bracket","Hinge Plate 1 x 8 Locking with Angled Side Extensions, Rounded Plate Underside, 9 Teeth","4-4cyli#10","4-4cyli","other","4-4cyli","touch"
"30407#6","30407","bracket","Hinge Plate 1 x 8 Locking with Angled Side Extensions, Rounded Plate Underside, 9 Teeth","4-4ring1#9","4-4ring1","other","4-4ring1","touch"
"30407#6","30407","bracket","Hinge Plate 1 x 8 Locking with Angled Side Extensions, Rounded Plate Underside, 9 Teeth","4-4ring1#10","4-4ring1","other","4-4ring1","touch"
"30407#6","30407","bracket","Hinge Plate 1 x 8 Locking with Angled Side Extensions, Rounded Plate Underside, 9 Teeth","4-4cyli#11","4-4cyli","other","4-4cyli","touch"
"30407#6","30407","bracket","Hinge Plate 1 x 8 Locking with Angled Side Extensions, Rounded Plate Underside, 9 Teeth","4-4cyli#12","4-4cyli","other","4-4cyli","touch"
"30407#6","30407","bracket","Hinge Plate 1 x 8 Locking with Angled Side Extensions, Rounded Plate Underside, 9 Teeth","4-4ring1#11","4-4ring1","other","4-4ring1","touch"
"30407#6","30407","bracket","Hinge Plate 1 x 8 Locking with Angled Side Extensions, Rounded Plate Underside, 9 Teeth","4-4ring1#12","4-4ring1","other","4-4ring1","touch"
"30407#6","30407","bracket","Hinge Plate 1 x 8 Locking with Angled Side Extensions, Rounded Plate Underside, 9 Teeth","4-4cyli#13","4-4cyli","other","4-4cyli","touch"
"30407#6","30407","bracket","Hinge Plate 1 x 8 Locking with Angled Side Extensions, Rounded Plate Underside, 9 Teeth","4-4cyli#14","4-4cyli","other","4-4cyli","touch"
"30407#6","30407","bracket","Hinge Plate 1 x 8 Locking with Angled Side Extensions, Rounded Plate Underside, 9 Teeth","4-4ring1#13","4-4ring1","other","4-4ring1","touch"
"3003#1","3003","brick","Brick 2 x 2","3022#5","3022","plate","Plate 2 x 2","touch"
"4-4cyli#1","4-4cyli","other","4-4cyli","4-4cyli#2","4-4cyli","other","4-4cyli","touch"
"4-4cyli#1","4-4cyli","other","4-4cyli","4-4edge#1","4-4edge","other","4-4edge","touch"
"4-4cyli#1","4-4cyli","other","4-4cyli","4-4edge#2","4-4edge","other","4-4edge","touch"
"4-4cyli#1","4-4cyli","other","4-4cyli","4-4ring1#1","4-4ring1","other","4-4ring1","touch"
"4-4cyli#2","4-4cyli","other","4-4cyli","4-4edge#1","4-4edge","other","4-4edge","touch"
"4-4cyli#2","4-4cyli","other","4-4cyli","4-4edge#2","4-4edge","other","4-4edge","touch"
"4-4cyli#2","4-4cyli","other","4-4cyli","4-4ring1#1","4-4ring1","other","4-4ring1","touch"
"4-4edge#1","4-4edge","other","4-4edge","4-4edge#2","4-4edge","other","4-4edge","touch"
"4-4edge#1","4-4edge","other","4-4edge","4-4ring1#1","4-4ring1","other","4-4ring1","touch"
"4-4edge#2","4-4edge","other","4-4edge","4-4ring1#1","4-4ring1","other","4-4ring1","touch"
"4-4ring1#2","4-4ring1","other","4-4ring1","4-4cyli#3","4-4cyli","other","4-4cyli","touch"
"4-4ring1#2","4-4ring1","other","4-4ring1","4-4cyli#4","4-4cyli","other","4-4cyli","touch"
"4-4ring1#2","4-4ring1","other","4-4ring1","4-4ring1#3","4-4ring1","other","4-4ring1","touch"
"4-4ring1#2","4-4ring1","other","4-4ring1","4-4ring1#4","4-4ring1","other","4-4ring1","touch"
"4-4ring1#2","4-4ring1","other","4-4ring1","4-4cyli#5","4-4cyli","other","4-4cyli","touch"
"4-4ring1#2","4-4ring1","other","4-4ring1","4-4cyli#6","4-4cyli","other","4-4cyli","touch"
"4-4ring1#2","4-4ring1","other","4-4ring1","4-4ring1#5","4-4ring1","other","4-4ring1","touch"
"4-4ring1#2","4-4ring1","other","4-4ring1","4-4ring1#6","4-4ring1","other","4-4ring1","touch"
"4-4ring1#2","4-4ring1","other","4-4ring1","4-4cyli#7","4-4cyli","other","4-4cyli","touch"
"4-4ring1#2","4-4ring1","other","4-4ring1","4-4cyli#8","4-4cyli","other","4-4cyli","touch"
"4-4ring1#2","4-4ring1","other","4-4ring1","4-4ring1#7","4-4ring1","other","4-4ring1","touch"
"4-4ring1#2","4-4ring1","other","4-4ring1","4-4ring1#8","4-4ring1","other","4-4ring1","touch"
"4-4ring1#2","4-4ring1","other","4-4ring1","4-4cyli#9","4-4cyli","other","4-4cyli","touch"
"4-4ring1#2","4-4ring1","other","4-4ring1","4-4cyli#10","4-4cyli","other","4-4cyli","touch"
"4-4ring1#2","4-4ring1","other","4-4ring1","4-4ring1#9","4-4ring1","other","4-4ring1","touch"
"4-4ring1#2","4-4ring1","other","4-4ring1","4-4cyli#11","4-4cyli","other","4-4cyli","touch"
"4-4ring1#2","4-4ring1","other","4-4ring1","4-4cyli#12","4-4cyli","other","4-4cyli","touch"
"4-4ring1#2","4-4ring1","other","4-4ring1","4-4ring1#11","4-4ring1","other","4-4ring1","touch"
"4-4cyli#3","4-4cyli","other","4-4cyli","4-4cyli#4","4-4cyli","other","4-4cyli","touch"
"4-4cyli#3","4-4cyli","other","4-4cyli","4-4ring1#3","4-4ring1","other","4-4ring1","touch"
"4-4cyli#3","4-4cyli","other","4-4cyli","4-4ring1#4","4-4ring1","other","4-4ring1","touch"
"4-4cyli#3","4-4cyli","other","4-4cyli","4-4cyli#5","4-4cyli","other","4-4cyli","touch"
"4-4cyli#3","4-4cyli","other","4-4cyli","4-4cyli#6","4-4cyli","other","4-4cyli","touch"
"4-4cyli#3","4-4cyli","other","4-4cyli","4-4ring1#5","4-4ring1","other","4-4ring1","touch"
"4-4cyli#3","4-4cyli","other","4-4cyli","4-4ring1#6","4-4ring1","other","4-4ring1","touch"
"4-4cyli#3","4-4cyli","other","4-4cyli","4-4cyli#7","4-4cyli","other","4-4cyli","touch"
"4-4cyli#3","4-4cyli","other","4-4cyli","4-4cyli#8","4-4cyli","other","4-4cyli","touch"
"4-4cyli#3","4-4cyli","other","4-4cyli","4-4ring1#7","4-4ring1","other","4-4ring1","touch"
"4-4cyli#3","4-4cyli","other","4-4cyli","4-4ring1#8","4-4ring1","other","4-4ring1","touch"
"4-4cyli#3","4-4cyli","other","4-4cyli","4-4cyli#9","4-4cyli","other","4-4cyli","touch"
"4-4cyli#3","4-4cyli","other","4-4cyli","4-4cyli#10","4-4cyli","other","4-4cyli","touch"
"4-4cyli#3","4-4cyli","other","4-4cyli","4-4ring1#9","4-4ring1","other","4-4ring1","touch"
"4-4cyli#3","4-4cyli","other","4-4cyli","4-4ring1#10","4-4ring1","other","4-4ring1","touch"
"4-4cyli#3","4-4cyli","other","4-4cyli","4-4cyli#11","4-4cyli","other","4-4cyli","touch"
"4-4cyli#3","4-4cyli","other","4-4cyli","4-4cyli#12","4-4cyli","other","4-4cyli","touch"
"4-4cyli#3","4-4cyli","other","4-4cyli","4-4ring1#11","4-4ring1","other","4-4ring1","touch"
"4-4cyli#4","4-4cyli","other","4-4cyli","4-4ring1#3","4-4ring1","other","4-4ring1","touch"
"4-4cyli#4","4-4cyli","other","4-4cyli","4-4ring1#4","4-4ring1","other","4-4ring1","touch"
"4-4cyli#4","4-4cyli","other","4-4cyli","4-4cyli#5","4-4cyli","other","4-4cyli","touch"
"4-4cyli#4","4-4cyli","other","4-4cyli","4-4cyli#6","4-4cyli","other","4-4cyli","touch"
"4-4cyli#4","4-4cyli","other","4-4cyli","4-4ring1#5","4-4ring1","other","4-4ring1","touch"
"4-4cyli#4","4-4cyli","other","4-4cyli","4-4ring1#6","4-4ring1","other","4-4ring1","touch"
"4-4cyli#4","4-4cyli","other","4-4cyli","4-4cyli#7","4-4cyli","other","4-4cyli","touch"
"4-4cyli#4","4-4cyli","other","4-4cyli","4-4cyli#8","4-4cyli","other","4-4cyli","touch"
"4-4cyli#4","4-4cyli","other","4-4cyli","4-4ring1#7","4-4ring1","other","4-4ring1","touch"
"4-4cyli#4","4-4cyli","other","4-4cyli","4-4ring1#8","4-4ring1","other","4-4ring1","touch"
"4-4cyli#4","4-4cyli","other","4-4cyli","4-4cyli#9","4-4cyli","other","4-4cyli","touch"
"4-4cyli#4","4-4cyli","other","4-4cyli","4-4cyli#10","4-4cyli","other","4-4cyli","touch"
"4-4cyli#4","4-4cyli","other","4-4cyli","4-4ring1#9","4-4ring1","other","4-4ring1","touch"
"4-4cyli#4","4-4cyli","other","4-4cyli","4-4ring1#10","4-4ring1","other","4-4ring1","touch"
"4-4cyli#4","4-4cyli","other","4-4cyli","4-4cyli#11","4-4cyli","other","4-4cyli","touch"
"4-4cyli#4","4-4cyli","other","4-4cyli","4-4cyli#12","4-4cyli","other","4-4cyli","touch"
"4-4cyli#4","4-4cyli","other","4-4cyli","4-4ring1#11","4-4ring1","other","4-4ring1","touch"
"4-4ring1#3","4-4ring1","other","4-4ring1","4-4ring1#4","4-4ring1","other","4-4ring1","touch"
"4-4ring1#3","4-4ring1","other","4-4ring1","4-4cyli#5","4-4cyli","other","4-4cyli","touch"
"4-4ring1#3","4-4ring1","other","4-4ring1","4-4cyli#6","4-4cyli","other","4-4cyli","touch"
"4-4ring1#3","4-4ring1","other","4-4ring1","4-4ring1#5","4-4ring1","other","4-4ring1","touch"
"4-4ring1#3","4-4ring1","other","4-4ring1","4-4ring1#6","4-4ring1","other","4-4ring1","touch"
"4-4ring1#3","4-4ring1","other","4-4ring1","4-4cyli#7","4-4cyli","other","4-4cyli","touch"
"4-4ring1#3","4-4ring1","other","4-4ring1","4-4cyli#8","4-4cyli","other","4-4cyli","touch"
"4-4ring1#3","4-4ring1","other","4-4ring1","4-4ring1#7","4-4ring1","other","4-4ring1","touch"
"4-4ring1#3","4-4ring1","other","4-4ring1","4-4ring1#8","4-4ring1","other","4-4ring1","touch"
"4-4ring1#3","4-4ring1","other","4-4ring1","4-4cyli#9","4-4cyli","other","4-4cyli","touch"
"4-4ring1#3","4-4ring1","other","4-4ring1","4-4cyli#10","4-4cyli","other","4-4cyli","touch"
"4-4ring1#3","4-4ring1","other","4-4ring1","4-4ring1#9","4-4ring1","other","4-4ring1","touch"
"4-4ring1#3","4-4ring1","other","4-4ring1","4-4ring1#10","4-4ring1","other","4-4ring1","touch"
"4-4ring1#3","4-4ring1","other","4-4ring1","4-4cyli#11","4-4cyli","other","4-4cyli","touch"
"4-4ring1#3","4-4ring1","other","4-4ring1","4-4cyli#12","4-4cyli","other","4-4cyli","touch"
"4-4ring1#3","4-4ring1","other","4-4ring1","4-4ring1#11","4-4ring1","other","4-4ring1","touch"
"4-4ring1#4","4-4ring1","other","4-4ring1","4-4cyli#5","4-4cyli","other","4-4cyli","touch"
"4-4ring1#4","4-4ring1","other","4-4ring1","4-4cyli#6","4-4cyli","other","4-4cyli","touch"
"4-4ring1#4","4-4ring1","other","4-4ring1","4-4ring1#5","4-4ring1","other","4-4ring1","touch"
"4-4ring1#4","4-4ring1","other","4-4ring1","4-4ring1#6","4-4ring1","other","4-4ring1","touch"
"4-4ring1#4","4-4ring1","other","4-4ring1","4-4cyli#7","4-4cyli","other","4-4cyli","touch"
"4-4ring1#4","4-4ring1","other","4-4ring1","4-4cyli#8","4-4cyli","other","4-4cyli","touch"
"4-4ring1#4","4-4ring1","other","4-4ring1","4-4ring1#7","4-4ring1","other","4-4ring1","touch"
"4-4ring1#4","4-4ring1","other","4-4ring1","4-4ring1#8","4-4ring1","other","4-4ring1","touch"
"4-4ring1#4","4-4ring1","other","4-4ring1","4-4cyli#9","4-4cyli","other","4-4cyli","touch"
"4-4ring1#4","4-4ring1","other","4-4ring1","4-4cyli#10","4-4cyli","other","4-4cyli","touch"
"4-4ring1#4","4-4ring1","other","4-4ring1","4-4ring1#9","4-4ring1","other","4-4ring1","touch"
"4-4ring1#4","4-4ring1","other","4-4ring1","4-4ring1#10","4-4ring1","other","4-4ring1","touch"
"4-4ring1#4","4-4ring1","other","4-4ring1","4-4cyli#11","4-4cyli","other","4-4cyli","touch"
"4-4ring1#4","4-4ring1","other","4-4ring1","4-4cyli#12","4-4cyli","other","4-4cyli","touch"
"4-4ring1#4","4-4ring1","other","4-4ring1","4-4ring1#11","4-4ring1","other","4-4ring1","touch"
"4-4ring1#4","4-4ring1","other","4-4ring1","4-4cyli#13","4-4cyli","other","4-4cyli","touch"
"4-4cyli#5","4-4cyli","other","4-4cyli","4-4cyli#6","4-4cyli","other","4-4cyli","touch"
"4-4cyli#5","4-4cyli","other","4-4cyli","4-4ring1#5","4-4ring1","other","4-4ring1","touch"
"4-4cyli#5","4-4cyli","other","4-4cyli","4-4ring1#6","4-4ring1","other","4-4ring1","touch"
"4-4cyli#5","4-4cyli","other","4-4cyli","4-4cyli#7","4-4cyli","other","4-4cyli","touch"
"4-4cyli#5","4-4cyli","other","4-4cyli","4-4cyli#8","4-4cyli","other","4-4cyli","touch"
"4-4cyli#5","4-4cyli","other","4-4cyli","4-4ring1#7","4-4ring1","other","4-4ring1","touch"
"4-4cyli#5","4-4cyli","other","4-4cyli","4-4ring1#8","4-4ring1","other","4-4ring1","touch"
"4-4cyli#5","4-4cyli","other","4-4cyli","4-4cyli#9","4-4cyli","other","4-4cyli","touch"
"4-4cyli#5","4-4cyli","other","4-4cyli","4-4cyli#10","4-4cyli","other","4-4cyli","touch"
"4-4cyli#5","4-4cyli","other","4-4cyli","4-4ring1#9","4-4ring1","other","4-4ring1","touch"
"4-4cyli#5","4-4cyli","other","4-4cyli","4-4ring1#10","4-4ring1","other","4-4ring1","touch"
"4-4cyli#5","4-4cyli","other","4-4cyli","4-4cyli#11","4-4cyli","other","4-4cyli","touch"
"4-4cyli#5","4-4cyli","other","4-4cyli","4-4cyli#12","4-4cyli","other","4-4cyli","touch"
"4-4cyli#5","4-4cyli","other","4-4cyli","4-4ring1#11","4-4ring1","other","4-4ring1","touch"
"4-4cyli#5","4-4cyli","other","4-4cyli","4-4cyli#13","4-4cyli","other","4-4cyli","touch"
"4-4cyli#6","4-4cyli","other","4-4cyli","4-4ring1#5","4-4ring1","other","4-4ring1","touch"
"4-4cyli#6","4-4cyli","other","4-4cyli","4-4ring1#6","4-4ring1","other","4-4ring1","touch"
"4-4cyli#6","4-4cyli","other","4-4cyli","4-4cyli#7","4-4cyli","other","4-4cyli","touch"
"4-4cyli#6","4-4cyli","other","4-4cyli","4-4cyli#8","4-4cyli","other","4-4cyli","touch"
"4-4cyli#6","4-4cyli","other","4-4cyli","4-4ring1#7","4-4ring1","other","4-4ring1","touch"
"4-4cyli#6","4-4cyli","other","4-4cyli","4-4ring1#8","4-4ring1","other","4-4ring1","touch"
"4-4cyli#6","4-4cyli","other","4-4cyli","4-4cyli#9","4-4cyli","other","4-4cyli","touch"
"4-4cyli#6","4-4cyli","other","4-4cyli","4-4cyli#10","4-4cyli","other","4-4cyli","touch"
"4-4cyli#6","4-4cyli","other","4-4cyli","4-4ring1#9","4-4ring1","other","4-4ring1","touch"
"4-4cyli#6","4-4cyli","other","4-4cyli","4-4ring1#10","4-4ring1","other","4-4ring1","touch"
"4-4cyli#6","4-4cyli","other","4-4cyli","4-4cyli#11","4-4cyli","other","4-4cyli","touch"
"4-4cyli#6","4-4cyli","other","4-4cyli","4-4cyli#12","4-4cyli","other","4-4cyli","touch"
"4-4cyli#6","4-4cyli","other","4-4cyli","4-4ring1#11","4-4ring1","other","4-4ring1","touch"
"4-4cyli#6","4-4cyli","other","4-4cyli","4-4cyli#13","4-4cyli","other","4-4cyli","touch"
"4-4ring1#5","4-4ring1","other","4-4ring1","4-4ring1#6","4-4ring1","other","4-4ring1","touch"
"4-4ring1#5","4-4ring1","other","4-4ring1","4-4cyli#7","4-4cyli","other","4-4cyli","touch"
"4-4ring1#5","4-4ring1","other","4-4ring1","4-4cyli#8","4-4cyli","other","4-4cyli","touch"
"4-4ring1#5","4-4ring1","other","4-4ring1","4-4ring1#7","4-4ring1","other","4-4ring1","touch"
"4-4ring1#5","4-4ring1","other","4-4ring1","4-4ring1#8","4-4ring1","other","4-4ring1","touch"
"4-4ring1#5","4-4ring1","other","4-4ring1","4-4cyli#9","4-4cyli","other","4-4cyli","touch"
"4-4ring1#5","4-4ring1","other","4-4ring1","4-4cyli#10","4-4cyli","other","4-4cyli","touch"
"4-4ring1#5","4-4ring1","other","4-4ring1","4-4ring1#9","4-4ring1","other","4-4ring1","touch"
"4-4ring1#5","4-4ring1","other","4-4ring1","4-4ring1#10","4-4ring1","other","4-4ring1","touch"
"4-4ring1#5","4-4ring1","other","4-4ring1","4-4cyli#11","4-4cyli","other","4-4cyli","touch"
"4-4ring1#5","4-4ring1","other","4-4ring1","4-4cyli#12","4-4cyli","other","4-4cyli","touch"
"4-4ring1#5","4-4ring1","other","4-4ring1","4-4ring1#11","4-4ring1","other","4-4ring1","touch"
"4-4ring1#5","4-4ring1","other","4-4ring1","4-4cyli#13","4-4cyli","other","4-4cyli","touch"
"4-4ring1#6","4-4ring1","other","4-4ring1","4-4cyli#7","4-4cyli","other","4-4cyli","touch"
"4-4ring1#6","4-4ring1","other","4-4ring1","4-4cyli#8","4-4cyli","other","4-4cyli","touch"
"4-4ring1#6","4-4ring1","other","4-4ring1","4-4ring1#7","4-4ring1","other","4-4ring1","touch"
"4-4ring1#6","4-4ring1","other","4-4ring1","4-4ring1#8","4-4ring1","other","4-4ring1","touch"
"4-4ring1#6","4-4ring1","other","4-4ring1","4-4cyli#9","4-4cyli","other","4-4cyli","touch"
"4-4ring1#6","4-4ring1","other","4-4ring1","4-4cyli#10","4-4cyli","other","4-4cyli","touch"
"4-4ring1#6","4-4ring1","other","4-4ring1","4-4ring1#9","4-4ring1","other","4-4ring1","touch"
"4-4ring1#6","4-4ring1","other","4-4ring1","4-4ring1#10","4-4ring1","other","4-4ring1","touch"
"4-4ring1#6","4-4ring1","other","4-4ring1","4-4cyli#11","4-4cyli","other","4-4cyli","touch"
"4-4ring1#6","4-4ring1","other","4-4ring1","4-4cyli#12","4-4cyli","other","4-4cyli","touch"
"4-4ring1#6","4-4ring1","other","4-4ring1","4-4ring1#11","4-4ring1","other","4-4ring1","touch"
"4-4ring1#6","4-4ring1","other","4-4ring1","4-4cyli#13","4-4cyli","other","4-4cyli","touch"
"4-4cyli#7","4-4cyli","other","4-4cyli","4-4cyli#8","4-4cyli","other","4-4cyli","touch"
"4-4cyli#7","4-4cyli","other","4-4cyli","4-4ring1#7","4-4ring1","other","4-4ring1","touch"
"4-4cyli#7","4-4cyli","other","4-4cyli","4-4ring1#8","4-4ring1","other","4-4ring1","touch"
"4-4cyli#7","4-4cyli","other","4-4cyli","4-4cyli#9","4-4cyli","other","4-4cyli","touch"
"4-4cyli#7","4-4cyli","other","4-4cyli","4-4cyli#10","4-4cyli","other","4-4cyli","touch"
"4-4cyli#7","4-4cyli","other","4-4cyli","4-4ring1#9","4-4ring1","other","4-4ring1","touch"
"4-4cyli#7","4-4cyli","other","4-4cyli","4-4ring1#10","4-4ring1","other","4-4ring1","touch"
"4-4cyli#7","4-4cyli","other","4-4cyli","4-4cyli#11","4-4cyli","other","4-4cyli","touch"
"4-4cyli#7","4-4cyli","other","4-4cyli","4-4cyli#12","4-4cyli","other","4-4cyli","touch"
"4-4cyli#7","4-4cyli","other","4-4cyli","4-4ring1#11","4-4ring1","other","4-4ring1","touch"
"4-4cyli#7","4-4cyli","other","4-4cyli","4-4cyli#13","4-4cyli","other","4-4cyli","touch"
"4-4cyli#7","4-4cyli","other","4-4cyli","4-4cyli#14","4-4cyli","other","4-4cyli","touch"
"4-4cyli#7","4-4cyli","other","4-4cyli","4-4ring1#13","4-4ring1","other","4-4ring1","touch"
"4-4cyli#8","4-4cyli","other","4-4cyli","4-4ring1#7","4-4ring1","other","4-4ring1","touch"
"4-4cyli#8","4-4cyli","other","4-4cyli","4-4ring1#8","4-4ring1","other","4-4ring1","touch"
"4-4cyli#8","4-4cyli","other","4-4cyli","4-4cyli#9","4-4cyli","other","4-4cyli","touch"
"4-4cyli#8","4-4cyli","other","4-4cyli","4-4cyli#10","4-4cyli","other","4-4cyli","touch"
"4-4cyli#8","4-4cyli","other","4-4cyli","4-4ring1#9","4-4ring1","other","4-4ring1","touch"
"4-4cyli#8","4-4cyli","other","4-4cyli","4-4ring1#10","4-4ring1","other","4-4ring1","touch"
"4-4cyli#8","4-4cyli","other","4-4cyli","4-4cyli#11","4-4cyli","other","4-4cyli","touch"
"4-4cyli#8","4-4cyli","other","4-4cyli","4-4cyli#12","4-4cyli","other","4-4cyli","touch"
"4-4cyli#8","4-4cyli","other","4-4cyli","4-4ring1#11","4-4ring1","other","4-4ring1","touch"
"4-4cyli#8","4-4cyli","other","4-4cyli","4-4cyli#13","4-4cyli","other","4-4cyli","touch"
"4-4ring1#7","4-4ring1","other","4-4ring1","4-4ring1#8","4-4ring1","other","4-4ring1","touch"
"4-4ring1#7","4-4ring1","other","4-4ring1","4-4cyli#9","4-4cyli","other","4-4cyli","touch"
"4-4ring1#7","4-4ring1","other","4-4ring1","4-4cyli#10","4-4cyli","other","4-4cyli","touch"
"4-4ring1#7","4-4ring1","other","4-4ring1","4-4ring1#9","4-4ring1","other","4-4ring1","touch"
"4-4ring1#7","4-4ring1","other","4-4ring1","4-4ring1#10","4-4ring1","other","4-4ring1","touch"
"4-4ring1#7","4-4ring1","other","4-4ring1","4-4cyli#11","4-4cyli","other","4-4cyli","touch"
"4-4ring1#7","4-4ring1","other","4-4ring1","4-4cyli#12","4-4cyli","other","4-4cyli","touch"
"4-4ring1#7","4-4ring1","other","4-4ring1","4-4ring1#11","4-4ring1","other","4-4ring1","touch"
"4-4ring1#7","4-4ring1","other","4-4ring1","4-4cyli#13","4-4cyli","other","4-4cyli","touch"
"4-4ring1#8","4-4ring1","other","4-4ring1","4-4cyli#9","4-4cyli","other","4-4cyli","touch"
"4-4ring1#8","4-4ring1","other","4-4ring1","4-4cyli#10","4-4cyli","other","4-4cyli","touch"
"4-4ring1#8","4-4ring1","other","4-4ring1","4-4ring1#9","4-4ring1","other","4-4ring1","touch"
"4-4ring1#8","4-4ring1","other","4-4ring1","4-4ring1#10","4-4ring1","other","4-4ring1","touch"
"4-4ring1#8","4-4ring1","other","4-4ring1","4-4cyli#11","4-4cyli","other","4-4cyli","touch"
"4-4ring1#8","4-4ring1","other","4-4ring1","4-4cyli#12","4-4cyli","other","4-4cyli","touch"
"4-4ring1#8","4-4ring1","other","4-4ring1","4-4ring1#11","4-4ring1","other","4-4ring1","touch"
"4-4ring1#8","4-4ring1","other","4-4ring1","4-4cyli#13","4-4cyli","other","4-4cyli","touch"
"4-4ring1#8","4-4ring1","other","4-4ring1","4-4cyli#14","4-4cyli","other","4-4cyli","touch"
"4-4ring1#8","4-4ring1","other","4-4ring1","4-4ring1#13","4-4ring1","other","4-4ring1","touch"
"4-4cyli#9","4-4cyli","other","4-4cyli","4-4cyli#10","4-4cyli","other","4-4cyli","touch"
"4-4cyli#9","4-4cyli","other","4-4cyli","4-4ring1#9","4-4ring1","other","4-4ring1","touch"
"4-4cyli#9","4-4cyli","other","4-4cyli","4-4ring1#10","4-4ring1","other","4-4ring1","touch"
"4-4cyli#9","4-4cyli","other","4-4cyli","4-4cyli#11","4-4cyli","other","4-4cyli","touch"
"4-4cyli#9","4-4cyli","other","4-4cyli","4-4cyli#12","4-4cyli","other","4-4cyli","touch"
"4-4cyli#9","4-4cyli","other","4-4cyli","4-4ring1#11","4-4ring1","other","4-4ring1","touch"
"4-4cyli#9","4-4cyli","other","4-4cyli","4-4ring1#12","4-4ring1","other","4-4ring1","touch"
"4-4cyli#9","4-4cyli","other","4-4cyli","4-4cyli#13","4-4cyli","other","4-4cyli","touch"
"4-4cyli#9","4-4cyli","other","4-4cyli","4-4cyli#14","4-4cyli","other","4-4cyli","touch"
"4-4cyli#9","4-4cyli","other","4-4cyli","4-4ring1#13","4-4ring1","other","4-4ring1","touch"
"4-4cyli#10","4-4cyli","other","4-4cyli","4-4ring1#9","4-4ring1","other","4-4ring1","touch"
"4-4cyli#10","4-4cyli","other","4-4cyli","4-4ring1#10","4-4ring1","other","4-4ring1","touch"
"4-4cyli#10","4-4cyli","other","4-4cyli","4-4cyli#11","4-4cyli","other","4-4cyli","touch"
"4-4cyli#10","4-4cyli","other","4-4cyli","4-4cyli#12","4-4cyli","other","4-4cyli","touch"
"4-4cyli#10","4-4cyli","other","4-4cyli","4-4ring1#11","4-4ring1","other","4-4ring1","touch"
"4-4cyli#10","4-4cyli","other","4-4cyli","4-4ring1#12","4-4ring1","other","4-4ring1","touch"
"4-4cyli#10","4-4cyli","other","4-4cyli","4-4cyli#13","4-4cyli","other","4-4cyli","touch"
"4-4cyli#10","4-4cyli","other","4-4cyli","4-4cyli#14","4-4cyli","other","4-4cyli","touch"
"4-4cyli#10","4-4cyli","other","4-4cyli","4-4ring1#13","4-4ring1","other","4-4ring1","touch"
"4-4ring1#9","4-4ring1","other","4-4ring1","4-4ring1#10","4-4ring1","other","4-4ring1","touch"
"4-4ring1#9","4-4ring1","other","4-4ring1","4-4cyli#11","4-4cyli","other","4-4cyli","touch"
"4-4ring1#9","4-4ring1","other","4-4ring1","4-4cyli#12","4-4cyli","other","4-4cyli","touch"
"4-4ring1#9","4-4ring1","other","4-4ring1","4-4ring1#11","4-4ring1","other","4-4ring1","touch"
"4-4ring1#9","4-4ring1","other","4-4ring1","4-4ring1#12","4-4ring1","other","4-4ring1","touch"
"4-4ring1#9","4-4ring1","other","4-4ring1","4-4cyli#13","4-4cyli","other","4-4cyli","touch"
"4-4ring1#9","4-4ring1","other","4-4ring1","4-4cyli#14","4-4cyli","other","4-4cyli","touch"
"4-4ring1#9","4-4ring1","other","4-4ring1","4-4ring1#13","4-4ring1","other","4-4ring1","touch"
"4-4ring1#10","4-4ring1","other","4-4ring1","4-4cyli#11","4-4cyli","other","4-4cyli","touch"
"4-4ring1#10","4-4ring1","other","4-4ring1","4-4cyli#12","4-4cyli","other","4-4cyli","touch"
"4-4ring1#10","4-4ring1","other","4-4ring1","4-4ring1#11","4-4ring1","other","4-4ring1","touch"
"4-4ring1#10","4-4ring1","other","4-4ring1","4-4ring1#12","4-4ring1","other","4-4ring1","touch"
"4-4ring1#10","4-4ring1","other","4-4ring1","4-4cyli#13","4-4cyli","other","4-4cyli","touch"
"4-4ring1#10","4-4ring1","other","4-4ring1","4-4cyli#14","4-4cyli","other","4-4cyli","touch"
"4-4ring1#10","4-4ring1","other","4-4ring1","4-4ring1#13","4-4ring1","other","4-4ring1","touch"
"4-4cyli#11","4-4cyli","other","4-4cyli","4-4cyli#12","4-4cyli","other","4-4cyli","touch"
"4-4cyli#11","4-4cyli","other","4-4cyli","4-4ring1#11","4-4ring1","other","4-4ring1","touch"
"4-4cyli#11","4-4cyli","other","4-4cyli","4-4ring1#12","4-4ring1","other","4-4ring1","touch"
"4-4cyli#11","4-4cyli","other","4-4cyli","4-4cyli#13","4-4cyli","other","4-4cyli","touch"
"4-4cyli#11","4-4cyli","other","4-4cyli","4-4cyli#14","4-4cyli","other","4-4cyli","touch"
"4-4cyli#11","4-4cyli","other","4-4cyli","4-4ring1#13","4-4ring1","other","4-4ring1","touch"
"4-4cyli#12","4-4cyli","other","4-4cyli","4-4ring1#11","4-4ring1","other","4-4ring1","touch"
"4-4cyli#12","4-4cyli","other","4-4cyli","4-4ring1#12","4-4ring1","other","4-4ring1","touch"
"4-4cyli#12","4-4cyli","other","4-4cyli","4-4cyli#13","4-4cyli","other","4-4cyli","touch"
"4-4cyli#12","4-4cyli","other","4-4cyli","4-4cyli#14","4-4cyli","other","4-4cyli","touch"
"4-4cyli#12","4-4cyli","other","4-4cyli","4-4ring1#13","4-4ring1","other","4-4ring1","touch"
"4-4ring1#11","4-4ring1","other","4-4ring1","4-4ring1#12","4-4ring1","other","4-4ring1","touch"
"4-4ring1#11","4-4ring1","other","4-4ring1","4-4cyli#13","4-4cyli","other","4-4cyli","touch"
"4-4ring1#11","4-4ring1","other","4-4ring1","4-4cyli#14","4-4cyli","other","4-4cyli","touch"
"4-4ring1#11","4-4ring1","other","4-4ring1","4-4ring1#13","4-4ring1","other","4-4ring1","touch"
"4-4ring1#12","4-4ring1","other","4-4ring1","4-4cyli#13","4-4cyli","other","4-4cyli","touch"
"4-4ring1#12","4-4ring1","other","4-4ring1","4-4cyli#14","4-4cyli","other","4-4cyli","touch"
"4-4ring1#12","4-4ring1","other","4-4ring1","4-4ring1#13","4-4ring1","other","4-4ring1","touch"
"4-4cyli#13","4-4cyli","other","4-4cyli","4-4cyli#14","4-4cyli","other","4-4cyli","touch"
"4-4cyli#13","4-4cyli","other","4-4cyli","4-4ring1#13","4-4ring1","other","4-4ring1","touch"
"4-4cyli#13","4-4cyli","other","4-4cyli","4-4cyli#15","4-4cyli","other","4-4cyli","touch"
"4-4cyli#14","4-4cyli","other","4-4cyli","4-4ring1#13","4-4ring1","other","4-4ring1","touch"
"4-4ring1#14","4-4ring1","other","4-4ring1","4-4cyli#15","4-4cyli","other","4-4cyli","touch"
"4-4ring1#14","4-4ring1","other","4-4ring1","4-4cyli#16","4-4cyli","other","4-4cyli","touch"
"4-4ring1#14","4-4ring1","other","4-4ring1","4-4ring1#15","4-4ring1","other","4-4ring1","touch"
"4-4cyli#15","4-4cyli","other","4-4cyli","4-4cyli#16","4-4cyli","other","4-4cyli","touch"
"4-4cyli#15","4-4cyli","other","4-4cyli","4-4ring1#15","4-4ring1","other","4-4ring1","touch"
"4-4cyli#16","4-4cyli","other","4-4cyli","4-4ring1#15","4-4ring1","other","4-4ring1","touch"
"4-4ring1#16","4-4ring1","other","4-4ring1","4-4cyli#17","4-4cyli","other","4-4cyli","touch"
"4-4ring1#16","4-4ring1","other","4-4ring1","4-4cyli#18","4-4cyli","other","4-4cyli","touch"
"4-4ring1#16","4-4ring1","other","4-4ring1","4-4ring1#17","4-4ring1","other","4-4ring1","touch"
"4-4ring1#16","4-4ring1","other","4-4ring1","4-4ring1#18","4-4ring1","other","4-4ring1","touch"
"4-4ring1#16","4-4ring1","other","4-4ring1","4-4cyli#19","4-4cyli","other","4-4cyli","touch"
"4-4ring1#16","4-4ring1","other","4-4ring1","4-4cyli#20","4-4cyli","other","4-4cyli","touch"
"4-4ring1#16","4-4ring1","other","4-4ring1","4-4ring1#19","4-4ring1","other","4-4ring1","touch"
"4-4ring1#16","4-4ring1","other","4-4ring1","4-4ring1#20","4-4ring1","other","4-4ring1","touch"
"4-4ring1#16","4-4ring1","other","4-4ring1","4-4cyli#21","4-4cyli","other","4-4cyli","touch"
"4-4ring1#16","4-4ring1","other","4-4ring1","4-4cyli#22","4-4cyli","other","4-4cyli","touch"
"4-4ring1#16","4-4ring1","other","4-4ring1","4-4ring1#21","4-4ring1","other","4-4ring1","touch"
"4-4cyli#17","4-4cyli","other","4-4cyli","4-4cyli#18","4-4cyli","other","4-4cyli","touch"
"4-4cyli#17","4-4cyli","other","4-4cyli","4-4ring1#17","4-4ring1","other","4-4ring1","touch"
"4-4cyli#17","4-4cyli","other","4-4cyli","4-4ring1#18","4-4ring1","other","4-4ring1","touch"
"4-4cyli#17","4-4cyli","other","4-4cyli","4-4cyli#19","4-4cyli","other","4-4cyli","touch"
"4-4cyli#17","4-4cyli","other","4-4cyli","4-4cyli#20","4-4cyli","other","4-4cyli","touch"
"4-4cyli#17","4-4cyli","other","4-4cyli","4-4ring1#19","4-4ring1","other","4-4ring1","touch"
"4-4cyli#17","4-4cyli","other","4-4cyli","4-4ring1#20","4-4ring1","other","4-4ring1","touch"
"4-4cyli#17","4-4cyli","other","4-4cyli","4-4cyli#21","4-4cyli","other","4-4cyli","touch"
"4-4cyli#17","4-4cyli","other","4-4cyli","4-4cyli#22","4-4cyli","other","4-4cyli","touch"
"4-4cyli#17","4-4cyli","other","4-4cyli","4-4ring1#21","4-4ring1","other","4-4ring1","touch"
"4-4cyli#17","4-4cyli","other","4-4cyli","4-4ring1#22","4-4ring1","other","4-4ring1","touch"
"4-4cyli#17","4-4cyli","other","4-4cyli","4-4cyli#23","4-4cyli","other","4-4cyli","touch"
"4-4cyli#17","4-4cyli","other","4-4cyli","4-4cyli#24","4-4cyli","other","4-4cyli","touch"
"4-4cyli#17","4-4cyli","other","4-4cyli","4-4ring1#23","4-4ring1","other","4-4ring1","touch"
"4-4cyli#18","4-4cyli","other","4-4cyli","4-4ring1#17","4-4ring1","other","4-4ring1","touch"
"4-4cyli#18","4-4cyli","other","4-4cyli","4-4ring1#18","4-4ring1","other","4-4ring1","touch"
"4-4cyli#18","4-4cyli","other","4-4cyli","4-4cyli#19","4-4cyli","other","4-4cyli","touch"
"4-4cyli#18","4-4cyli","other","4-4cyli","4-4cyli#20","4-4cyli","other","4-4cyli","touch"
"4-4cyli#18","4-4cyli","other","4-4cyli","4-4ring1#19","4-4ring1","other","4-4ring1","touch"
"4-4cyli#18","4-4cyli","other","4-4cyli","4-4ring1#20","4-4ring1","other","4-4ring1","touch"
"4-4cyli#18","4-4cyli","other","4-4cyli","4-4cyli#21","4-4cyli","other","4-4cyli","touch"
"4-4cyli#18","4-4cyli","other","4-4cyli","4-4cyli#22","4-4cyli","other","4-4cyli","touch"
"4-4cyli#18","4-4cyli","other","4-4cyli","4-4ring1#21","4-4ring1","other","4-4ring1","touch"
"4-4ring1#17","4-4ring1","other","4-4ring1","4-4ring1#18","4-4ring1","other","4-4ring1","touch"
"4-4ring1#17","4-4ring1","other","4-4ring1","4-4cyli#19","4-4cyli","other","4-4cyli","touch"
"4-4ring1#17","4-4ring1","other","4-4ring1","4-4cyli#20","4-4cyli","other","4-4cyli","touch"
"4-4ring1#17","4-4ring1","other","4-4ring1","4-4ring1#19","4-4ring1","other","4-4ring1","touch"
"4-4ring1#17","4-4ring1","other","4-4ring1","4-4ring1#20","4-4ring1","other","4-4ring1","touch"
"4-4ring1#17","4-4ring1","other","4-4ring1","4-4cyli#21","4-4cyli","other","4-4cyli","touch"
"4-4ring1#17","4-4ring1","other","4-4ring1","4-4cyli#22","4-4cyli","other","4-4cyli","touch"
"4-4ring1#17","4-4ring1","other","4-4ring1","4-4ring1#21","4-4ring1","other","4-4ring1","touch"
"4-4ring1#18","4-4ring1","other","4-4ring1","4-4cyli#19","4-4cyli","other","4-4cyli","touch"
"4-4ring1#18","4-4ring1","other","4-4ring1","4-4cyli#20","4-4cyli","other","4-4cyli","touch"
"4-4ring1#18","4-4ring1","other","4-4ring1","4-4ring1#19","4-4ring1","other","4-4ring1","touch"
"4-4ring1#18","4-4ring1","other","4-4ring1","4-4ring1#20","4-4ring1","other","4-4ring1","touch"
"4-4ring1#18","4-4ring1","other","4-4ring1","4-4cyli#21","4-4cyli","other","4-4cyli","touch"
"4-4ring1#18","4-4ring1","other","4-4ring1","4-4cyli#22","4-4cyli","other","4-4cyli","touch"
"4-4ring1#18","4-4ring1","other","4-4ring1","4-4ring1#21","4-4ring1","other","4-4ring1","touch"
"4-4ring1#18","4-4ring1","other","4-4ring1","4-4ring1#22","4-4ring1","other","4-4ring1","touch"
"4-4ring1#18","4-4ring1","other","4-4ring1","4-4cyli#23","4-4cyli","other","4-4cyli","touch"
"4-4ring1#18","4-4ring1","other","4-4ring1","4-4cyli#24","4-4cyli","other","4-4cyli","touch"
"4-4ring1#18","4-4ring1","other","4-4ring1","4-4ring1#23","4-4ring1","other","4-4ring1","touch"
"4-4ring1#18","4-4ring1","other","4-4ring1","4-4ring1#24","4-4ring1","other","4-4ring1","touch"
"4-4ring1#18","4-4ring1","other","4-4ring1","4-4ring1#26","4-4ring1","other","4-4ring1","touch"
"4-4cyli#19","4-4cyli","other","4-4cyli","4-4cyli#20","4-4cyli","other","4-4cyli","touch"
"4-4cyli#19","4-4cyli","other","4-4cyli","4-4ring1#19","4-4ring1","other","4-4ring1","touch"
"4-4cyli#19","4-4cyli","other","4-4cyli","4-4ring1#20","4-4ring1","other","4-4ring1","touch"
"4-4cyli#19","4-4cyli","other","4-4cyli","4-4cyli#21","4-4cyli","other","4-4cyli","touch"
"4-4cyli#19","4-4cyli","other","4-4cyli","4-4cyli#22","4-4cyli","other","4-4cyli","touch"
"4-4cyli#19","4-4cyli","other","4-4cyli","4-4ring1#21","4-4ring1","other","4-4ring1","touch"
"4-4cyli#19","4-4cyli","other","4-4cyli","4-4ring1#22","4-4ring1","other","4-4ring1","touch"
"4-4cyli#19","4-4cyli","other","4-4cyli","4-4cyli#23","4-4cyli","other","4-4cyli","touch"
"4-4cyli#19","4-4cyli","other","4-4cyli","4-4cyli#24","4-4cyli","other","4-4cyli","touch"
"4-4cyli#19","4-4cyli","other","4-4cyli","4-4ring1#23","4-4ring1","other","4-4ring1","touch"
"4-4cyli#19","4-4cyli","other","4-4cyli","4-4ring1#24","4-4ring1","other","4-4ring1","touch"
"4-4cyli#19","4-4cyli","other","4-4cyli","4-4ring1#26","4-4ring1","other","4-4ring1","touch"
"4-4cyli#20","4-4cyli","other","4-4cyli","4-4ring1#19","4-4ring1","other","4-4ring1","touch"
"4-4cyli#20","4-4cyli","other","4-4cyli","4-4ring1#20","4-4ring1","other","4-4ring1","touch"
"4-4cyli#20","4-4cyli","other","4-4cyli","4-4cyli#21","4-4cyli","other","4-4cyli","touch"
"4-4cyli#20","4-4cyli","other","4-4cyli","4-4cyli#22","4-4cyli","other","4-4cyli","touch"
"4-4cyli#20","4-4cyli","other","4-4cyli","4-4ring1#21","4-4ring1","other","4-4ring1","touch"
"4-4cyli#20","4-4cyli","other","4-4cyli","4-4ring1#22","4-4ring1","other","4-4ring1","touch"
"4-4cyli#20","4-4cyli","other","4-4cyli","4-4cyli#23","4-4cyli","other","4-4cyli","touch"
"4-4cyli#20","4-4cyli","other","4-4cyli","4-4cyli#24","4-4cyli","other","4-4cyli","touch"
"4-4cyli#20","4-4cyli","other","4-4cyli","4-4ring1#23","4-4ring1","other","4-4ring1","touch"
"4-4cyli#20","4-4cyli","other","4-4cyli","4-4ring1#24","4-4ring1","other","4-4ring1","touch"
"4-4cyli#20","4-4cyli","other","4-4cyli","4-4ring1#26","4-4ring1","other","4-4ring1","touch"
"4-4ring1#19","4-4ring1","other","4-4ring1","4-4ring1#20","4-4ring1","other","4-4ring1","touch"
"4-4ring1#19","4-4ring1","other","4-4ring1","4-4cyli#21","4-4cyli","other","4-4cyli","touch"
"4-4ring1#19","4-4ring1","other","4-4ring1","4-4cyli#22","4-4cyli","other","4-4cyli","touch"
"4-4ring1#19","4-4ring1","other","4-4ring1","4-4ring1#21","4-4ring1","other","4-4ring1","touch"
"4-4ring1#19","4-4ring1","other","4-4ring1","4-4ring1#22","4-4ring1","other","4-4ring1","touch"
"4-4ring1#19","4-4ring1","other","4-4ring1","4-4cyli#23","4-4cyli","other","4-4cyli","touch"
"4-4ring1#19","4-4ring1","other","4-4ring1","4-4cyli#24","4-4cyli","other","4-4cyli","touch"
"4-4ring1#19","4-4ring1","other","4-4ring1","4-4ring1#23","4-4ring1","other","4-4ring1","touch"
"4-4ring1#19","4-4ring1","other","4-4ring1","4-4ring1#24","4-4ring1","other","4-4ring1","touch"
"4-4ring1#19","4-4ring1","other","4-4ring1","4-4ring1#26","4-4ring1","other","4-4ring1","touch"
"4-4ring1#20","4-4ring1","other","4-4ring1","4-4cyli#21","4-4cyli","other","4-4cyli","touch"
"4-4ring1#20","4-4ring1","other","4-4ring1","4-4cyli#22","4-4cyli","other","4-4cyli","touch"
"4-4ring1#20","4-4ring1","other","4-4ring1","4-4ring1#21","4-4ring1","other","4-4ring1","touch"
"4-4ring1#20","4-4ring1","other","4-4ring1","4-4ring1#22","4-4ring1","other","4-4ring1","touch"
"4-4ring1#20","4-4ring1","other","4-4ring1","4-4cyli#23","4-4cyli","other","4-4cyli","touch"
"4-4ring1#20","4-4ring1","other","4-4ring1","4-4cyli#24","4-4cyli","other","4-4cyli","touch"
"4-4ring1#20","4-4ring1","other","4-4ring1","4-4ring1#23","4-4ring1","other","4-4ring1","touch"
"4-4ring1#20","4-4ring1","other","4-4ring1","4-4ring1#24","4-4ring1","other","4-4ring1","touch"
"4-4ring1#20","4-4ring1","other","4-4ring1","4-4ring1#26","4-4ring1","other","4-4ring1","touch"
"4-4cyli#21","4-4cyli","other","4-4cyli","4-4cyli#22","4-4cyli","other","4-4cyli","touch"
"4-4cyli#21","4-4cyli","other","4-4cyli","4-4ring1#21","4-4ring1","other","4-4ring1","touch"
"4-4cyli#21","4-4cyli","other","4-4cyli","4-4ring1#22","4-4ring1","other","4-4ring1","touch"
"4-4cyli#21","4-4cyli","other","4-4cyli","4-4cyli#23","4-4cyli","other","4-4cyli","touch"
"4-4cyli#21","4-4cyli","other","4-4cyli","4-4cyli#24","4-4cyli","other","4-4cyli","touch"
"4-4cyli#21","4-4cyli","other","4-4cyli","4-4ring1#23","4-4ring1","other","4-4ring1","touch"
"4-4cyli#21","4-4cyli","other","4-4cyli","4-4ring1#24","4-4ring1","other","4-4ring1","touch"
"4-4cyli#21","4-4cyli","other","4-4cyli","4-4ring1#26","4-4ring1","other","4-4ring1","touch"
"4-4cyli#22","4-4cyli","other","4-4cyli","4-4ring1#21","4-4ring1","other","4-4ring1","touch"
"4-4cyli#22","4-4cyli","other","4-4cyli","4-4ring1#22","4-4ring1","other","4-4ring1","touch"
"4-4cyli#22","4-4cyli","other","4-4cyli","4-4cyli#23","4-4cyli","other","4-4cyli","touch"
"4-4cyli#22","4-4cyli","other","4-4cyli","4-4cyli#24","4-4cyli","other","4-4cyli","touch"
"4-4cyli#22","4-4cyli","other","4-4cyli","4-4ring1#23","4-4ring1","other","4-4ring1","touch"
"4-4cyli#22","4-4cyli","other","4-4cyli","4-4ring1#24","4-4ring1","other","4-4ring1","touch"
"4-4cyli#22","4-4cyli","other","4-4cyli","4-4ring1#26","4-4ring1","other","4-4ring1","touch"
"4-4ring1#21","4-4ring1","other","4-4ring1","4-4ring1#22","4-4ring1","other","4-4ring1","touch"
"4-4ring1#21","4-4ring1","other","4-4ring1","4-4cyli#23","4-4cyli","other","4-4cyli","touch"
"4-4ring1#21","4-4ring1","other","4-4ring1","4-4cyli#24","4-4cyli","other","4-4cyli","touch"
"4-4ring1#21","4-4ring1","other","4-4ring1","4-4ring1#23","4-4ring1","other","4-4ring1","touch"
"4-4ring1#21","4-4ring1","other","4-4ring1","4-4ring1#24","4-4ring1","other","4-4ring1","touch"
"4-4ring1#21","4-4ring1","other","4-4ring1","4-4ring1#26","4-4ring1","other","4-4ring1","touch"
"4-4ring1#22","4-4ring1","other","4-4ring1","4-4cyli#23","4-4cyli","other","4-4cyli","touch"
"4-4ring1#22","4-4ring1","other","4-4ring1","4-4cyli#24","4-4cyli","other","4-4cyli","touch"
"4-4ring1#22","4-4ring1","other","4-4ring1","4-4ring1#23","4-4ring1","other","4-4ring1","touch"
"4-4ring1#22","4-4ring1","other","4-4ring1","4-4ring1#24","4-4ring1","other","4-4ring1","touch"
"4-4ring1#22","4-4ring1","other","4-4ring1","4-4ring1#26","4-4ring1","other","4-4ring1","touch"
"4-4cyli#23","4-4cyli","other","4-4cyli","4-4cyli#24","4-4cyli","other","4-4cyli","touch"
"4-4cyli#23","4-4cyli","other","4-4cyli","4-4ring1#23","4-4ring1","other","4-4ring1","touch"
"4-4cyli#23","4-4cyli","other","4-4cyli","4-4ring1#24","4-4ring1","other","4-4ring1","touch"
"4-4cyli#23","4-4cyli","other","4-4cyli","4-4ring1#26","4-4ring1","other","4-4ring1","touch"
"4-4cyli#24","4-4cyli","other","4-4cyli","4-4ring1#23","4-4ring1","other","4-4ring1","touch"
"4-4cyli#24","4-4cyli","other","4-4cyli","4-4ring1#24","4-4ring1","other","4-4ring1","touch"
"4-4cyli#24","4-4cyli","other","4-4cyli","4-4ring1#26","4-4ring1","other","4-4ring1","touch"
"4-4ring1#23","4-4ring1","other","4-4ring1","4-4ring1#24","4-4ring1","other","4-4ring1","touch"
"4-4ring1#23","4-4ring1","other","4-4ring1","4-4ring1#26","4-4ring1","other","4-4ring1","touch"
"4-4ring1#24","4-4ring1","other","4-4ring1","4-4ring1#26","4-4ring1","other","4-4ring1","touch"
"4-4cyli#25","4-4cyli","other","4-4cyli","4-4cyli#26","4-4cyli","other","4-4cyli","touch"
"4-4cyli#25","4-4cyli","other","4-4cyli","4-4edge#3","4-4edge","other","4-4edge","touch"
"4-4cyli#25","4-4cyli","other","4-4cyli","4-4edge#4","4-4edge","other","4-4edge","touch"
"4-4cyli#25","4-4cyli","other","4-4cyli","4-4ring1#25","4-4ring1","other","4-4ring1","touch"
"4-4cyli#26","4-4cyli","other","4-4cyli","4-4edge#3","4-4edge","other","4-4edge","touch"
"4-4cyli#26","4-4cyli","other","4-4cyli","4-4edge#4","4-4edge","other","4-4edge","touch"
"4-4cyli#26","4-4cyli","other","4-4cyli","4-4ring1#25","4-4ring1","other","4-4ring1","touch"
"4-4edge#3","4-4edge","other","4-4edge","4-4edge#4","4-4edge","other","4-4edge","touch"
"4-4edge#3","4-4edge","other","4-4edge","4-4ring1#25","4-4ring1","other","4-4ring1","touch"
"4-4edge#4","4-4edge","other","4-4edge","4-4ring1#25","4-4ring1","other","4-4ring1","touch"
"4-4cyli#27","4-4cyli","other","4-4cyli","4-4cyli#28","4-4cyli","other","4-4cyli","touch"
"4-4cyli#27","4-4cyli","other","4-4cyli","4-4edge#5","4-4edge","other","4-4edge","touch"
"4-4cyli#27","4-4cyli","other","4-4cyli","4-4edge#6","4-4edge","other","4-4edge","touch"
"4-4cyli#27","4-4cyli","other","4-4cyli","4-4ring1#27","4-4ring1","other","4-4ring1","touch"
"4-4cyli#28","4-4cyli","other","4-4cyli","4-4edge#5","4-4edge","other","4-4edge","touch"
"4-4cyli#28","4-4cyli","other","4-4cyli","4-4edge#6","4-4edge","other","4-4edge","touch"
"4-4cyli#28","4-4cyli","other","4-4cyli","4-4ring1#27","4-4ring1","other","4-4ring1","touch"
"4-4edge#5","4-4edge","other","4-4edge","4-4edge#6","4-4edge","other","4-4edge","touch"
"4-4edge#5","4-4edge","other","4-4edge","4-4ring1#27","4-4ring1","other","4-4ring1","touch"
"4-4edge#6","4-4edge","other","4-4edge","4-4ring1#27","4-4ring1","other","4-4ring1","touch"
"4-4ring1#28","4-4ring1","other","4-4ring1","4-4cyli#29","4-4cyli","other","4-4cyli","touch"
"4-4ring1#28","4-4ring1","other","4-4ring1","4-4cyli#30","4-4cyli","other","4-4cyli","touch"
"4-4ring1#28","4-4ring1","other","4-4ring1","4-4ring1#29","4-4ring1","other","4-4ring1","touch"
"4-4ring1#28","4-4ring1","other","4-4ring1","4-4ring1#30","4-4ring1","other","4-4ring1","touch"
"4-4ring1#28","4-4ring1","other","4-4ring1","4-4cyli#31","4-4cyli","other","4-4cyli","touch"
"4-4ring1#28","4-4ring1","other","4-4ring1","4-4cyli#32","4-4cyli","other","4-4cyli","touch"
"4-4ring1#28","4-4ring1","other","4-4ring1","4-4ring1#31","4-4ring1","other","4-4ring1","touch"
"4-4ring1#28","4-4ring1","other","4-4ring1","4-4ring1#32","4-4ring1","other","4-4ring1","touch"
"4-4ring1#28","4-4ring1","other","4-4ring1","4-4cyli#33","4-4cyli","other","4-4cyli","touch"
"4-4ring1#28","4-4ring1","other","4-4ring1","4-4cyli#34","4-4cyli","other","4-4cyli","touch"
"4-4ring1#28","4-4ring1","other","4-4ring1","4-4ring1#33","4-4ring1","other","4-4ring1","touch"
"4-4ring1#28","4-4ring1","other","4-4ring1","4-4ring1#34","4-4ring1","other","4-4ring1","touch"
"4-4ring1#28","4-4ring1","other","4-4ring1","4-4cyli#35","4-4cyli","other","4-4cyli","touch"
"4-4ring1#28","4-4ring1","other","4-4ring1","4-4cyli#36","4-4cyli","other","4-4cyli","touch"
"4-4ring1#28","4-4ring1","other","4-4ring1","4-4ring1#35","4-4ring1","other","4-4ring1","touch"
"4-4ring1#28","4-4ring1","other","4-4ring1","4-4cyli#37","4-4cyli","other","4-4cyli","touch"
"4-4ring1#28","4-4ring1","other","4-4ring1","4-4cyli#38","4-4cyli","other","4-4cyli","touch"
"4-4ring1#28","4-4ring1","other","4-4ring1","4-4ring1#37","4-4ring1","other","4-4ring1","touch"
"4-4cyli#29","4-4cyli","other","4-4cyli","4-4cyli#30","4-4cyli","other","4-4cyli","touch"
"4-4cyli#29","4-4cyli","other","4-4cyli","4-4ring1#29","4-4ring1","other","4-4ring1","touch"
"4-4cyli#29","4-4cyli","other","4-4cyli","4-4ring1#30","4-4ring1","other","4-4ring1","touch"
"4-4cyli#29","4-4cyli","other","4-4cyli","4-4cyli#31","4-4cyli","other","4-4cyli","touch"
"4-4cyli#29","4-4cyli","other","4-4cyli","4-4cyli#32","4-4cyli","other","4-4cyli","touch"
"4-4cyli#29","4-4cyli","other","4-4cyli","4-4ring1#31","4-4ring1","other","4-4ring1","touch"
"4-4cyli#29","4-4cyli","other","4-4cyli","4-4ring1#32","4-4ring1","other","4-4ring1","touch"
"4-4cyli#29","4-4cyli","other","4-4cyli","4-4cyli#33","4-4cyli","other","4-4cyli","touch"
"4-4cyli#29","4-4cyli","other","4-4cyli","4-4cyli#34","4-4cyli","other","4-4cyli","touch"
"4-4cyli#29","4-4cyli","other","4-4cyli","4-4ring1#33","4-4ring1","other","4-4ring1","touch"
"4-4cyli#29","4-4cyli","other","4-4cyli","4-4ring1#34","4-4ring1","other","4-4ring1","touch"
"4-4cyli#29","4-4cyli","other","4-4cyli","4-4cyli#35","4-4cyli","other","4-4cyli","touch"
"4-4cyli#29","4-4cyli","other","4-4cyli","4-4cyli#36","4-4cyli","other","4-4cyli","touch"
"4-4cyli#29","4-4cyli","other","4-4cyli","4-4ring1#35","4-4ring1","other","4-4ring1","touch"
"4-4cyli#29","4-4cyli","other","4-4cyli","4-4ring1#36","4-4ring1","other","4-4ring1","touch"
"4-4cyli#29","4-4cyli","other","4-4cyli","4-4cyli#37","4-4cyli","other","4-4cyli","touch"
"4-4cyli#29","4-4cyli","other","4-4cyli","4-4cyli#38","4-4cyli","other","4-4cyli","touch"
"4-4cyli#29","4-4cyli","other","4-4cyli","4-4ring1#37","4-4ring1","other","4-4ring1","touch"
"4-4cyli#30","4-4cyli","other","4-4cyli","4-4ring1#29","4-4ring1","other","4-4ring1","touch"
"4-4cyli#30","4-4cyli","other","4-4cyli","4-4ring1#30","4-4ring1","other","4-4ring1","touch"
"4-4cyli#30","4-4cyli","other","4-4cyli","4-4cyli#31","4-4cyli","other","4-4cyli","touch"
"4-4cyli#30","4-4cyli","other","4-4cyli","4-4cyli#32","4-4cyli","other","4-4cyli","touch"
"4-4cyli#30","4-4cyli","other","4-4cyli","4-4ring1#31","4-4ring1","other","4-4ring1","touch"
"4-4cyli#30","4-4cyli","other","4-4cyli","4-4ring1#32","4-4ring1","other","4-4ring1","touch"
"4-4cyli#30","4-4cyli","other","4-4cyli","4-4cyli#33","4-4cyli","other","4-4cyli","touch"
"4-4cyli#30","4-4cyli","other","4-4cyli","4-4cyli#34","4-4cyli","other","4-4cyli","touch"
"4-4cyli#30","4-4cyli","other","4-4cyli","4-4ring1#33","4-4ring1","other","4-4ring1","touch"
"4-4cyli#30","4-4cyli","other","4-4cyli","4-4ring1#34","4-4ring1","other","4-4ring1","touch"
"4-4cyli#30","4-4cyli","other","4-4cyli","4-4cyli#35","4-4cyli","other","4-4cyli","touch"
"4-4cyli#30","4-4cyli","other","4-4cyli","4-4cyli#36","4-4cyli","other","4-4cyli","touch"
"4-4cyli#30","4-4cyli","other","4-4cyli","4-4ring1#35","4-4ring1","other","4-4ring1","touch"
"4-4cyli#30","4-4cyli","other","4-4cyli","4-4ring1#36","4-4ring1","other","4-4ring1","touch"
"4-4cyli#30","4-4cyli","other","4-4cyli","4-4cyli#37","4-4cyli","other","4-4cyli","touch"
"4-4cyli#30","4-4cyli","other","4-4cyli","4-4cyli#38","4-4cyli","other","4-4cyli","touch"
"4-4cyli#30","4-4cyli","other","4-4cyli","4-4ring1#37","4-4ring1","other","4-4ring1","touch"
"4-4ring1#29","4-4ring1","other","4-4ring1","4-4ring1#30","4-4ring1","other","4-4ring1","touch"
"4-4ring1#29","4-4ring1","other","4-4ring1","4-4cyli#31","4-4cyli","other","4-4cyli","touch"
"4-4ring1#29","4-4ring1","other","4-4ring1","4-4cyli#32","4-4cyli","other","4-4cyli","touch"
"4-4ring1#29","4-4ring1","other","4-4ring1","4-4ring1#31","4-4ring1","other","4-4ring1","touch"
"4-4ring1#29","4-4ring1","other","4-4ring1","4-4ring1#32","4-4ring1","other","4-4ring1","touch"
"4-4ring1#29","4-4ring1","other","4-4ring1","4-4cyli#33","4-4cyli","other","4-4cyli","touch"
"4-4ring1#29","4-4ring1","other","4-4ring1","4-4cyli#34","4-4cyli","other","4-4cyli","touch"
"4-4ring1#29","4-4ring1","other","4-4ring1","4-4ring1#33","4-4ring1","other","4-4ring1","touch"
"4-4ring1#29","4-4ring1","other","4-4ring1","4-4ring1#34","4-4ring1","other","4-4ring1","touch"
"4-4ring1#29","4-4ring1","other","4-4ring1","4-4cyli#35","4-4cyli","other","4-4cyli","touch"
"4-4ring1#29","4-4ring1","other","4-4ring1","4-4cyli#36","4-4cyli","other","4-4cyli","touch"
"4-4ring1#29","4-4ring1","other","4-4ring1","4-4ring1#35","4-4ring1","other","4-4ring1","touch"
"4-4ring1#29","4-4ring1","other","4-4ring1","4-4ring1#36","4-4ring1","other","4-4ring1","touch"
"4-4ring1#29","4-4ring1","other","4-4ring1","4-4cyli#37","4-4cyli","other","4-4cyli","touch"
"4-4ring1#29","4-4ring1","other","4-4ring1","4-4cyli#38","4-4cyli","other","4-4cyli","touch"
"4-4ring1#29","4-4ring1","other","4-4ring1","4-4ring1#37","4-4ring1","other","4-4ring1","touch"
"4-4ring1#30","4-4ring1","other","4-4ring1","4-4cyli#31","4-4cyli","other","4-4cyli","touch"
"4-4ring1#30","4-4ring1","other","4-4ring1","4-4cyli#32","4-4cyli","other","4-4cyli","touch"
"4-4ring1#30","4-4ring1","other","4-4ring1","4-4ring1#31","4-4ring1","other","4-4ring1","touch"
"4-4ring1#30","4-4ring1","other","4-4ring1","4-4ring1#32","4-4ring1","other","4-4ring1","touch"
"4-4ring1#30","4-4ring1","other","4-4ring1","4-4cyli#33","4-4cyli","other","4-4cyli","touch"
"4-4ring1#30","4-4ring1","other","4-4ring1","4-4cyli#34","4-4cyli","other","4-4cyli","touch"
"4-4ring1#30","4-4ring1","other","4-4ring1","4-4ring1#33","4-4ring1","other","4-4ring1","touch"
"4-4ring1#30","4-4ring1","other","4-4ring1","4-4ring1#34","4-4ring1","other","4-4ring1","touch"
"4-4ring1#30","4-4ring1","other","4-4ring1","4-4cyli#35","4-4cyli","other","4-4cyli","touch"
"4-4ring1#30","4-4ring1","other","4-4ring1","4-4cyli#36","4-4cyli","other","4-4cyli","touch"
"4-4ring1#30","4-4ring1","other","4-4ring1","4-4ring1#35","4-4ring1","other","4-4ring1","touch"
"4-4ring1#30","4-4ring1","other","4-4ring1","4-4ring1#36","4-4ring1","other","4-4ring1","touch"
"4-4ring1#30","4-4ring1","other","4-4ring1","4-4cyli#37","4-4cyli","other","4-4cyli","touch"
"4-4ring1#30","4-4ring1","other","4-4ring1","4-4cyli#38","4-4cyli","other","4-4cyli","touch"
"4-4ring1#30","4-4ring1","other","4-4ring1","4-4ring1#37","4-4ring1","other","4-4ring1","touch"
"4-4ring1#30","4-4ring1","other","4-4ring1","4-4cyli#39","4-4cyli","other","4-4cyli","touch"
"4-4cyli#31","4-4cyli","other","4-4cyli","4-4cyli#32","4-4cyli","other","4-4cyli","touch"
"4-4cyli#31","4-4cyli","other","4-4cyli","4-4ring1#31","4-4ring1","other","4-4ring1","touch"
"4-4cyli#31","4-4cyli","other","4-4cyli","4-4ring1#32","4-4ring1","other","4-4ring1","touch"
"4-4cyli#31","4-4cyli","other","4-4cyli","4-4cyli#33","4-4cyli","other","4-4cyli","touch"
"4-4cyli#31","4-4cyli","other","4-4cyli","4-4cyli#34","4-4cyli","other","4-4cyli","touch"
"4-4cyli#31","4-4cyli","other","4-4cyli","4-4ring1#33","4-4ring1","other","4-4ring1","touch"
"4-4cyli#31","4-4cyli","other","4-4cyli","4-4ring1#34","4-4ring1","other","4-4ring1","touch"
"4-4cyli#31","4-4cyli","other","4-4cyli","4-4cyli#35","4-4cyli","other","4-4cyli","touch"
"4-4cyli#31","4-4cyli","other","4-4cyli","4-4cyli#36","4-4cyli","other","4-4cyli","touch"
"4-4cyli#31","4-4cyli","other","4-4cyli","4-4ring1#35","4-4ring1","other","4-4ring1","touch"
"4-4cyli#31","4-4cyli","other","4-4cyli","4-4ring1#36","4-4ring1","other","4-4ring1","touch"
"4-4cyli#31","4-4cyli","other","4-4cyli","4-4cyli#37","4-4cyli","other","4-4cyli","touch"
"4-4cyli#31","4-4cyli","other","4-4cyli","4-4cyli#38","4-4cyli","other","4-4cyli","touch"
"4-4cyli#31","4-4cyli","other","4-4cyli","4-4ring1#37","4-4ring1","other","4-4ring1","touch"
"4-4cyli#31","4-4cyli","other","4-4cyli","4-4cyli#39","4-4cyli","other","4-4cyli","touch"
"4-4cyli#32","4-4cyli","other","4-4cyli","4-4ring1#31","4-4ring1","other","4-4ring1","touch"
"4-4cyli#32","4-4cyli","other","4-4cyli","4-4ring1#32","4-4ring1","other","4-4ring1","touch"
"4-4cyli#32","4-4cyli","other","4-4cyli","4-4cyli#33","4-4cyli","other","4-4cyli","touch"
"4-4cyli#32","4-4cyli","other","4-4cyli","4-4cyli#34","4-4cyli","other","4-4cyli","touch"
"4-4cyli#32","4-4cyli","other","4-4cyli","4-4ring1#33","4-4ring1","other","4-4ring1","touch"
"4-4cyli#32","4-4cyli","other","4-4cyli","4-4ring1#34","4-4ring1","other","4-4ring1","touch"
"4-4cyli#32","4-4cyli","other","4-4cyli","4-4cyli#35","4-4cyli","other","4-4cyli","touch"
"4-4cyli#32","4-4cyli","other","4-4cyli","4-4cyli#36","4-4cyli","other","4-4cyli","touch"
"4-4cyli#32","4-4cyli","other","4-4cyli","4-4ring1#35","4-4ring1","other","4-4ring1","touch"
"4-4cyli#32","4-4cyli","other","4-4cyli","4-4ring1#36","4-4ring1","other","4-4ring1","touch"
"4-4cyli#32","4-4cyli","other","4-4cyli","4-4cyli#37","4-4cyli","other","4-4cyli","touch"
"4-4cyli#32","4-4cyli","other","4-4cyli","4-4cyli#38","4-4cyli","other","4-4cyli","touch"
"4-4cyli#32","4-4cyli","other","4-4cyli","4-4ring1#37","4-4ring1","other","4-4ring1","touch"
"4-4cyli#32","4-4cyli","other","4-4cyli","4-4cyli#39","4-4cyli","other","4-4cyli","touch"
"4-4ring1#31","4-4ring1","other","4-4ring1","4-4ring1#32","4-4ring1","other","4-4ring1","touch"
"4-4ring1#31","4-4ring1","other","4-4ring1","4-4cyli#33","4-4cyli","other","4-4cyli","touch"
"4-4ring1#31","4-4ring1","other","4-4ring1","4-4cyli#34","4-4cyli","other","4-4cyli","touch"
"4-4ring1#31","4-4ring1","other","4-4ring1","4-4ring1#33","4-4ring1","other","4-4ring1","touch"
"4-4ring1#31","4-4ring1","other","4-4ring1","4-4ring1#34","4-4ring1","other","4-4ring1","touch"
"4-4ring1#31","4-4ring1","other","4-4ring1","4-4cyli#35","4-4cyli","other","4-4cyli","touch"
"4-4ring1#31","4-4ring1","other","4-4ring1","4-4cyli#36","4-4cyli","other","4-4cyli","touch"
"4-4ring1#31","4-4ring1","other","4-4ring1","4-4ring1#35","4-4ring1","other","4-4ring1","touch"
"4-4ring1#31","4-4ring1","other","4-4ring1","4-4ring1#36","4-4ring1","other","4-4ring1","touch"
"4-4ring1#31","4-4ring1","other","4-4ring1","4-4cyli#37","4-4cyli","other","4-4cyli","touch"
"4-4ring1#31","4-4ring1","other","4-4ring1","4-4cyli#38","4-4cyli","other","4-4cyli","touch"
"4-4ring1#31","4-4ring1","other","4-4ring1","4-4ring1#37","4-4ring1","other","4-4ring1","touch"
"4-4ring1#31","4-4ring1","other","4-4ring1","4-4cyli#39","4-4cyli","other","4-4cyli","touch"
"4-4ring1#32","4-4ring1","other","4-4ring1","4-4cyli#33","4-4cyli","other","4-4cyli","touch"
"4-4ring1#32","4-4ring1","other","4-4ring1","4-4cyli#34","4-4cyli","other","4-4cyli","touch"
"4-4ring1#32","4-4ring1","other","4-4ring1","4-4ring1#33","4-4ring1","other","4-4ring1","touch"
"4-4ring1#32","4-4ring1","other","4-4ring1","4-4ring1#34","4-4ring1","other","4-4ring1","touch"
"4-4ring1#32","4-4ring1","other","4-4ring1","4-4cyli#35","4-4cyli","other","4-4cyli","touch"
"4-4ring1#32","4-4ring1","other","4-4ring1","4-4cyli#36","4-4cyli","other","4-4cyli","touch"
"4-4ring1#32","4-4ring1","other","4-4ring1","4-4ring1#35","4-4ring1","other","4-4ring1","touch"
"4-4ring1#32","4-4ring1","other","4-4ring1","4-4ring1#36","4-4ring1","other","4-4ring1","touch"
"4-4ring1#32","4-4ring1","other","4-4ring1","4-4cyli#37","4-4cyli","other","4-4cyli","touch"
"4-4ring1#32","4-4ring1","other","4-4ring1","4-4cyli#38","4-4cyli","other","4-4cyli","touch"
"4-4ring1#32","4-4ring1","other","4-4ring1","4-4ring1#37","4-4ring1","other","4-4ring1","touch"
"4-4ring1#32","4-4ring1","other","4-4ring1","4-4cyli#39","4-4cyli","other","4-4cyli","touch"
"4-4cyli#33","4-4cyli","other","4-4cyli","4-4cyli#34","4-4cyli","other","4-4cyli","touch"
"4-4cyli#33","4-4cyli","other","4-4cyli","4-4ring1#33","4-4ring1","other","4-4ring1","touch"
"4-4cyli#33","4-4cyli","other","4-4cyli","4-4ring1#34","4-4ring1","other","4-4ring1","touch"
"4-4cyli#33","4-4cyli","other","4-4cyli","4-4cyli#35","4-4cyli","other","4-4cyli","touch"
"4-4cyli#33","4-4cyli","other","4-4cyli","4-4cyli#36","4-4cyli","other","4-4cyli","touch"
"4-4cyli#33","4-4cyli","other","4-4cyli","4-4ring1#35","4-4ring1","other","4-4ring1","touch"
"4-4cyli#33","4-4cyli","other","4-4cyli","4-4ring1#36","4-4ring1","other","4-4ring1","touch"
"4-4cyli#33","4-4cyli","other","4-4cyli","4-4cyli#37","4-4cyli","other","4-4cyli","touch"
"4-4cyli#33","4-4cyli","other","4-4cyli","4-4cyli#38","4-4cyli","other","4-4cyli","touch"
"4-4cyli#33","4-4cyli","other","4-4cyli","4-4ring1#37","4-4ring1","other","4-4ring1","touch"
"4-4cyli#33","4-4cyli","other","4-4cyli","4-4cyli#39","4-4cyli","other","4-4cyli","touch"
"4-4cyli#33","4-4cyli","other","4-4cyli","4-4cyli#40","4-4cyli","other","4-4cyli","touch"
"4-4cyli#33","4-4cyli","other","4-4cyli","4-4ring1#39","4-4ring1","other","4-4ring1","touch"
"4-4cyli#34","4-4cyli","other","4-4cyli","4-4ring1#33","4-4ring1","other","4-4ring1","touch"
"4-4cyli#34","4-4cyli","other","4-4cyli","4-4ring1#34","4-4ring1","other","4-4ring1","touch"
"4-4cyli#34","4-4cyli","other","4-4cyli","4-4cyli#35","4-4cyli","other","4-4cyli","touch"
"4-4cyli#34","4-4cyli","other","4-4cyli","4-4cyli#36","4-4cyli","other","4-4cyli","touch"
"4-4cyli#34","4-4cyli","other","4-4cyli","4-4ring1#35","4-4ring1","other","4-4ring1","touch"
"4-4cyli#34","4-4cyli","other","4-4cyli","4-4ring1#36","4-4ring1","other","4-4ring1","touch"
"4-4cyli#34","4-4cyli","other","4-4cyli","4-4cyli#37","4-4cyli","other","4-4cyli","touch"
"4-4cyli#34","4-4cyli","other","4-4cyli","4-4cyli#38","4-4cyli","other","4-4cyli","touch"
"4-4cyli#34","4-4cyli","other","4-4cyli","4-4ring1#37","4-4ring1","other","4-4ring1","touch"
"4-4cyli#34","4-4cyli","other","4-4cyli","4-4cyli#39","4-4cyli","other","4-4cyli","touch"
"4-4ring1#33","4-4ring1","other","4-4ring1","4-4ring1#34","4-4ring1","other","4-4ring1","touch"
"4-4ring1#33","4-4ring1","other","4-4ring1","4-4cyli#35","4-4cyli","other","4-4cyli","touch"
"4-4ring1#33","4-4ring1","other","4-4ring1","4-4cyli#36","4-4cyli","other","4-4cyli","touch"
"4-4ring1#33","4-4ring1","other","4-4ring1","4-4ring1#35","4-4ring1","other","4-4ring1","touch"
"4-4ring1#33","4-4ring1","other","4-4ring1","4-4ring1#36","4-4ring1","other","4-4ring1","touch"
"4-4ring1#33","4-4ring1","other","4-4ring1","4-4cyli#37","4-4cyli","other","4-4cyli","touch"
"4-4ring1#33","4-4ring1","other","4-4ring1","4-4cyli#38","4-4cyli","other","4-4cyli","touch"
"4-4ring1#33","4-4ring1","other","4-4ring1","4-4ring1#37","4-4ring1","other","4-4ring1","touch"
"4-4ring1#33","4-4ring1","other","4-4ring1","4-4cyli#39","4-4cyli","other","4-4cyli","touch"
"4-4ring1#34","4-4ring1","other","4-4ring1","4-4cyli#35","4-4cyli","other","4-4cyli","touch"
"4-4ring1#34","4-4ring1","other","4-4ring1","4-4cyli#36","4-4cyli","other","4-4cyli","touch"
"4-4ring1#34","4-4ring1","other","4-4ring1","4-4ring1#35","4-4ring1","other","4-4ring1","touch"
"4-4ring1#34","4-4ring1","other","4-4ring1","4-4ring1#36","4-4ring1","other","4-4ring1","touch"
"4-4ring1#34","4-4ring1","other","4-4ring1","4-4cyli#37","4-4cyli","other","4-4cyli","touch"
"4-4ring1#34","4-4ring1","other","4-4ring1","4-4cyli#38","4-4cyli","other","4-4cyli","touch"
"4-4ring1#34","4-4ring1","other","4-4ring1","4-4ring1#37","4-4ring1","other","4-4ring1","touch"
"4-4ring1#34","4-4ring1","other","4-4ring1","4-4cyli#39","4-4cyli","other","4-4cyli","touch"
"4-4ring1#34","4-4ring1","other","4-4ring1","4-4cyli#40","4-4cyli","other","4-4cyli","touch"
"4-4ring1#34","4-4ring1","other","4-4ring1","4-4ring1#39","4-4ring1","other","4-4ring1","touch"
"4-4cyli#35","4-4cyli","other","4-4cyli","4-4cyli#36","4-4cyli","other","4-4cyli","touch"
"4-4cyli#35","4-4cyli","other","4-4cyli","4-4ring1#35","4-4ring1","other","4-4ring1","touch"
"4-4cyli#35","4-4cyli","other","4-4cyli","4-4ring1#36","4-4ring1","other","4-4ring1","touch"
"4-4cyli#35","4-4cyli","other","4-4cyli","4-4cyli#37","4-4cyli","other","4-4cyli","touch"
"4-4cyli#35","4-4cyli","other","4-4cyli","4-4cyli#38","4-4cyli","other","4-4cyli","touch"
"4-4cyli#35","4-4cyli","other","4-4cyli","4-4ring1#37","4-4ring1","other","4-4ring1","touch"
"4-4cyli#35","4-4cyli","other","4-4cyli","4-4ring1#38","4-4ring1","other","4-4ring1","touch"
"4-4cyli#35","4-4cyli","other","4-4cyli","4-4cyli#39","4-4cyli","other","4-4cyli","touch"
"4-4cyli#35","4-4cyli","other","4-4cyli","4-4cyli#40","4-4cyli","other","4-4cyli","touch"
"4-4cyli#35","4-4cyli","other","4-4cyli","4-4ring1#39","4-4ring1","other","4-4ring1","touch"
"4-4cyli#36","4-4cyli","other","4-4cyli","4-4ring1#35","4-4ring1","other","4-4ring1","touch"
"4-4cyli#36","4-4cyli","other","4-4cyli","4-4ring1#36","4-4ring1","other","4-4ring1","touch"
"4-4cyli#36","4-4cyli","other","4-4cyli","4-4cyli#37","4-4cyli","other","4-4cyli","touch"
"4-4cyli#36","4-4cyli","other","4-4cyli","4-4cyli#38","4-4cyli","other","4-4cyli","touch"
"4-4cyli#36","4-4cyli","other","4-4cyli","4-4ring1#37","4-4ring1","other","4-4ring1","touch"
"4-4cyli#36","4-4cyli","other","4-4cyli","4-4ring1#38","4-4ring1","other","4-4ring1","touch"
"4-4cyli#36","4-4cyli","other","4-4cyli","4-4cyli#39","4-4cyli","other","4-4cyli","touch"
"4-4cyli#36","4-4cyli","other","4-4cyli","4-4cyli#40","4-4cyli","other","4-4cyli","touch"
"4-4cyli#36","4-4cyli","other","4-4cyli","4-4ring1#39","4-4ring1","other","4-4ring1","touch"
"4-4ring1#35","4-4ring1","other","4-4ring1","4-4ring1#36","4-4ring1","other","4-4ring1","touch"
"4-4ring1#35","4-4ring1","other","4-4ring1","4-4cyli#37","4-4cyli","other","4-4cyli","touch"
"4-4ring1#35","4-4ring1","other","4-4ring1","4-4cyli#38","4-4cyli","other","4-4cyli","touch"
"4-4ring1#35","4-4ring1","other","4-4ring1","4-4ring1#37","4-4ring1","other","4-4ring1","touch"
"4-4ring1#35","4-4ring1","other","4-4ring1","4-4ring1#38","4-4ring1","other","4-4ring1","touch"
"4-4ring1#35","4-4ring1","other","4-4ring1","4-4cyli#39","4-4cyli","other","4-4cyli","touch"
"4-4ring1#35","4-4ring1","other","4-4ring1","4-4cyli#40","4-4cyli","other","4-4cyli","touch"
"4-4ring1#35","4-4ring1","other","4-4ring1","4-4ring1#39","4-4ring1","other","4-4ring1","touch"
"4-4ring1#36","4-4ring1","other","4-4ring1","4-4cyli#37","4-4cyli","other","4-4cyli","touch"
"4-4ring1#36","4-4ring1","other","4-4ring1","4-4cyli#38","4-4cyli","other","4-4cyli","touch"
"4-4ring1#36","4-4ring1","other","4-4ring1","4-4ring1#37","4-4ring1","other","4-4ring1","touch"
"4-4ring1#36","4-4ring1","other","4-4ring1","4-4ring1#38","4-4ring1","other","4-4ring1","touch"
"4-4ring1#36","4-4ring1","other","4-4ring1","4-4cyli#39","4-4cyli","other","4-4cyli","touch"
"4-4ring1#36","4-4ring1","other","4-4ring1","4-4cyli#40","4-4cyli","other","4-4cyli","touch"
"4-4ring1#36","4-4ring1","other","4-4ring1","4-4ring1#39","4-4ring1","other","4-4ring1","touch"
"4-4cyli#37","4-4cyli","other","4-4cyli","4-4cyli#38","4-4cyli","other","4-4cyli","touch"
"4-4cyli#37","4-4cyli","other","4-4cyli","4-4ring1#37","4-4ring1","other","4-4ring1","touch"
"4-4cyli#37","4-4cyli","other","4-4cyli","4-4ring1#38","4-4ring1","other","4-4ring1","touch"
"4-4cyli#37","4-4cyli","other","4-4cyli","4-4cyli#39","4-4cyli","other","4-4cyli","touch"
"4-4cyli#37","4-4cyli","other","4-4cyli","4-4cyli#40","4-4cyli","other","4-4cyli","touch"
"4-4cyli#37","4-4cyli","other","4-4cyli","4-4ring1#39","4-4ring1","other","4-4ring1","touch"
"4-4cyli#38","4-4cyli","other","4-4cyli","4-4ring1#37","4-4ring1","other","4-4ring1","touch"
"4-4cyli#38","4-4cyli","other","4-4cyli","4-4ring1#38","4-4ring1","other","4-4ring1","touch"
"4-4cyli#38","4-4cyli","other","4-4cyli","4-4cyli#39","4-4cyli","other","4-4cyli","touch"
"4-4cyli#38","4-4cyli","other","4-4cyli","4-4cyli#40","4-4cyli","other","4-4cyli","touch"
"4-4cyli#38","4-4cyli","other","4-4cyli","4-4ring1#39","4-4ring1","other","4-4ring1","touch"
"4-4ring1#37","4-4ring1","other","4-4ring1","4-4ring1#38","4-4ring1","other","4-4ring1","touch"
"4-4ring1#37","4-4ring1","other","4-4ring1","4-4cyli#39","4-4cyli","other","4-4cyli","touch"
"4-4ring1#37","4-4ring1","other","4-4ring1","4-4cyli#40","4-4cyli","other","4-4cyli","touch"
"4-4ring1#37","4-4ring1","other","4-4ring1","4-4ring1#39","4-4ring1","other","4-4ring1","touch"
"4-4ring1#38","4-4ring1","other","4-4ring1","4-4cyli#39","4-4cyli","other","4-4cyli","touch"
"4-4ring1#38","4-4ring1","other","4-4ring1","4-4cyli#40","4-4cyli","other","4-4cyli","touch"
"4-4ring1#38","4-4ring1","other","4-4ring1","4-4ring1#39","4-4ring1","other","4-4ring1","touch"
"4-4cyli#39","4-4cyli","other","4-4cyli","4-4cyli#40","4-4cyli","other","4-4cyli","touch"
"4-4cyli#39","4-4cyli","other","4-4cyli","4-4ring1#39","4-4ring1","other","4-4ring1","touch"
"4-4cyli#39","4-4cyli","other","4-4cyli","4-4cyli#41","4-4cyli","other","4-4cyli","touch"
"4-4cyli#40","4-4cyli","other","4-4cyli","4-4ring1#39","4-4ring1","other","4-4ring1","touch"
"4-4ring1#40","4-4ring1","other","4-4ring1","4-4cyli#41","4-4cyli","other","4-4cyli","touch"
"4-4ring1#40","4-4ring1","other","4-4ring1","4-4cyli#42","4-4cyli","other","4-4cyli","touch"
"4-4ring1#40","4-4ring1","other","4-4ring1","4-4ring1#41","4-4ring1","other","4-4ring1","touch"
"4-4cyli#41","4-4cyli","other","4-4cyli","4-4cyli#42","4-4cyli","other","4-4cyli","touch"
"4-4cyli#41","4-4cyli","other","4-4cyli","4-4ring1#41","4-4ring1","other","4-4ring1","touch"
"4-4cyli#42","4-4cyli","other","4-4cyli","4-4ring1#41","4-4ring1","other","4-4ring1","touch"
"4-4ring1#42","4-4ring1","other","4-4ring1","4-4cyli#43","4-4cyli","other","4-4cyli","touch"
"4-4ring1#42","4-4ring1","other","4-4ring1","4-4cyli#44","4-4cyli","other","4-4cyli","touch"
"4-4ring1#42","4-4ring1","other","4-4ring1","4-4ring1#43","4-4ring1","other","4-4ring1","touch"
"4-4ring1#42","4-4ring1","other","4-4ring1","4-4ring1#44","4-4ring1","other","4-4ring1","touch"
"4-4ring1#42","4-4ring1","other","4-4ring1","4-4cyli#45","4-4cyli","other","4-4cyli","touch"
"4-4ring1#42","4-4ring1","other","4-4ring1","4-4cyli#46","4-4cyli","other","4-4cyli","touch"
"4-4ring1#42","4-4ring1","other","4-4ring1","4-4ring1#45","4-4ring1","other","4-4ring1","touch"
"4-4ring1#42","4-4ring1","other","4-4ring1","4-4ring1#46","4-4ring1","other","4-4ring1","touch"
"4-4ring1#42","4-4ring1","other","4-4ring1","4-4cyli#47","4-4cyli","other","4-4cyli","touch"
"4-4ring1#42","4-4ring1","other","4-4ring1","4-4cyli#48","4-4cyli","other","4-4cyli","touch"
"4-4ring1#42","4-4ring1","other","4-4ring1","4-4ring1#47","4-4ring1","other","4-4ring1","touch"
"4-4cyli#43","4-4cyli","other","4-4cyli","4-4cyli#44","4-4cyli","other","4-4cyli","touch"
"4-4cyli#43","4-4cyli","other","4-4cyli","4-4ring1#43","4-4ring1","other","4-4ring1","touch"
"4-4cyli#43","4-4cyli","other","4-4cyli","4-4ring1#44","4-4ring1","other","4-4ring1","touch"
"4-4cyli#43","4-4cyli","other","4-4cyli","4-4cyli#45","4-4cyli","other","4-4cyli","touch"
"4-4cyli#43","4-4cyli","other","4-4cyli","4-4cyli#46","4-4cyli","other","4-4cyli","touch"
"4-4cyli#43","4-4cyli","other","4-4cyli","4-4ring1#45","4-4ring1","other","4-4ring1","touch"
"4-4cyli#43","4-4cyli","other","4-4cyli","4-4ring1#46","4-4ring1","other","4-4ring1","touch"
"4-4cyli#43","4-4cyli","other","4-4cyli","4-4cyli#47","4-4cyli","other","4-4cyli","touch"
"4-4cyli#43","4-4cyli","other","4-4cyli","4-4cyli#48","4-4cyli","other","4-4cyli","touch"
"4-4cyli#43","4-4cyli","other","4-4cyli","4-4ring1#47","4-4ring1","other","4-4ring1","touch"
"4-4cyli#43","4-4cyli","other","4-4cyli","4-4ring1#48","4-4ring1","other","4-4ring1","touch"
"4-4cyli#43","4-4cyli","other","4-4cyli","4-4cyli#49","4-4cyli","other","4-4cyli","touch"
"4-4cyli#43","4-4cyli","other","4-4cyli","4-4cyli#50","4-4cyli","other","4-4cyli","touch"
"4-4cyli#43","4-4cyli","other","4-4cyli","4-4ring1#49","4-4ring1","other","4-4ring1","touch"
"4-4cyli#44","4-4cyli","other","4-4cyli","4-4ring1#43","4-4ring1","other","4-4ring1","touch"
"4-4cyli#44","4-4cyli","other","4-4cyli","4-4ring1#44","4-4ring1","other","4-4ring1","touch"
"4-4cyli#44","4-4cyli","other","4-4cyli","4-4cyli#45","4-4cyli","other","4-4cyli","touch"
"4-4cyli#44","4-4cyli","other","4-4cyli","4-4cyli#46","4-4cyli","other","4-4cyli","touch"
"4-4cyli#44","4-4cyli","other","4-4cyli","4-4ring1#45","4-4ring1","other","4-4ring1","touch"
"4-4cyli#44","4-4cyli","other","4-4cyli","4-4ring1#46","4-4ring1","other","4-4ring1","touch"
"4-4cyli#44","4-4cyli","other","4-4cyli","4-4cyli#47","4-4cyli","other","4-4cyli","touch"
"4-4cyli#44","4-4cyli","other","4-4cyli","4-4cyli#48","4-4cyli","other","4-4cyli","touch"
"4-4cyli#44","4-4cyli","other","4-4cyli","4-4ring1#47","4-4ring1","other","4-4ring1","touch"
"4-4ring1#43","4-4ring1","other","4-4ring1","4-4ring1#44","4-4ring1","other","4-4ring1","touch"
"4-4ring1#43","4-4ring1","other","4-4ring1","4-4cyli#45","4-4cyli","other","4-4cyli","touch"
"4-4ring1#43","4-4ring1","other","4-4ring1","4-4cyli#46","4-4cyli","other","4-4cyli","touch"
"4-4ring1#43","4-4ring1","other","4-4ring1","4-4ring1#45","4-4ring1","other","4-4ring1","touch"
"4-4ring1#43","4-4ring1","other","4-4ring1","4-4ring1#46","4-4ring1","other","4-4ring1","touch"
"4-4ring1#43","4-4ring1","other","4-4ring1","4-4cyli#47","4-4cyli","other","4-4cyli","touch"
"4-4ring1#43","4-4ring1","other","4-4ring1","4-4cyli#48","4-4cyli","other","4-4cyli","touch"
"4-4ring1#43","4-4ring1","other","4-4ring1","4-4ring1#47","4-4ring1","other","4-4ring1","touch"
"4-4ring1#44","4-4ring1","other","4-4ring1","4-4cyli#45","4-4cyli","other","4-4cyli","touch"
"4-4ring1#44","4-4ring1","other","4-4ring1","4-4cyli#46","4-4cyli","other","4-4cyli","touch"
"4-4ring1#44","4-4ring1","other","4-4ring1","4-4ring1#45","4-4ring1","other","4-4ring1","touch"
"4-4ring1#44","4-4ring1","other","4-4ring1","4-4ring1#46","4-4ring1","other","4-4ring1","touch"
"4-4ring1#44","4-4ring1","other","4-4ring1","4-4cyli#47","4-4cyli","other","4-4cyli","touch"
"4-4ring1#44","4-4ring1","other","4-4ring1","4-4cyli#48","4-4cyli","other","4-4cyli","touch"
"4-4ring1#44","4-4ring1","other","4-4ring1","4-4ring1#47","4-4ring1","other","4-4ring1","touch"
"4-4ring1#44","4-4ring1","other","4-4ring1","4-4ring1#48","4-4ring1","other","4-4ring1","touch"
"4-4ring1#44","4-4ring1","other","4-4ring1","4-4cyli#49","4-4cyli","other","4-4cyli","touch"
"4-4ring1#44","4-4ring1","other","4-4ring1","4-4cyli#50","4-4cyli","other","4-4cyli","touch"
"4-4ring1#44","4-4ring1","other","4-4ring1","4-4ring1#49","4-4ring1","other","4-4ring1","touch"
"4-4ring1#44","4-4ring1","other","4-4ring1","4-4ring1#50","4-4ring1","other","4-4ring1","touch"
"4-4ring1#44","4-4ring1","other","4-4ring1","4-4ring1#52","4-4ring1","other","4-4ring1","touch"
"4-4cyli#45","4-4cyli","other","4-4cyli","4-4cyli#46","4-4cyli","other","4-4cyli","touch"
"4-4cyli#45","4-4cyli","other","4-4cyli","4-4ring1#45","4-4ring1","other","4-4ring1","touch"
"4-4cyli#45","4-4cyli","other","4-4cyli","4-4ring1#46","4-4ring1","other","4-4ring1","touch"
"4-4cyli#45","4-4cyli","other","4-4cyli","4-4cyli#47","4-4cyli","other","4-4cyli","touch"
"4-4cyli#45","4-4cyli","other","4-4cyli","4-4cyli#48","4-4cyli","other","4-4cyli","touch"
"4-4cyli#45","4-4cyli","other","4-4cyli","4-4ring1#47","4-4ring1","other","4-4ring1","touch"
"4-4cyli#45","4-4cyli","other","4-4cyli","4-4ring1#48","4-4ring1","other","4-4ring1","touch"
"4-4cyli#45","4-4cyli","other","4-4cyli","4-4cyli#49","4-4cyli","other","4-4cyli","touch"
"4-4cyli#45","4-4cyli","other","4-4cyli","4-4cyli#50","4-4cyli","other","4-4cyli","touch"
"4-4cyli#45","4-4cyli","other","4-4cyli","4-4ring1#49","4-4ring1","other","4-4ring1","touch"
"4-4cyli#45","4-4cyli","other","4-4cyli","4-4ring1#50","4-4ring1","other","4-4ring1","touch"
"4-4cyli#45","4-4cyli","other","4-4cyli","4-4ring1#52","4-4ring1","other","4-4ring1","touch"
"4-4cyli#46","4-4cyli","other","4-4cyli","4-4ring1#45","4-4ring1","other","4-4ring1","touch"
"4-4cyli#46","4-4cyli","other","4-4cyli","4-4ring1#46","4-4ring1","other","4-4ring1","touch"
"4-4cyli#46","4-4cyli","other","4-4cyli","4-4cyli#47","4-4cyli","other","4-4cyli","touch"
"4-4cyli#46","4-4cyli","other","4-4cyli","4-4cyli#48","4-4cyli","other","4-4cyli","touch"
"4-4cyli#46","4-4cyli","other","4-4cyli","4-4ring1#47","4-4ring1","other","4-4ring1","touch"
"4-4cyli#46","4-4cyli","other","4-4cyli","4-4ring1#48","4-4ring1","other","4-4ring1","touch"
"4-4cyli#46","4-4cyli","other","4-4cyli","4-4cyli#49","4-4cyli","other","4-4cyli","touch"
"4-4cyli#46","4-4cyli","other","4-4cyli","4-4cyli#50","4-4cyli","other","4-4cyli","touch"
"4-4cyli#46","4-4cyli","other","4-4cyli","4-4ring1#49","4-4ring1","other","4-4ring1","touch"
"4-4cyli#46","4-4cyli","other","4-4cyli","4-4ring1#50","4-4ring1","other","4-4ring1","touch"
"4-4cyli#46","4-4cyli","other","4-4cyli","4-4ring1#52","4-4ring1","other","4-4ring1","touch"
"4-4ring1#45","4-4ring1","other","4-4ring1","4-4ring1#46","4-4ring1","other","4-4ring1","touch"
"4-4ring1#45","4-4ring1","other","4-4ring1","4-4cyli#47","4-4cyli","other","4-4cyli","touch"
"4-4ring1#45","4-4ring1","other","4-4ring1","4-4cyli#48","4-4cyli","other","4-4cyli","touch"
"4-4ring1#45","4-4ring1","other","4-4ring1","4-4ring1#47","4-4ring1","other","4-4ring1","touch"
"4-4ring1#45","4-4ring1","other","4-4ring1","4-4ring1#48","4-4ring1","other","4-4ring1","touch"
"4-4ring1#45","4-4ring1","other","4-4ring1","4-4cyli#49","4-4cyli","other","4-4cyli","touch"
"4-4ring1#45","4-4ring1","other","4-4ring1","4-4cyli#50","4-4cyli","other","4-4cyli","touch"
"4-4ring1#45","4-4ring1","other","4-4ring1","4-4ring1#49","4-4ring1","other","4-4ring1","touch"
"4-4ring1#45","4-4ring1","other","4-4ring1","4-4ring1#50","4-4ring1","other","4-4ring1","touch"
"4-4ring1#45","4-4ring1","other","4-4ring1","4-4ring1#52","4-4ring1","other","4-4ring1","touch"
"4-4ring1#46","4-4ring1","other","4-4ring1","4-4cyli#47","4-4cyli","other","4-4cyli","touch"
"4-4ring1#46","4-4ring1","other","4-4ring1","4-4cyli#48","4-4cyli","other","4-4cyli","touch"
"4-4ring1#46","4-4ring1","other","4-4ring1","4-4ring1#47","4-4ring1","other","4-4ring1","touch"
"4-4ring1#46","4-4ring1","other","4-4ring1","4-4ring1#48","4-4ring1","other","4-4ring1","touch"
"4-4ring1#46","4-4ring1","other","4-4ring1","4-4cyli#49","4-4cyli","other","4-4cyli","touch"
"4-4ring1#46","4-4ring1","other","4-4ring1","4-4cyli#50","4-4cyli","other","4-4cyli","touch"
"4-4ring1#46","4-4ring1","other","4-4ring1","4-4ring1#49","4-4ring1","other","4-4ring1","touch"
"4-4ring1#46","4-4ring1","other","4-4ring1","4-4ring1#50","4-4ring1","other","4-4ring1","touch"
"4-4ring1#46","4-4ring1","other","4-4ring1","4-4ring1#52","4-4ring1","other","4-4ring1","touch"
"4-4cyli#47","4-4cyli","other","4-4cyli","4-4cyli#48","4-4cyli","other","4-4cyli","touch"
"4-4cyli#47","4-4cyli","other","4-4cyli","4-4ring1#47","4-4ring1","other","4-4ring1","touch"
"4-4cyli#47","4-4cyli","other","4-4cyli","4-4ring1#48","4-4ring1","other","4-4ring1","touch"
"4-4cyli#47","4-4cyli","other","4-4cyli","4-4cyli#49","4-4cyli","other","4-4cyli","touch"
"4-4cyli#47","4-4cyli","other","4-4cyli","4-4cyli#50","4-4cyli","other","4-4cyli","touch"
"4-4cyli#47","4-4cyli","other","4-4cyli","4-4ring1#49","4-4ring1","other","4-4ring1","touch"
"4-4cyli#47","4-4cyli","other","4-4cyli","4-4ring1#50","4-4ring1","other","4-4ring1","touch"
"4-4cyli#47","4-4cyli","other","4-4cyli","4-4ring1#52","4-4ring1","other","4-4ring1","touch"
"4-4cyli#48","4-4cyli","other","4-4cyli","4-4ring1#47","4-4ring1","other","4-4ring1","touch"
"4-4cyli#48","4-4cyli","other","4-4cyli","4-4ring1#48","4-4ring1","other","4-4ring1","touch"
"4-4cyli#48","4-4cyli","other","4-4cyli","4-4cyli#49","4-4cyli","other","4-4cyli","touch"
"4-4cyli#48","4-4cyli","other","4-4cyli","4-4cyli#50","4-4cyli","other","4-4cyli","touch"
"4-4cyli#48","4-4cyli","other","4-4cyli","4-4ring1#49","4-4ring1","other","4-4ring1","touch"
"4-4cyli#48","4-4cyli","other","4-4cyli","4-4ring1#50","4-4ring1","other","4-4ring1","touch"
"4-4cyli#48","4-4cyli","other","4-4cyli","4-4ring1#52","4-4ring1","other","4-4ring1","touch"
"4-4ring1#47","4-4ring1","other","4-4ring1","4-4ring1#48","4-4ring1","other","4-4ring1","touch"
"4-4ring1#47","4-4ring1","other","4-4ring1","4-4cyli#49","4-4cyli","other","4-4cyli","touch"
"4-4ring1#47","4-4ring1","other","4-4ring1","4-4cyli#50","4-4cyli","other","4-4cyli","touch"
"4-4ring1#47","4-4ring1","other","4-4ring1","4-4ring1#49","4-4ring1","other","4-4ring1","touch"
"4-4ring1#47","4-4ring1","other","4-4ring1","4-4ring1#50","4-4ring1","other","4-4ring1","touch"
"4-4ring1#47","4-4ring1","other","4-4ring1","4-4ring1#52","4-4ring1","other","4-4ring1","touch"
"4-4ring1#48","4-4ring1","other","4-4ring1","4-4cyli#49","4-4cyli","other","4-4cyli","touch"
"4-4ring1#48","4-4ring1","other","4-4ring1","4-4cyli#50","4-4cyli","other","4-4cyli","touch"
"4-4ring1#48","4-4ring1","other","4-4ring1","4-4ring1#49","4-4ring1","other","4-4ring1","touch"
"4-4ring1#48","4-4ring1","other","4-4ring1","4-4ring1#50","4-4ring1","other","4-4ring1","touch"
"4-4ring1#48","4-4ring1","other","4-4ring1","4-4ring1#52","4-4ring1","other","4-4ring1","touch"
"4-4cyli#49","4-4cyli","other","4-4cyli","4-4cyli#50","4-4cyli","other","4-4cyli","touch"
"4-4cyli#49","4-4cyli","other","4-4cyli","4-4ring1#49","4-4ring1","other","4-4ring1","touch"
"4-4cyli#49","4-4cyli","other","4-4cyli","4-4ring1#50","4-4ring1","other","4-4ring1","touch"
"4-4cyli#49","4-4cyli","other","4-4cyli","4-4ring1#52","4-4ring1","other","4-4ring1","touch"
"4-4cyli#50","4-4cyli","other","4-4cyli","4-4ring1#49","4-4ring1","other","4-4ring1","touch"
"4-4cyli#50","4-4cyli","other","4-4cyli","4-4ring1#50","4-4ring1","other","4-4ring1","touch"
"4-4cyli#50","4-4cyli","other","4-4cyli","4-4ring1#52","4-4ring1","other","4-4ring1","touch"
"4-4ring1#49","4-4ring1","other","4-4ring1","4-4ring1#50","4-4ring1","other","4-4ring1","touch"
"4-4ring1#49","4-4ring1","other","4-4ring1","4-4ring1#52","4-4ring1","other","4-4ring1","touch"
"4-4ring1#50","4-4ring1","other","4-4ring1","4-4ring1#52","4-4ring1","other","4-4ring1","touch"
"4-4cyli#51","4-4cyli","other","4-4cyli","4-4cyli#52","4-4cyli","other","4-4cyli","touch"
"4-4cyli#51","4-4cyli","other","4-4cyli","4-4edge#7","4-4edge","other","4-4edge","touch"
"4-4cyli#51","4-4cyli","other","4-4cyli","4-4edge#8","4-4edge","other","4-4edge","touch"
"4-4cyli#51","4-4cyli","other","4-4cyli","4-4ring1#51","4-4ring1","other","4-4ring1","touch"
"4-4cyli#52","4-4cyli","other","4-4cyli","4-4edge#7","4-4edge","other","4-4edge","touch"
"4-4cyli#52","4-4cyli","other","4-4cyli","4-4edge#8","4-4edge","other","4-4edge","touch"
"4-4cyli#52","4-4cyli","other","4-4cyli","4-4ring1#51","4-4ring1","other","4-4ring1","touch"
"4-4edge#7","4-4edge","other","4-4edge","4-4edge#8","4-4edge","other","4-4edge","touch"
"4-4edge#7","4-4edge","other","4-4edge","4-4ring1#51","4-4ring1","other","4-4ring1","touch"
"4-4edge#8","4-4edge","other","4-4edge","4-4ring1#51","4-4ring1","other","4-4ring1","touch"
