category_a,category_b,self_loop
Animal / Creature Accessories,Animal / Creature Accessories,TRUE
Animal / Creature Accessories,Animal / Creature Body Parts,FALSE
Animal / Creature Accessories,Animals / Creatures,FALSE
Animal / Creature Accessories,"Bars, Ladders and Fences",FALSE
Animal / Creature Accessories,Baseplates,FALSE
Animal / Creature Accessories,"Belville, Scala and Fabuland",FALSE
Animal / Creature Accessories,Bricks,FALSE
Animal / Creature Accessories,Bricks Curved,FALSE
Animal / Creature Accessories,Bricks Round and Cones,FALSE
Animal / Creature Accessories,Bricks Sloped,FALSE
Animal / Creature Accessories,Bricks Special,FALSE
Animal / Creature Accessories,Bricks Wedged,FALSE
Animal / Creature Accessories,Clikits,FALSE
Animal / Creature Accessories,Containers,FALSE
Animal / Creature Accessories,"Duplo, Quatro and Primo",FALSE
Animal / Creature Accessories,Electronics,FALSE
Animal / Creature Accessories,Energy Effects,FALSE
Animal / Creature Accessories,"Flags, Banners and Signs",FALSE
Animal / Creature Accessories,Gear Parts,FALSE
Animal / Creature Accessories,HO Scale,FALSE
Animal / Creature Accessories,"Hinges, Arms and Turntables",FALSE
Animal / Creature Accessories,Large Buildable Figures,FALSE
Animal / Creature Accessories,Magnets and Holders,FALSE
Animal / Creature Accessories,Mechanical,FALSE
Animal / Creature Accessories,Minidoll Heads,FALSE
Animal / Creature Accessories,Minidoll Lower Body,FALSE
Animal / Creature Accessories,Minidoll Upper Body,FALSE
Animal / Creature Accessories,Minifig Accessories,FALSE
Animal / Creature Accessories,Minifig Heads,FALSE
Animal / Creature Accessories,Minifig Headwear,FALSE
Animal / Creature Accessories,Minifig Headwear Accessories,FALSE
Animal / Creature Accessories,Minifig Hipwear,FALSE
Animal / Creature Accessories,Minifig Lower Body,FALSE
Animal / Creature Accessories,Minifig Neckwear,FALSE
Animal / Creature Accessories,"Minifig Shields, Weapons, & Tools",FALSE
Animal / Creature Accessories,Minifig Upper Body,FALSE
Animal / Creature Accessories,Minifigs,FALSE
Animal / Creature Accessories,Modulex,FALSE
Animal / Creature Accessories,"Non-Buildable Figures (Duplo, Fabuland, etc)",FALSE
Animal / Creature Accessories,Non-System Parts,FALSE
Animal / Creature Accessories,Other,FALSE
Animal / Creature Accessories,Panels,FALSE
Animal / Creature Accessories,Pen & Watch,FALSE
Animal / Creature Accessories,Plants & Trees,FALSE
Animal / Creature Accessories,Plates,FALSE
Animal / Creature Accessories,Plates Angled,FALSE
Animal / Creature Accessories,Plates Round Curved and Dishes,FALSE
Animal / Creature Accessories,Plates Special,FALSE
Animal / Creature Accessories,Pneumatics,FALSE
Animal / Creature Accessories,Projectiles / Launchers,FALSE
Animal / Creature Accessories,Rock,FALSE
Animal / Creature Accessories,Stickers,FALSE
Animal / Creature Accessories,"String, Bands and Reels",FALSE
Animal / Creature Accessories,"Supports, Girders and Cranes",FALSE
Animal / Creature Accessories,Technic Axles,FALSE
Animal / Creature Accessories,Technic Beams,FALSE
Animal / Creature Accessories,Technic Beams Special,FALSE
Animal / Creature Accessories,Technic Bricks,FALSE
Animal / Creature Accessories,Technic Bushes,FALSE
Animal / Creature Accessories,Technic Connectors,FALSE
Animal / Creature Accessories,Technic Gears,FALSE
Animal / Creature Accessories,Technic Panels,FALSE
Animal / Creature Accessories,Technic Pins,FALSE
Animal / Creature Accessories,Technic Special,FALSE
Animal / Creature Accessories,"Technic Steering, Suspension and Engine",FALSE
Animal / Creature Accessories,Tiles,FALSE
Animal / Creature Accessories,Tiles Round and Curved,FALSE
Animal / Creature Accessories,Tiles Special,FALSE
Animal / Creature Accessories,Tools,FALSE
Animal / Creature Accessories,Transportation - Land,FALSE
Animal / Creature Accessories,Transportation - Sea and Air,FALSE
Animal / Creature Accessories,Tubes and Hoses,FALSE
Animal / Creature Accessories,Wheels and Tyres,FALSE
Animal / Creature Accessories,Windows and Doors,FALSE
Animal / Creature Accessories,Windscreens and Fuselage,FALSE
Animal / Creature Accessories,Znap,FALSE
Animal / Creature Body Parts,Animal / Creature Body Parts,TRUE
Animal / Creature Body Parts,Animals / Creatures,FALSE
Animal / Creature Body Parts,"Bars, Ladders and Fences",FALSE
Animal / Creature Body Parts,Baseplates,FALSE
Animal / Creature Body Parts,"Belville, Scala and Fabuland",FALSE
Animal / Creature Body Parts,Bricks,FALSE
Animal / Creature Body Parts,Bricks Curved,FALSE
Animal / Creature Body Parts,Bricks Round and Cones,FALSE
Animal / Creature Body Parts,Bricks Sloped,FALSE
Animal / Creature Body Parts,Bricks Special,FALSE
Animal / Creature Body Parts,Bricks Wedged,FALSE
Animal / Creature Body Parts,Clikits,FALSE
Animal / Creature Body Parts,Containers,FALSE
Animal / Creature Body Parts,"Duplo, Quatro and Primo",FALSE
Animal / Creature Body Parts,Electronics,FALSE
Animal / Creature Body Parts,Energy Effects,FALSE
Animal / Creature Body Parts,"Flags, Banners and Signs",FALSE
Animal / Creature Body Parts,Gear Parts,FALSE
Animal / Creature Body Parts,HO Scale,FALSE
Animal / Creature Body Parts,"Hinges, Arms and Turntables",FALSE
Animal / Creature Body Parts,Large Buildable Figures,FALSE
Animal / Creature Body Parts,Magnets and Holders,FALSE
Animal / Creature Body Parts,Mechanical,FALSE
Animal / Creature Body Parts,Minidoll Heads,FALSE
Animal / Creature Body Parts,Minidoll Lower Body,FALSE
Animal / Creature Body Parts,Minidoll Upper Body,FALSE
Animal / Creature Body Parts,Minifig Accessories,FALSE
Animal / Creature Body Parts,Minifig Heads,FALSE
Animal / Creature Body Parts,Minifig Headwear,FALSE
Animal / Creature Body Parts,Minifig Headwear Accessories,FALSE
Animal / Creature Body Parts,Minifig Hipwear,FALSE
Animal / Creature Body Parts,Minifig Lower Body,FALSE
Animal / Creature Body Parts,Minifig Neckwear,FALSE
Animal / Creature Body Parts,"Minifig Shields, Weapons, & Tools",FALSE
Animal / Creature Body Parts,Minifig Upper Body,FALSE
Animal / Creature Body Parts,Minifigs,FALSE
Animal / Creature Body Parts,Modulex,FALSE
Animal / Creature Body Parts,"Non-Buildable Figures (Duplo, Fabuland, etc)",FALSE
Animal / Creature Body Parts,Non-System Parts,FALSE
Animal / Creature Body Parts,Other,FALSE
Animal / Creature Body Parts,Panels,FALSE
Animal / Creature Body Parts,Pen & Watch,FALSE
Animal / Creature Body Parts,Plants & Trees,FALSE
Animal / Creature Body Parts,Plates,FALSE
Animal / Creature Body Parts,Plates Angled,FALSE
Animal / Creature Body Parts,Plates Round Curved and Dishes,FALSE
Animal / Creature Body Parts,Plates Special,FALSE
Animal / Creature Body Parts,Pneumatics,FALSE
Animal / Creature Body Parts,Projectiles / Launchers,FALSE
Animal / Creature Body Parts,Rock,FALSE
Animal / Creature Body Parts,Stickers,FALSE
Animal / Creature Body Parts,"String, Bands and Reels",FALSE
Animal / Creature Body Parts,"Supports, Girders and Cranes",FALSE
Animal / Creature Body Parts,Technic Axles,FALSE
Animal / Creature Body Parts,Technic Beams,FALSE
Animal / Creature Body Parts,Technic Beams Special,FALSE
Animal / Creature Body Parts,Technic Bricks,FALSE
Animal / Creature Body Parts,Technic Bushes,FALSE
Animal / Creature Body Parts,Technic Connectors,FALSE
Animal / Creature Body Parts,Technic Gears,FALSE
Animal / Creature Body Parts,Technic Panels,FALSE
Animal / Creature Body Parts,Technic Pins,FALSE
Animal / Creature Body Parts,Technic Special,FALSE
Animal / Creature Body Parts,"Technic Steering, Suspension and Engine",FALSE
Animal / Creature Body Parts,Tiles,FALSE
Animal / Creature Body Parts,Tiles Round and Curved,FALSE
Animal / Creature Body Parts,Tiles Special,FALSE
Animal / Creature Body Parts,Tools,FALSE
Animal / Creature Body Parts,Transportation - Land,FALSE
Animal / Creature Body Parts,Transportation - Sea and Air,FALSE
Animal / Creature Body Parts,Tubes and Hoses,FALSE
Animal / Creature Body Parts,Wheels and Tyres,FALSE
Animal / Creature Body Parts,Windows and Doors,FALSE
Animal / Creature Body Parts,Windscreens and Fuselage,FALSE
Animal / Creature Body Parts,Znap,FALSE
Animals / Creatures,Animals / Creatures,TRUE
Animals / Creatures,"Bars, Ladders and Fences",FALSE
Animals / Creatures,Baseplates,FALSE
Animals / Creatures,"Belville, Scala and Fabuland",FALSE
Animals / Creatures,Bricks,FALSE
Animals / Creatures,Bricks Curved,FALSE
Animals / Creatures,Bricks Round and Cones,FALSE
Animals / Creatures,Bricks Sloped,FALSE
Animals / Creatures,Bricks Special,FALSE
Animals / Creatures,Bricks Wedged,FALSE
Animals / Creatures,Clikits,FALSE
Animals / Creatures,Containers,FALSE
Animals / Creatures,"Duplo, Quatro and Primo",FALSE
Animals / Creatures,Electronics,FALSE
Animals / Creatures,Energy Effects,FALSE
Animals / Creatures,"Flags, Banners and Signs",FALSE
Animals / Creatures,Gear Parts,FALSE
Animals / Creatures,HO Scale,FALSE
Animals / Creatures,"Hinges, Arms and Turntables",FALSE
Animals / Creatures,Large Buildable Figures,FALSE
Animals / Creatures,Magnets and Holders,FALSE
Animals / Creatures,Mechanical,FALSE
Animals / Creatures,Minidoll Heads,FALSE
Animals / Creatures,Minidoll Lower Body,FALSE
Animals / Creatures,Minidoll Upper Body,FALSE
Animals / Creatures,Minifig Accessories,FALSE
Animals / Creatures,Minifig Heads,FALSE
Animals / Creatures,Minifig Headwear,FALSE
Animals / Creatures,Minifig Headwear Accessories,FALSE
Animals / Creatures,Minifig Hipwear,FALSE
Animals / Creatures,Minifig Lower Body,FALSE
Animals / Creatures,Minifig Neckwear,FALSE
Animals / Creatures,"Minifig Shields, Weapons, & Tools",FALSE
Animals / Creatures,Minifig Upper Body,FALSE
Animals / Creatures,Minifigs,FALSE
Animals / Creatures,Modulex,FALSE
Animals / Creatures,"Non-Buildable Figures (Duplo, Fabuland, etc)",FALSE
Animals / Creatures,Non-System Parts,FALSE
Animals / Creatures,Other,FALSE
Animals / Creatures,Panels,FALSE
Animals / Creatures,Pen & Watch,FALSE
Animals / Creatures,Plants & Trees,FALSE
Animals / Creatures,Plates,FALSE
Animals / Creatures,Plates Angled,FALSE
Animals / Creatures,Plates Round Curved and Dishes,FALSE
Animals / Creatures,Plates Special,FALSE
Animals / Creatures,Pneumatics,FALSE
Animals / Creatures,Projectiles / Launchers,FALSE
Animals / Creatures,Rock,FALSE
Animals / Creatures,Stickers,FALSE
Animals / Creatures,"String, Bands and Reels",FALSE
Animals / Creatures,"Supports, Girders and Cranes",FALSE
Animals / Creatures,Technic Axles,FALSE
Animals / Creatures,Technic Beams,FALSE
Animals / Creatures,Technic Beams Special,FALSE
Animals / Creatures,Technic Bricks,FALSE
Animals / Creatures,Technic Bushes,FALSE
Animals / Creatures,Technic Connectors,FALSE
Animals / Creatures,Technic Gears,FALSE
Animals / Creatures,Technic Panels,FALSE
Animals / Creatures,Technic Pins,FALSE
Animals / Creatures,Technic Special,FALSE
Animals / Creatures,"Technic Steering, Suspension and Engine",FALSE
Animals / Creatures,Tiles,FALSE
Animals / Creatures,Tiles Round and Curved,FALSE
Animals / Creatures,Tiles Special,FALSE
Animals / Creatures,Tools,FALSE
Animals / Creatures,Transportation - Land,FALSE
Animals / Creatures,Transportation - Sea and Air,FALSE
Animals / Creatures,Tubes and Hoses,FALSE
Animals / Creatures,Wheels and Tyres,FALSE
Animals / Creatures,Windows and Doors,FALSE
Animals / Creatures,Windscreens and Fuselage,FALSE
Animals / Creatures,Znap,FALSE
"Bars, Ladders and Fences","Bars, Ladders and Fences",TRUE
"Bars, Ladders and Fences",Baseplates,FALSE
"Bars, Ladders and Fences","Belville, Scala and Fabuland",FALSE
"Bars, Ladders and Fences",Bricks,FALSE
"Bars, Ladders and Fences",Bricks Curved,FALSE
"Bars, Ladders and Fences",Bricks Round and Cones,FALSE
"Bars, Ladders and Fences",Bricks Sloped,FALSE
"Bars, Ladders and Fences",Bricks Special,FALSE
"Bars, Ladders and Fences",Bricks Wedged,FALSE
"Bars, Ladders and Fences",Clikits,FALSE
"Bars, Ladders and Fences",Containers,FALSE
"Bars, Ladders and Fences","Duplo, Quatro and Primo",FALSE
"Bars, Ladders and Fences",Electronics,FALSE
"Bars, Ladders and Fences",Energy Effects,FALSE
"Bars, Ladders and Fences","Flags, Banners and Signs",FALSE
"Bars, Ladders and Fences",Gear Parts,FALSE
"Bars, Ladders and Fences",HO Scale,FALSE
"Bars, Ladders and Fences","Hinges, Arms and Turntables",FALSE
"Bars, Ladders and Fences",Large Buildable Figures,FALSE
"Bars, Ladders and Fences",Magnets and Holders,FALSE
"Bars, Ladders and Fences",Mechanical,FALSE
"Bars, Ladders and Fences",Minidoll Heads,FALSE
"Bars, Ladders and Fences",Minidoll Lower Body,FALSE
"Bars, Ladders and Fences",Minidoll Upper Body,FALSE
"Bars, Ladders and Fences",Minifig Accessories,FALSE
"Bars, Ladders and Fences",Minifig Heads,FALSE
"Bars, Ladders and Fences",Minifig Headwear,FALSE
"Bars, Ladders and Fences",Minifig Headwear Accessories,FALSE
"Bars, Ladders and Fences",Minifig Hipwear,FALSE
"Bars, Ladders and Fences",Minifig Lower Body,FALSE
"Bars, Ladders and Fences",Minifig Neckwear,FALSE
"Bars, Ladders and Fences","Minifig Shields, Weapons, & Tools",FALSE
"Bars, Ladders and Fences",Minifig Upper Body,FALSE
"Bars, Ladders and Fences",Minifigs,FALSE
"Bars, Ladders and Fences",Modulex,FALSE
"Bars, Ladders and Fences","Non-Buildable Figures (Duplo, Fabuland, etc)",FALSE
"Bars, Ladders and Fences",Non-System Parts,FALSE
"Bars, Ladders and Fences",Other,FALSE
"Bars, Ladders and Fences",Panels,FALSE
"Bars, Ladders and Fences",Pen & Watch,FALSE
"Bars, Ladders and Fences",Plants & Trees,FALSE
"Bars, Ladders and Fences",Plates,FALSE
"Bars, Ladders and Fences",Plates Angled,FALSE
"Bars, Ladders and Fences",Plates Round Curved and Dishes,FALSE
"Bars, Ladders and Fences",Plates Special,FALSE
"Bars, Ladders and Fences",Pneumatics,FALSE
"Bars, Ladders and Fences",Projectiles / Launchers,FALSE
"Bars, Ladders and Fences",Rock,FALSE
"Bars, Ladders and Fences",Stickers,FALSE
"Bars, Ladders and Fences","String, Bands and Reels",FALSE
"Bars, Ladders and Fences","Supports, Girders and Cranes",FALSE
"Bars, Ladders and Fences",Technic Axles,FALSE
"Bars, Ladders and Fences",Technic Beams,FALSE
"Bars, Ladders and Fences",Technic Beams Special,FALSE
"Bars, Ladders and Fences",Technic Bricks,FALSE
"Bars, Ladders and Fences",Technic Bushes,FALSE
"Bars, Ladders and Fences",Technic Connectors,FALSE
"Bars, Ladders and Fences",Technic Gears,FALSE
"Bars, Ladders and Fences",Technic Panels,FALSE
"Bars, Ladders and Fences",Technic Pins,FALSE
"Bars, Ladders and Fences",Technic Special,FALSE
"Bars, Ladders and Fences","Technic Steering, Suspension and Engine",FALSE
"Bars, Ladders and Fences",Tiles,FALSE
"Bars, Ladders and Fences",Tiles Round and Curved,FALSE
"Bars, Ladders and Fences",Tiles Special,FALSE
"Bars, Ladders and Fences",Tools,FALSE
"Bars, Ladders and Fences",Transportation - Land,FALSE
"Bars, Ladders and Fences",Transportation - Sea and Air,FALSE
"Bars, Ladders and Fences",Tubes and Hoses,FALSE
"Bars, Ladders and Fences",Wheels and Tyres,FALSE
"Bars, Ladders and Fences",Windows and Doors,FALSE
"Bars, Ladders and Fences",Windscreens and Fuselage,FALSE
"Bars, Ladders and Fences",Znap,FALSE
Baseplates,Baseplates,TRUE
Baseplates,"Belville, Scala and Fabuland",FALSE
Baseplates,Bricks,FALSE
Baseplates,Bricks Curved,FALSE
Baseplates,Bricks Round and Cones,FALSE
Baseplates,Bricks Sloped,FALSE
Baseplates,Bricks Special,FALSE
Baseplates,Bricks Wedged,FALSE
Baseplates,Clikits,FALSE
Baseplates,Containers,FALSE
Baseplates,"Duplo, Quatro and Primo",FALSE
Baseplates,Electronics,FALSE
Baseplates,Energy Effects,FALSE
Baseplates,"Flags, Banners and Signs",FALSE
Baseplates,Gear Parts,FALSE
Baseplates,HO Scale,FALSE
Baseplates,"Hinges, Arms and Turntables",FALSE
Baseplates,Large Buildable Figures,FALSE
Baseplates,Magnets and Holders,FALSE
Baseplates,Mechanical,FALSE
Baseplates,Minidoll Heads,FALSE
Baseplates,Minidoll Lower Body,FALSE
Baseplates,Minidoll Upper Body,FALSE
Baseplates,Minifig Accessories,FALSE
Baseplates,Minifig Heads,FALSE
Baseplates,Minifig Headwear,FALSE
Baseplates,Minifig Headwear Accessories,FALSE
Baseplates,Minifig Hipwear,FALSE
Baseplates,Minifig Lower Body,FALSE
Baseplates,Minifig Neckwear,FALSE
Baseplates,"Minifig Shields, Weapons, & Tools",FALSE
Baseplates,Minifig Upper Body,FALSE
Baseplates,Minifigs,FALSE
Baseplates,Modulex,FALSE
Baseplates,"Non-Buildable Figures (Duplo, Fabuland, etc)",FALSE
Baseplates,Non-System Parts,FALSE
Baseplates,Other,FALSE
Baseplates,Panels,FALSE
Baseplates,Pen & Watch,FALSE
Baseplates,Plants & Trees,FALSE
Baseplates,Plates,FALSE
Baseplates,Plates Angled,FALSE
Baseplates,Plates Round Curved and Dishes,FALSE
Baseplates,Plates Special,FALSE
Baseplates,Pneumatics,FALSE
Baseplates,Projectiles / Launchers,FALSE
Baseplates,Rock,FALSE
Baseplates,Stickers,FALSE
Baseplates,"String, Bands and Reels",FALSE
Baseplates,"Supports, Girders and Cranes",FALSE
Baseplates,Technic Axles,FALSE
Baseplates,Technic Beams,FALSE
Baseplates,Technic Beams Special,FALSE
Baseplates,Technic Bricks,FALSE
Baseplates,Technic Bushes,FALSE
Baseplates,Technic Connectors,FALSE
Baseplates,Technic Gears,FALSE
Baseplates,Technic Panels,FALSE
Baseplates,Technic Pins,FALSE
Baseplates,Technic Special,FALSE
Baseplates,"Technic Steering, Suspension and Engine",FALSE
Baseplates,Tiles,FALSE
Baseplates,Tiles Round and Curved,FALSE
Baseplates,Tiles Special,FALSE
Baseplates,Tools,FALSE
Baseplates,Transportation - Land,FALSE
Baseplates,Transportation - Sea and Air,FALSE
Baseplates,Tubes and Hoses,FALSE
Baseplates,Wheels and Tyres,FALSE
Baseplates,Windows and Doors,FALSE
Baseplates,Windscreens and Fuselage,FALSE
Baseplates,Znap,FALSE
"Belville, Scala and Fabuland","Belville, Scala and Fabuland",TRUE
"Belville, Scala and Fabuland",Bricks,FALSE
"Belville, Scala and Fabuland",Bricks Curved,FALSE
"Belville, Scala and Fabuland",Bricks Round and Cones,FALSE
"Belville, Scala and Fabuland",Bricks Sloped,FALSE
"Belville, Scala and Fabuland",Bricks Special,FALSE
"Belville, Scala and Fabuland",Bricks Wedged,FALSE
"Belville, Scala and Fabuland",Clikits,FALSE
"Belville, Scala and Fabuland",Containers,FALSE
"Belville, Scala and Fabuland","Duplo, Quatro and Primo",FALSE
"Belville, Scala and Fabuland",Electronics,FALSE
"Belville, Scala and Fabuland",Energy Effects,FALSE
"Belville, Scala and Fabuland","Flags, Banners and Signs",FALSE
"Belville, Scala and Fabuland",Gear Parts,FALSE
"Belville, Scala and Fabuland",HO Scale,FALSE
"Belville, Scala and Fabuland","Hinges, Arms and Turntables",FALSE
"Belville, Scala and Fabuland",Large Buildable Figures,FALSE
"Belville, Scala and Fabuland",Magnets and Holders,FALSE
"Belville, Scala and Fabuland",Mechanical,FALSE
"Belville, Scala and Fabuland",Minidoll Heads,FALSE
"Belville, Scala and Fabuland",Minidoll Lower Body,FALSE
"Belville, Scala and Fabuland",Minidoll Upper Body,FALSE
"Belville, Scala and Fabuland",Minifig Accessories,FALSE
"Belville, Scala and Fabuland",Minifig Heads,FALSE
"Belville, Scala and Fabuland",Minifig Headwear,FALSE
"Belville, Scala and Fabuland",Minifig Headwear Accessories,FALSE
"Belville, Scala and Fabuland",Minifig Hipwear,FALSE
"Belville, Scala and Fabuland",Minifig Lower Body,FALSE
"Belville, Scala and Fabuland",Minifig Neckwear,FALSE
"Belville, Scala and Fabuland","Minifig Shields, Weapons, & Tools",FALSE
"Belville, Scala and Fabuland",Minifig Upper Body,FALSE
"Belville, Scala and Fabuland",Minifigs,FALSE
"Belville, Scala and Fabuland",Modulex,FALSE
"Belville, Scala and Fabuland","Non-Buildable Figures (Duplo, Fabuland, etc)",FALSE
"Belville, Scala and Fabuland",Non-System Parts,FALSE
"Belville, Scala and Fabuland",Other,FALSE
"Belville, Scala and Fabuland",Panels,FALSE
"Belville, Scala and Fabuland",Pen & Watch,FALSE
"Belville, Scala and Fabuland",Plants & Trees,FALSE
"Belville, Scala and Fabuland",Plates,FALSE
"Belville, Scala and Fabuland",Plates Angled,FALSE
"Belville, Scala and Fabuland",Plates Round Curved and Dishes,FALSE
"Belville, Scala and Fabuland",Plates Special,FALSE
"Belville, Scala and Fabuland",Pneumatics,FALSE
"Belville, Scala and Fabuland",Projectiles / Launchers,FALSE
"Belville, Scala and Fabuland",Rock,FALSE
"Belville, Scala and Fabuland",Stickers,FALSE
"Belville, Scala and Fabuland","String, Bands and Reels",FALSE
"Belville, Scala and Fabuland","Supports, Girders and Cranes",FALSE
"Belville, Scala and Fabuland",Technic Axles,FALSE
"Belville, Scala and Fabuland",Technic Beams,FALSE
"Belville, Scala and Fabuland",Technic Beams Special,FALSE
"Belville, Scala and Fabuland",Technic Bricks,FALSE
"Belville, Scala and Fabuland",Technic Bushes,FALSE
"Belville, Scala and Fabuland",Technic Connectors,FALSE
"Belville, Scala and Fabuland",Technic Gears,FALSE
"Belville, Scala and Fabuland",Technic Panels,FALSE
"Belville, Scala and Fabuland",Technic Pins,FALSE
"Belville, Scala and Fabuland",Technic Special,FALSE
"Belville, Scala and Fabuland","Technic Steering, Suspension and Engine",FALSE
"Belville, Scala and Fabuland",Tiles,FALSE
"Belville, Scala and Fabuland",Tiles Round and Curved,FALSE
"Belville, Scala and Fabuland",Tiles Special,FALSE
"Belville, Scala and Fabuland",Tools,FALSE
"Belville, Scala and Fabuland",Transportation - Land,FALSE
"Belville, Scala and Fabuland",Transportation - Sea and Air,FALSE
"Belville, Scala and Fabuland",Tubes and Hoses,FALSE
"Belville, Scala and Fabuland",Wheels and Tyres,FALSE
"Belville, Scala and Fabuland",Windows and Doors,FALSE
"Belville, Scala and Fabuland",Windscreens and Fuselage,FALSE
"Belville, Scala and Fabuland",Znap,FALSE
Bricks,Bricks,TRUE
Bricks,Bricks Curved,FALSE
Bricks,Bricks Round and Cones,FALSE
Bricks,Bricks Sloped,FALSE
Bricks,Bricks Special,FALSE
Bricks,Bricks Wedged,FALSE
Bricks,Clikits,FALSE
Bricks,Containers,FALSE
Bricks,"Duplo, Quatro and Primo",FALSE
Bricks,Electronics,FALSE
Bricks,Energy Effects,FALSE
Bricks,"Flags, Banners and Signs",FALSE
Bricks,Gear Parts,FALSE
Bricks,HO Scale,FALSE
Bricks,"Hinges, Arms and Turntables",FALSE
Bricks,Large Buildable Figures,FALSE
Bricks,Magnets and Holders,FALSE
Bricks,Mechanical,FALSE
Bricks,Minidoll Heads,FALSE
Bricks,Minidoll Lower Body,FALSE
Bricks,Minidoll Upper Body,FALSE
Bricks,Minifig Accessories,FALSE
Bricks,Minifig Heads,FALSE
Bricks,Minifig Headwear,FALSE
Bricks,Minifig Headwear Accessories,FALSE
Bricks,Minifig Hipwear,FALSE
Bricks,Minifig Lower Body,FALSE
Bricks,Minifig Neckwear,FALSE
Bricks,"Minifig Shields, Weapons, & Tools",FALSE
Bricks,Minifig Upper Body,FALSE
Bricks,Minifigs,FALSE
Bricks,Modulex,FALSE
Bricks,"Non-Buildable Figures (Duplo, Fabuland, etc)",FALSE
Bricks,Non-System Parts,FALSE
Bricks,Other,FALSE
Bricks,Panels,FALSE
Bricks,Pen & Watch,FALSE
Bricks,Plants & Trees,FALSE
Bricks,Plates,FALSE
Bricks,Plates Angled,FALSE
Bricks,Plates Round Curved and Dishes,FALSE
Bricks,Plates Special,FALSE
Bricks,Pneumatics,FALSE
Bricks,Projectiles / Launchers,FALSE
Bricks,Rock,FALSE
Bricks,Stickers,FALSE
Bricks,"String, Bands and Reels",FALSE
Bricks,"Supports, Girders and Cranes",FALSE
Bricks,Technic Axles,FALSE
Bricks,Technic Beams,FALSE
Bricks,Technic Beams Special,FALSE
Bricks,Technic Bricks,FALSE
Bricks,Technic Bushes,FALSE
Bricks,Technic Connectors,FALSE
Bricks,Technic Gears,FALSE
Bricks,Technic Panels,FALSE
Bricks,Technic Pins,FALSE
Bricks,Technic Special,FALSE
Bricks,"Technic Steering, Suspension and Engine",FALSE
Bricks,Tiles,FALSE
Bricks,Tiles Round and Curved,FALSE
Bricks,Tiles Special,FALSE
Bricks,Tools,FALSE
Bricks,Transportation - Land,FALSE
Bricks,Transportation - Sea and Air,FALSE
Bricks,Tubes and Hoses,FALSE
Bricks,Wheels and Tyres,FALSE
Bricks,Windows and Doors,FALSE
Bricks,Windscreens and Fuselage,FALSE
Bricks,Znap,FALSE
Bricks Curved,Bricks Curved,TRUE
Bricks Curved,Bricks Round and Cones,FALSE
Bricks Curved,Bricks Sloped,FALSE
Bricks Curved,Bricks Special,FALSE
Bricks Curved,Bricks Wedged,FALSE
Bricks Curved,Clikits,FALSE
Bricks Curved,Containers,FALSE
Bricks Curved,"Duplo, Quatro and Primo",FALSE
Bricks Curved,Electronics,FALSE
Bricks Curved,Energy Effects,FALSE
Bricks Curved,"Flags, Banners and Signs",FALSE
Bricks Curved,Gear Parts,FALSE
Bricks Curved,HO Scale,FALSE
Bricks Curved,"Hinges, Arms and Turntables",FALSE
Bricks Curved,Large Buildable Figures,FALSE
Bricks Curved,Magnets and Holders,FALSE
Bricks Curved,Mechanical,FALSE
Bricks Curved,Minidoll Heads,FALSE
Bricks Curved,Minidoll Lower Body,FALSE
Bricks Curved,Minidoll Upper Body,FALSE
Bricks Curved,Minifig Accessories,FALSE
Bricks Curved,Minifig Heads,FALSE
Bricks Curved,Minifig Headwear,FALSE
Bricks Curved,Minifig Headwear Accessories,FALSE
Bricks Curved,Minifig Hipwear,FALSE
Bricks Curved,Minifig Lower Body,FALSE
Bricks Curved,Minifig Neckwear,FALSE
Bricks Curved,"Minifig Shields, Weapons, & Tools",FALSE
Bricks Curved,Minifig Upper Body,FALSE
Bricks Curved,Minifigs,FALSE
Bricks Curved,Modulex,FALSE
Bricks Curved,"Non-Buildable Figures (Duplo, Fabuland, etc)",FALSE
Bricks Curved,Non-System Parts,FALSE
Bricks Curved,Other,FALSE
Bricks Curved,Panels,FALSE
Bricks Curved,Pen & Watch,FALSE
Bricks Curved,Plants & Trees,FALSE
Bricks Curved,Plates,FALSE
Bricks Curved,Plates Angled,FALSE
Bricks Curved,Plates Round Curved and Dishes,FALSE
Bricks Curved,Plates Special,FALSE
Bricks Curved,Pneumatics,FALSE
Bricks Curved,Projectiles / Launchers,FALSE
Bricks Curved,Rock,FALSE
Bricks Curved,Stickers,FALSE
Bricks Curved,"String, Bands and Reels",FALSE
Bricks Curved,"Supports, Girders and Cranes",FALSE
Bricks Curved,Technic Axles,FALSE
Bricks Curved,Technic Beams,FALSE
Bricks Curved,Technic Beams Special,FALSE
Bricks Curved,Technic Bricks,FALSE
Bricks Curved,Technic Bushes,FALSE
Bricks Curved,Technic Connectors,FALSE
Bricks Curved,Technic Gears,FALSE
Bricks Curved,Technic Panels,FALSE
Bricks Curved,Technic Pins,FALSE
Bricks Curved,Technic Special,FALSE
Bricks Curved,"Technic Steering, Suspension and Engine",FALSE
Bricks Curved,Tiles,FALSE
Bricks Curved,Tiles Round and Curved,FALSE
Bricks Curved,Tiles Special,FALSE
Bricks Curved,Tools,FALSE
Bricks Curved,Transportation - Land,FALSE
Bricks Curved,Transportation - Sea and Air,FALSE
Bricks Curved,Tubes and Hoses,FALSE
Bricks Curved,Wheels and Tyres,FALSE
Bricks Curved,Windows and Doors,FALSE
Bricks Curved,Windscreens and Fuselage,FALSE
Bricks Curved,Znap,FALSE
Bricks Round and Cones,Bricks Round and Cones,TRUE
Bricks Round and Cones,Bricks Sloped,FALSE
Bricks Round and Cones,Bricks Special,FALSE
Bricks Round and Cones,Bricks Wedged,FALSE
Bricks Round and Cones,Clikits,FALSE
Bricks Round and Cones,Containers,FALSE
Bricks Round and Cones,"Duplo, Quatro and Primo",FALSE
Bricks Round and Cones,Electronics,FALSE
Bricks Round and Cones,Energy Effects,FALSE
Bricks Round and Cones,"Flags, Banners and Signs",FALSE
Bricks Round and Cones,Gear Parts,FALSE
Bricks Round and Cones,HO Scale,FALSE
Bricks Round and Cones,"Hinges, Arms and Turntables",FALSE
Bricks Round and Cones,Large Buildable Figures,FALSE
Bricks Round and Cones,Magnets and Holders,FALSE
Bricks Round and Cones,Mechanical,FALSE
Bricks Round and Cones,Minidoll Heads,FALSE
Bricks Round and Cones,Minidoll Lower Body,FALSE
Bricks Round and Cones,Minidoll Upper Body,FALSE
Bricks Round and Cones,Minifig Accessories,FALSE
Bricks Round and Cones,Minifig Heads,FALSE
Bricks Round and Cones,Minifig Headwear,FALSE
Bricks Round and Cones,Minifig Headwear Accessories,FALSE
Bricks Round and Cones,Minifig Hipwear,FALSE
Bricks Round and Cones,Minifig Lower Body,FALSE
Bricks Round and Cones,Minifig Neckwear,FALSE
Bricks Round and Cones,"Minifig Shields, Weapons, & Tools",FALSE
Bricks Round and Cones,Minifig Upper Body,FALSE
Bricks Round and Cones,Minifigs,FALSE
Bricks Round and Cones,Modulex,FALSE
Bricks Round and Cones,"Non-Buildable Figures (Duplo, Fabuland, etc)",FALSE
Bricks Round and Cones,Non-System Parts,FALSE
Bricks Round and Cones,Other,FALSE
Bricks Round and Cones,Panels,FALSE
Bricks Round and Cones,Pen & Watch,FALSE
Bricks Round and Cones,Plants & Trees,FALSE
Bricks Round and Cones,Plates,FALSE
Bricks Round and Cones,Plates Angled,FALSE
Bricks Round and Cones,Plates Round Curved and Dishes,FALSE
Bricks Round and Cones,Plates Special,FALSE
Bricks Round and Cones,Pneumatics,FALSE
Bricks Round and Cones,Projectiles / Launchers,FALSE
Bricks Round and Cones,Rock,FALSE
Bricks Round and Cones,Stickers,FALSE
Bricks Round and Cones,"String, Bands and Reels",FALSE
Bricks Round and Cones,"Supports, Girders and Cranes",FALSE
Bricks Round and Cones,Technic Axles,FALSE
Bricks Round and Cones,Technic Beams,FALSE
Bricks Round and Cones,Technic Beams Special,FALSE
Bricks Round and Cones,Technic Bricks,FALSE
Bricks Round and Cones,Technic Bushes,FALSE
Bricks Round and Cones,Technic Connectors,FALSE
Bricks Round and Cones,Technic Gears,FALSE
Bricks Round and Cones,Technic Panels,FALSE
Bricks Round and Cones,Technic Pins,FALSE
Bricks Round and Cones,Technic Special,FALSE
Bricks Round and Cones,"Technic Steering, Suspension and Engine",FALSE
Bricks Round and Cones,Tiles,FALSE
Bricks Round and Cones,Tiles Round and Curved,FALSE
Bricks Round and Cones,Tiles Special,FALSE
Bricks Round and Cones,Tools,FALSE
Bricks Round and Cones,Transportation - Land,FALSE
Bricks Round and Cones,Transportation - Sea and Air,FALSE
Bricks Round and Cones,Tubes and Hoses,FALSE
Bricks Round and Cones,Wheels and Tyres,FALSE
Bricks Round and Cones,Windows and Doors,FALSE
Bricks Round and Cones,Windscreens and Fuselage,FALSE
Bricks Round and Cones,Znap,FALSE
Bricks Sloped,Bricks Sloped,TRUE
Bricks Sloped,Bricks Special,FALSE
Bricks Sloped,Bricks Wedged,FALSE
Bricks Sloped,Clikits,FALSE
Bricks Sloped,Containers,FALSE
Bricks Sloped,"Duplo, Quatro and Primo",FALSE
Bricks Sloped,Electronics,FALSE
Bricks Sloped,Energy Effects,FALSE
Bricks Sloped,"Flags, Banners and Signs",FALSE
Bricks Sloped,Gear Parts,FALSE
Bricks Sloped,HO Scale,FALSE
Bricks Sloped,"Hinges, Arms and Turntables",FALSE
Bricks Sloped,Large Buildable Figures,FALSE
Bricks Sloped,Magnets and Holders,FALSE
Bricks Sloped,Mechanical,FALSE
Bricks Sloped,Minidoll Heads,FALSE
Bricks Sloped,Minidoll Lower Body,FALSE
Bricks Sloped,Minidoll Upper Body,FALSE
Bricks Sloped,Minifig Accessories,FALSE
Bricks Sloped,Minifig Heads,FALSE
Bricks Sloped,Minifig Headwear,FALSE
Bricks Sloped,Minifig Headwear Accessories,FALSE
Bricks Sloped,Minifig Hipwear,FALSE
Bricks Sloped,Minifig Lower Body,FALSE
Bricks Sloped,Minifig Neckwear,FALSE
Bricks Sloped,"Minifig Shields, Weapons, & Tools",FALSE
Bricks Sloped,Minifig Upper Body,FALSE
Bricks Sloped,Minifigs,FALSE
Bricks Sloped,Modulex,FALSE
Bricks Sloped,"Non-Buildable Figures (Duplo, Fabuland, etc)",FALSE
Bricks Sloped,Non-System Parts,FALSE
Bricks Sloped,Other,FALSE
Bricks Sloped,Panels,FALSE
Bricks Sloped,Pen & Watch,FALSE
Bricks Sloped,Plants & Trees,FALSE
Bricks Sloped,Plates,FALSE
Bricks Sloped,Plates Angled,FALSE
Bricks Sloped,Plates Round Curved and Dishes,FALSE
Bricks Sloped,Plates Special,FALSE
Bricks Sloped,Pneumatics,FALSE
Bricks Sloped,Projectiles / Launchers,FALSE
Bricks Sloped,Rock,FALSE
Bricks Sloped,Stickers,FALSE
Bricks Sloped,"String, Bands and Reels",FALSE
Bricks Sloped,"Supports, Girders and Cranes",FALSE
Bricks Sloped,Technic Axles,FALSE
Bricks Sloped,Technic Beams,FALSE
Bricks Sloped,Technic Beams Special,FALSE
Bricks Sloped,Technic Bricks,FALSE
Bricks Sloped,Technic Bushes,FALSE
Bricks Sloped,Technic Connectors,FALSE
Bricks Sloped,Technic Gears,FALSE
Bricks Sloped,Technic Panels,FALSE
Bricks Sloped,Technic Pins,FALSE
Bricks Sloped,Technic Special,FALSE
Bricks Sloped,"Technic Steering, Suspension and Engine",FALSE
Bricks Sloped,Tiles,FALSE
Bricks Sloped,Tiles Round and Curved,FALSE
Bricks Sloped,Tiles Special,FALSE
Bricks Sloped,Tools,FALSE
Bricks Sloped,Transportation - Land,FALSE
Bricks Sloped,Transportation - Sea and Air,FALSE
Bricks Sloped,Tubes and Hoses,FALSE
Bricks Sloped,Wheels and Tyres,FALSE
Bricks Sloped,Windows and Doors,FALSE
Bricks Sloped,Windscreens and Fuselage,FALSE
Bricks Sloped,Znap,FALSE
Bricks Special,Bricks Special,TRUE
Bricks Special,Bricks Wedged,FALSE
Bricks Special,Clikits,FALSE
Bricks Special,Containers,FALSE
Bricks Special,"Duplo, Quatro and Primo",FALSE
Bricks Special,Electronics,FALSE
Bricks Special,Energy Effects,FALSE
Bricks Special,"Flags, Banners and Signs",FALSE
Bricks Special,Gear Parts,FALSE
Bricks Special,HO Scale,FALSE
Bricks Special,"Hinges, Arms and Turntables",FALSE
Bricks Special,Large Buildable Figures,FALSE
Bricks Special,Magnets and Holders,FALSE
Bricks Special,Mechanical,FALSE
Bricks Special,Minidoll Heads,FALSE
Bricks Special,Minidoll Lower Body,FALSE
Bricks Special,Minidoll Upper Body,FALSE
Bricks Special,Minifig Accessories,FALSE
Bricks Special,Minifig Heads,FALSE
Bricks Special,Minifig Headwear,FALSE
Bricks Special,Minifig Headwear Accessories,FALSE
Bricks Special,Minifig Hipwear,FALSE
Bricks Special,Minifig Lower Body,FALSE
Bricks Special,Minifig Neckwear,FALSE
Bricks Special,"Minifig Shields, Weapons, & Tools",FALSE
Bricks Special,Minifig Upper Body,FALSE
Bricks Special,Minifigs,FALSE
Bricks Special,Modulex,FALSE
Bricks Special,"Non-Buildable Figures (Duplo, Fabuland, etc)",FALSE
Bricks Special,Non-System Parts,FALSE
Bricks Special,Other,FALSE
Bricks Special,Panels,FALSE
Bricks Special,Pen & Watch,FALSE
Bricks Special,Plants & Trees,FALSE
Bricks Special,Plates,FALSE
Bricks Special,Plates Angled,FALSE
Bricks Special,Plates Round Curved and Dishes,FALSE
Bricks Special,Plates Special,FALSE
Bricks Special,Pneumatics,FALSE
Bricks Special,Projectiles / Launchers,FALSE
Bricks Special,Rock,FALSE
Bricks Special,Stickers,FALSE
Bricks Special,"String, Bands and Reels",FALSE
Bricks Special,"Supports, Girders and Cranes",FALSE
Bricks Special,Technic Axles,FALSE
Bricks Special,Technic Beams,FALSE
Bricks Special,Technic Beams Special,FALSE
Bricks Special,Technic Bricks,FALSE
Bricks Special,Technic Bushes,FALSE
Bricks Special,Technic Connectors,FALSE
Bricks Special,Technic Gears,FALSE
Bricks Special,Technic Panels,FALSE
Bricks Special,Technic Pins,FALSE
Bricks Special,Technic Special,FALSE
Bricks Special,"Technic Steering, Suspension and Engine",FALSE
Bricks Special,Tiles,FALSE
Bricks Special,Tiles Round and Curved,FALSE
Bricks Special,Tiles Special,FALSE
Bricks Special,Tools,FALSE
Bricks Special,Transportation - Land,FALSE
Bricks Special,Transportation - Sea and Air,FALSE
Bricks Special,Tubes and Hoses,FALSE
Bricks Special,Wheels and Tyres,FALSE
Bricks Special,Windows and Doors,FALSE
Bricks Special,Windscreens and Fuselage,FALSE
Bricks Special,Znap,FALSE
Bricks Wedged,Bricks Wedged,TRUE
Bricks Wedged,Clikits,FALSE
Bricks Wedged,Containers,FALSE
Bricks Wedged,"Duplo, Quatro and Primo",FALSE
Bricks Wedged,Electronics,FALSE
Bricks Wedged,Energy Effects,FALSE
Bricks Wedged,"Flags, Banners and Signs",FALSE
Bricks Wedged,Gear Parts,FALSE
Bricks Wedged,HO Scale,FALSE
Bricks Wedged,"Hinges, Arms and Turntables",FALSE
Bricks Wedged,Large Buildable Figures,FALSE
Bricks Wedged,Magnets and Holders,FALSE
Bricks Wedged,Mechanical,FALSE
Bricks Wedged,Minidoll Heads,FALSE
Bricks Wedged,Minidoll Lower Body,FALSE
Bricks Wedged,Minidoll Upper Body,FALSE
Bricks Wedged,Minifig Accessories,FALSE
Bricks Wedged,Minifig Heads,FALSE
Bricks Wedged,Minifig Headwear,FALSE
Bricks Wedged,Minifig Headwear Accessories,FALSE
Bricks Wedged,Minifig Hipwear,FALSE
Bricks Wedged,Minifig Lower Body,FALSE
Bricks Wedged,Minifig Neckwear,FALSE
Bricks Wedged,"Minifig Shields, Weapons, & Tools",FALSE
Bricks Wedged,Minifig Upper Body,FALSE
Bricks Wedged,Minifigs,FALSE
Bricks Wedged,Modulex,FALSE
Bricks Wedged,"Non-Buildable Figures (Duplo, Fabuland, etc)",FALSE
Bricks Wedged,Non-System Parts,FALSE
Bricks Wedged,Other,FALSE
Bricks Wedged,Panels,FALSE
Bricks Wedged,Pen & Watch,FALSE
Bricks Wedged,Plants & Trees,FALSE
Bricks Wedged,Plates,FALSE
Bricks Wedged,Plates Angled,FALSE
Bricks Wedged,Plates Round Curved and Dishes,FALSE
Bricks Wedged,Plates Special,FALSE
Bricks Wedged,Pneumatics,FALSE
Bricks Wedged,Projectiles / Launchers,FALSE
Bricks Wedged,Rock,FALSE
Bricks Wedged,Stickers,FALSE
Bricks Wedged,"String, Bands and Reels",FALSE
Bricks Wedged,"Supports, Girders and Cranes",FALSE
Bricks Wedged,Technic Axles,FALSE
Bricks Wedged,Technic Beams,FALSE
Bricks Wedged,Technic Beams Special,FALSE
Bricks Wedged,Technic Bricks,FALSE
Bricks Wedged,Technic Bushes,FALSE
Bricks Wedged,Technic Connectors,FALSE
Bricks Wedged,Technic Gears,FALSE
Bricks Wedged,Technic Panels,FALSE
Bricks Wedged,Technic Pins,FALSE
Bricks Wedged,Technic Special,FALSE
Bricks Wedged,"Technic Steering, Suspension and Engine",FALSE
Bricks Wedged,Tiles,FALSE
Bricks Wedged,Tiles Round and Curved,FALSE
Bricks Wedged,Tiles Special,FALSE
Bricks Wedged,Tools,FALSE
Bricks Wedged,Transportation - Land,FALSE
Bricks Wedged,Transportation - Sea and Air,FALSE
Bricks Wedged,Tubes and Hoses,FALSE
Bricks Wedged,Wheels and Tyres,FALSE
Bricks Wedged,Windows and Doors,FALSE
Bricks Wedged,Windscreens and Fuselage,FALSE
Bricks Wedged,Znap,FALSE
Clikits,Clikits,TRUE
Clikits,Containers,FALSE
Clikits,"Duplo, Quatro and Primo",FALSE
Clikits,Electronics,FALSE
Clikits,Energy Effects,FALSE
Clikits,"Flags, Banners and Signs",FALSE
Clikits,Gear Parts,FALSE
Clikits,HO Scale,FALSE
Clikits,"Hinges, Arms and Turntables",FALSE
Clikits,Large Buildable Figures,FALSE
Clikits,Magnets and Holders,FALSE
Clikits,Mechanical,FALSE
Clikits,Minidoll Heads,FALSE
Clikits,Minidoll Lower Body,FALSE
Clikits,Minidoll Upper Body,FALSE
Clikits,Minifig Accessories,FALSE
Clikits,Minifig Heads,FALSE
Clikits,Minifig Headwear,FALSE
Clikits,Minifig Headwear Accessories,FALSE
Clikits,Minifig Hipwear,FALSE
Clikits,Minifig Lower Body,FALSE
Clikits,Minifig Neckwear,FALSE
Clikits,"Minifig Shields, Weapons, & Tools",FALSE
Clikits,Minifig Upper Body,FALSE
Clikits,Minifigs,FALSE
Clikits,Modulex,FALSE
Clikits,"Non-Buildable Figures (Duplo, Fabuland, etc)",FALSE
Clikits,Non-System Parts,FALSE
Clikits,Other,FALSE
Clikits,Panels,FALSE
Clikits,Pen & Watch,FALSE
Clikits,Plants & Trees,FALSE
Clikits,Plates,FALSE
Clikits,Plates Angled,FALSE
Clikits,Plates Round Curved and Dishes,FALSE
Clikits,Plates Special,FALSE
Clikits,Pneumatics,FALSE
Clikits,Projectiles / Launchers,FALSE
Clikits,Rock,FALSE
Clikits,Stickers,FALSE
Clikits,"String, Bands and Reels",FALSE
Clikits,"Supports, Girders and Cranes",FALSE
Clikits,Technic Axles,FALSE
Clikits,Technic Beams,FALSE
Clikits,Technic Beams Special,FALSE
Clikits,Technic Bricks,FALSE
Clikits,Technic Bushes,FALSE
Clikits,Technic Connectors,FALSE
Clikits,Technic Gears,FALSE
Clikits,Technic Panels,FALSE
Clikits,Technic Pins,FALSE
Clikits,Technic Special,FALSE
Clikits,"Technic Steering, Suspension and Engine",FALSE
Clikits,Tiles,FALSE
Clikits,Tiles Round and Curved,FALSE
Clikits,Tiles Special,FALSE
Clikits,Tools,FALSE
Clikits,Transportation - Land,FALSE
Clikits,Transportation - Sea and Air,FALSE
Clikits,Tubes and Hoses,FALSE
Clikits,Wheels and Tyres,FALSE
Clikits,Windows and Doors,FALSE
Clikits,Windscreens and Fuselage,FALSE
Clikits,Znap,FALSE
Containers,Containers,TRUE
Containers,"Duplo, Quatro and Primo",FALSE
Containers,Electronics,FALSE
Containers,Energy Effects,FALSE
Containers,"Flags, Banners and Signs",FALSE
Containers,Gear Parts,FALSE
Containers,HO Scale,FALSE
Containers,"Hinges, Arms and Turntables",FALSE
Containers,Large Buildable Figures,FALSE
Containers,Magnets and Holders,FALSE
Containers,Mechanical,FALSE
Containers,Minidoll Heads,FALSE
Containers,Minidoll Lower Body,FALSE
Containers,Minidoll Upper Body,FALSE
Containers,Minifig Accessories,FALSE
Containers,Minifig Heads,FALSE
Containers,Minifig Headwear,FALSE
Containers,Minifig Headwear Accessories,FALSE
Containers,Minifig Hipwear,FALSE
Containers,Minifig Lower Body,FALSE
Containers,Minifig Neckwear,FALSE
Containers,"Minifig Shields, Weapons, & Tools",FALSE
Containers,Minifig Upper Body,FALSE
Containers,Minifigs,FALSE
Containers,Modulex,FALSE
Containers,"Non-Buildable Figures (Duplo, Fabuland, etc)",FALSE
Containers,Non-System Parts,FALSE
Containers,Other,FALSE
Containers,Panels,FALSE
Containers,Pen & Watch,FALSE
Containers,Plants & Trees,FALSE
Containers,Plates,FALSE
Containers,Plates Angled,FALSE
Containers,Plates Round Curved and Dishes,FALSE
Containers,Plates Special,FALSE
Containers,Pneumatics,FALSE
Containers,Projectiles / Launchers,FALSE
Containers,Rock,FALSE
Containers,Stickers,FALSE
Containers,"String, Bands and Reels",FALSE
Containers,"Supports, Girders and Cranes",FALSE
Containers,Technic Axles,FALSE
Containers,Technic Beams,FALSE
Containers,Technic Beams Special,FALSE
Containers,Technic Bricks,FALSE
Containers,Technic Bushes,FALSE
Containers,Technic Connectors,FALSE
Containers,Technic Gears,FALSE
Containers,Technic Panels,FALSE
Containers,Technic Pins,FALSE
Containers,Technic Special,FALSE
Containers,"Technic Steering, Suspension and Engine",FALSE
Containers,Tiles,FALSE
Containers,Tiles Round and Curved,FALSE
Containers,Tiles Special,FALSE
Containers,Tools,FALSE
Containers,Transportation - Land,FALSE
Containers,Transportation - Sea and Air,FALSE
Containers,Tubes and Hoses,FALSE
Containers,Wheels and Tyres,FALSE
Containers,Windows and Doors,FALSE
Containers,Windscreens and Fuselage,FALSE
Containers,Znap,FALSE
"Duplo, Quatro and Primo","Duplo, Quatro and Primo",TRUE
"Duplo, Quatro and Primo",Electronics,FALSE
"Duplo, Quatro and Primo",Energy Effects,FALSE
"Duplo, Quatro and Primo","Flags, Banners and Signs",FALSE
"Duplo, Quatro and Primo",Gear Parts,FALSE
"Duplo, Quatro and Primo",HO Scale,FALSE
"Duplo, Quatro and Primo","Hinges, Arms and Turntables",FALSE
"Duplo, Quatro and Primo",Large Buildable Figures,FALSE
"Duplo, Quatro and Primo",Magnets and Holders,FALSE
"Duplo, Quatro and Primo",Mechanical,FALSE
"Duplo, Quatro and Primo",Minidoll Heads,FALSE
"Duplo, Quatro and Primo",Minidoll Lower Body,FALSE
"Duplo, Quatro and Primo",Minidoll Upper Body,FALSE
"Duplo, Quatro and Primo",Minifig Accessories,FALSE
"Duplo, Quatro and Primo",Minifig Heads,FALSE
"Duplo, Quatro and Primo",Minifig Headwear,FALSE
"Duplo, Quatro and Primo",Minifig Headwear Accessories,FALSE
"Duplo, Quatro and Primo",Minifig Hipwear,FALSE
"Duplo, Quatro and Primo",Minifig Lower Body,FALSE
"Duplo, Quatro and Primo",Minifig Neckwear,FALSE
"Duplo, Quatro and Primo","Minifig Shields, Weapons, & Tools",FALSE
"Duplo, Quatro and Primo",Minifig Upper Body,FALSE
"Duplo, Quatro and Primo",Minifigs,FALSE
"Duplo, Quatro and Primo",Modulex,FALSE
"Duplo, Quatro and Primo","Non-Buildable Figures (Duplo, Fabuland, etc)",FALSE
"Duplo, Quatro and Primo",Non-System Parts,FALSE
"Duplo, Quatro and Primo",Other,FALSE
"Duplo, Quatro and Primo",Panels,FALSE
"Duplo, Quatro and Primo",Pen & Watch,FALSE
"Duplo, Quatro and Primo",Plants & Trees,FALSE
"Duplo, Quatro and Primo",Plates,FALSE
"Duplo, Quatro and Primo",Plates Angled,FALSE
"Duplo, Quatro and Primo",Plates Round Curved and Dishes,FALSE
"Duplo, Quatro and Primo",Plates Special,FALSE
"Duplo, Quatro and Primo",Pneumatics,FALSE
"Duplo, Quatro and Primo",Projectiles / Launchers,FALSE
"Duplo, Quatro and Primo",Rock,FALSE
"Duplo, Quatro and Primo",Stickers,FALSE
"Duplo, Quatro and Primo","String, Bands and Reels",FALSE
"Duplo, Quatro and Primo","Supports, Girders and Cranes",FALSE
"Duplo, Quatro and Primo",Technic Axles,FALSE
"Duplo, Quatro and Primo",Technic Beams,FALSE
"Duplo, Quatro and Primo",Technic Beams Special,FALSE
"Duplo, Quatro and Primo",Technic Bricks,FALSE
"Duplo, Quatro and Primo",Technic Bushes,FALSE
"Duplo, Quatro and Primo",Technic Connectors,FALSE
"Duplo, Quatro and Primo",Technic Gears,FALSE
"Duplo, Quatro and Primo",Technic Panels,FALSE
"Duplo, Quatro and Primo",Technic Pins,FALSE
"Duplo, Quatro and Primo",Technic Special,FALSE
"Duplo, Quatro and Primo","Technic Steering, Suspension and Engine",FALSE
"Duplo, Quatro and Primo",Tiles,FALSE
"Duplo, Quatro and Primo",Tiles Round and Curved,FALSE
"Duplo, Quatro and Primo",Tiles Special,FALSE
"Duplo, Quatro and Primo",Tools,FALSE
"Duplo, Quatro and Primo",Transportation - Land,FALSE
"Duplo, Quatro and Primo",Transportation - Sea and Air,FALSE
"Duplo, Quatro and Primo",Tubes and Hoses,FALSE
"Duplo, Quatro and Primo",Wheels and Tyres,FALSE
"Duplo, Quatro and Primo",Windows and Doors,FALSE
"Duplo, Quatro and Primo",Windscreens and Fuselage,FALSE
"Duplo, Quatro and Primo",Znap,FALSE
Electronics,Electronics,TRUE
Electronics,Energy Effects,FALSE
Electronics,"Flags, Banners and Signs",FALSE
Electronics,Gear Parts,FALSE
Electronics,HO Scale,FALSE
Electronics,"Hinges, Arms and Turntables",FALSE
Electronics,Large Buildable Figures,FALSE
Electronics,Magnets and Holders,FALSE
Electronics,Mechanical,FALSE
Electronics,Minidoll Heads,FALSE
Electronics,Minidoll Lower Body,FALSE
Electronics,Minidoll Upper Body,FALSE
Electronics,Minifig Accessories,FALSE
Electronics,Minifig Heads,FALSE
Electronics,Minifig Headwear,FALSE
Electronics,Minifig Headwear Accessories,FALSE
Electronics,Minifig Hipwear,FALSE
Electronics,Minifig Lower Body,FALSE
Electronics,Minifig Neckwear,FALSE
Electronics,"Minifig Shields, Weapons, & Tools",FALSE
Electronics,Minifig Upper Body,FALSE
Electronics,Minifigs,FALSE
Electronics,Modulex,FALSE
Electronics,"Non-Buildable Figures (Duplo, Fabuland, etc)",FALSE
Electronics,Non-System Parts,FALSE
Electronics,Other,FALSE
Electronics,Panels,FALSE
Electronics,Pen & Watch,FALSE
Electronics,Plants & Trees,FALSE
Electronics,Plates,FALSE
Electronics,Plates Angled,FALSE
Electronics,Plates Round Curved and Dishes,FALSE
Electronics,Plates Special,FALSE
Electronics,Pneumatics,FALSE
Electronics,Projectiles / Launchers,FALSE
Electronics,Rock,FALSE
Electronics,Stickers,FALSE
Electronics,"String, Bands and Reels",FALSE
Electronics,"Supports, Girders and Cranes",FALSE
Electronics,Technic Axles,FALSE
Electronics,Technic Beams,FALSE
Electronics,Technic Beams Special,FALSE
Electronics,Technic Bricks,FALSE
Electronics,Technic Bushes,FALSE
Electronics,Technic Connectors,FALSE
Electronics,Technic Gears,FALSE
Electronics,Technic Panels,FALSE
Electronics,Technic Pins,FALSE
Electronics,Technic Special,FALSE
Electronics,"Technic Steering, Suspension and Engine",FALSE
Electronics,Tiles,FALSE
Electronics,Tiles Round and Curved,FALSE
Electronics,Tiles Special,FALSE
Electronics,Tools,FALSE
Electronics,Transportation - Land,FALSE
Electronics,Transportation - Sea and Air,FALSE
Electronics,Tubes and Hoses,FALSE
Electronics,Wheels and Tyres,FALSE
Electronics,Windows and Doors,FALSE
Electronics,Windscreens and Fuselage,FALSE
Electronics,Znap,FALSE
Energy Effects,Energy Effects,TRUE
Energy Effects,"Flags, Banners and Signs",FALSE
Energy Effects,Gear Parts,FALSE
Energy Effects,HO Scale,FALSE
Energy Effects,"Hinges, Arms and Turntables",FALSE
Energy Effects,Large Buildable Figures,FALSE
Energy Effects,Magnets and Holders,FALSE
Energy Effects,Mechanical,FALSE
Energy Effects,Minidoll Heads,FALSE
Energy Effects,Minidoll Lower Body,FALSE
Energy Effects,Minidoll Upper Body,FALSE
Energy Effects,Minifig Accessories,FALSE
Energy Effects,Minifig Heads,FALSE
Energy Effects,Minifig Headwear,FALSE
Energy Effects,Minifig Headwear Accessories,FALSE
Energy Effects,Minifig Hipwear,FALSE
Energy Effects,Minifig Lower Body,FALSE
Energy Effects,Minifig Neckwear,FALSE
Energy Effects,"Minifig Shields, Weapons, & Tools",FALSE
Energy Effects,Minifig Upper Body,FALSE
Energy Effects,Minifigs,FALSE
Energy Effects,Modulex,FALSE
Energy Effects,"Non-Buildable Figures (Duplo, Fabuland, etc)",FALSE
Energy Effects,Non-System Parts,FALSE
Energy Effects,Other,FALSE
Energy Effects,Panels,FALSE
Energy Effects,Pen & Watch,FALSE
Energy Effects,Plants & Trees,FALSE
Energy Effects,Plates,FALSE
Energy Effects,Plates Angled,FALSE
Energy Effects,Plates Round Curved and Dishes,FALSE
Energy Effects,Plates Special,FALSE
Energy Effects,Pneumatics,FALSE
Energy Effects,Projectiles / Launchers,FALSE
Energy Effects,Rock,FALSE
Energy Effects,Stickers,FALSE
Energy Effects,"String, Bands and Reels",FALSE
Energy Effects,"Supports, Girders and Cranes",FALSE
Energy Effects,Technic Axles,FALSE
Energy Effects,Technic Beams,FALSE
Energy Effects,Technic Beams Special,FALSE
Energy Effects,Technic Bricks,FALSE
Energy Effects,Technic Bushes,FALSE
Energy Effects,Technic Connectors,FALSE
Energy Effects,Technic Gears,FALSE
Energy Effects,Technic Panels,FALSE
Energy Effects,Technic Pins,FALSE
Energy Effects,Technic Special,FALSE
Energy Effects,"Technic Steering, Suspension and Engine",FALSE
Energy Effects,Tiles,FALSE
Energy Effects,Tiles Round and Curved,FALSE
Energy Effects,Tiles Special,FALSE
Energy Effects,Tools,FALSE
Energy Effects,Transportation - Land,FALSE
Energy Effects,Transportation - Sea and Air,FALSE
Energy Effects,Tubes and Hoses,FALSE
Energy Effects,Wheels and Tyres,FALSE
Energy Effects,Windows and Doors,FALSE
Energy Effects,Windscreens and Fuselage,FALSE
Energy Effects,Znap,FALSE
"Flags, Banners and Signs","Flags, Banners and Signs",TRUE
"Flags, Banners and Signs",Gear Parts,FALSE
"Flags, Banners and Signs",HO Scale,FALSE
"Flags, Banners and Signs","Hinges, Arms and Turntables",FALSE
"Flags, Banners and Signs",Large Buildable Figures,FALSE
"Flags, Banners and Signs",Magnets and Holders,FALSE
"Flags, Banners and Signs",Mechanical,FALSE
"Flags, Banners and Signs",Minidoll Heads,FALSE
"Flags, Banners and Signs",Minidoll Lower Body,FALSE
"Flags, Banners and Signs",Minidoll Upper Body,FALSE
"Flags, Banners and Signs",Minifig Accessories,FALSE
"Flags, Banners and Signs",Minifig Heads,FALSE
"Flags, Banners and Signs",Minifig Headwear,FALSE
"Flags, Banners and Signs",Minifig Headwear Accessories,FALSE
"Flags, Banners and Signs",Minifig Hipwear,FALSE
"Flags, Banners and Signs",Minifig Lower Body,FALSE
"Flags, Banners and Signs",Minifig Neckwear,FALSE
"Flags, Banners and Signs","Minifig Shields, Weapons, & Tools",FALSE
"Flags, Banners and Signs",Minifig Upper Body,FALSE
"Flags, Banners and Signs",Minifigs,FALSE
"Flags, Banners and Signs",Modulex,FALSE
"Flags, Banners and Signs","Non-Buildable Figures (Duplo, Fabuland, etc)",FALSE
"Flags, Banners and Signs",Non-System Parts,FALSE
"Flags, Banners and Signs",Other,FALSE
"Flags, Banners and Signs",Panels,FALSE
"Flags, Banners and Signs",Pen & Watch,FALSE
"Flags, Banners and Signs",Plants & Trees,FALSE
"Flags, Banners and Signs",Plates,FALSE
"Flags, Banners and Signs",Plates Angled,FALSE
"Flags, Banners and Signs",Plates Round Curved and Dishes,FALSE
"Flags, Banners and Signs",Plates Special,FALSE
"Flags, Banners and Signs",Pneumatics,FALSE
"Flags, Banners and Signs",Projectiles / Launchers,FALSE
"Flags, Banners and Signs",Rock,FALSE
"Flags, Banners and Signs",Stickers,FALSE
"Flags, Banners and Signs","String, Bands and Reels",FALSE
"Flags, Banners and Signs","Supports, Girders and Cranes",FALSE
"Flags, Banners and Signs",Technic Axles,FALSE
"Flags, Banners and Signs",Technic Beams,FALSE
"Flags, Banners and Signs",Technic Beams Special,FALSE
"Flags, Banners and Signs",Technic Bricks,FALSE
"Flags, Banners and Signs",Technic Bushes,FALSE
"Flags, Banners and Signs",Technic Connectors,FALSE
"Flags, Banners and Signs",Technic Gears,FALSE
"Flags, Banners and Signs",Technic Panels,FALSE
"Flags, Banners and Signs",Technic Pins,FALSE
"Flags, Banners and Signs",Technic Special,FALSE
"Flags, Banners and Signs","Technic Steering, Suspension and Engine",FALSE
"Flags, Banners and Signs",Tiles,FALSE
"Flags, Banners and Signs",Tiles Round and Curved,FALSE
"Flags, Banners and Signs",Tiles Special,FALSE
"Flags, Banners and Signs",Tools,FALSE
"Flags, Banners and Signs",Transportation - Land,FALSE
"Flags, Banners and Signs",Transportation - Sea and Air,FALSE
"Flags, Banners and Signs",Tubes and Hoses,FALSE
"Flags, Banners and Signs",Wheels and Tyres,FALSE
"Flags, Banners and Signs",Windows and Doors,FALSE
"Flags, Banners and Signs",Windscreens and Fuselage,FALSE
"Flags, Banners and Signs",Znap,FALSE
Gear Parts,Gear Parts,TRUE
Gear Parts,HO Scale,FALSE
Gear Parts,"Hinges, Arms and Turntables",FALSE
Gear Parts,Large Buildable Figures,FALSE
Gear Parts,Magnets and Holders,FALSE
Gear Parts,Mechanical,FALSE
Gear Parts,Minidoll Heads,FALSE
Gear Parts,Minidoll Lower Body,FALSE
Gear Parts,Minidoll Upper Body,FALSE
Gear Parts,Minifig Accessories,FALSE
Gear Parts,Minifig Heads,FALSE
Gear Parts,Minifig Headwear,FALSE
Gear Parts,Minifig Headwear Accessories,FALSE
Gear Parts,Minifig Hipwear,FALSE
Gear Parts,Minifig Lower Body,FALSE
Gear Parts,Minifig Neckwear,FALSE
Gear Parts,"Minifig Shields, Weapons, & Tools",FALSE
Gear Parts,Minifig Upper Body,FALSE
Gear Parts,Minifigs,FALSE
Gear Parts,Modulex,FALSE
Gear Parts,"Non-Buildable Figures (Duplo, Fabuland, etc)",FALSE
Gear Parts,Non-System Parts,FALSE
Gear Parts,Other,FALSE
Gear Parts,Panels,FALSE
Gear Parts,Pen & Watch,FALSE
Gear Parts,Plants & Trees,FALSE
Gear Parts,Plates,FALSE
Gear Parts,Plates Angled,FALSE
Gear Parts,Plates Round Curved and Dishes,FALSE
Gear Parts,Plates Special,FALSE
Gear Parts,Pneumatics,FALSE
Gear Parts,Projectiles / Launchers,FALSE
Gear Parts,Rock,FALSE
Gear Parts,Stickers,FALSE
Gear Parts,"String, Bands and Reels",FALSE
Gear Parts,"Supports, Girders and Cranes",FALSE
Gear Parts,Technic Axles,FALSE
Gear Parts,Technic Beams,FALSE
Gear Parts,Technic Beams Special,FALSE
Gear Parts,Technic Bricks,FALSE
Gear Parts,Technic Bushes,FALSE
Gear Parts,Technic Connectors,FALSE
Gear Parts,Technic Gears,FALSE
Gear Parts,Technic Panels,FALSE
Gear Parts,Technic Pins,FALSE
Gear Parts,Technic Special,FALSE
Gear Parts,"Technic Steering, Suspension and Engine",FALSE
Gear Parts,Tiles,FALSE
Gear Parts,Tiles Round and Curved,FALSE
Gear Parts,Tiles Special,FALSE
Gear Parts,Tools,FALSE
Gear Parts,Transportation - Land,FALSE
Gear Parts,Transportation - Sea and Air,FALSE
Gear Parts,Tubes and Hoses,FALSE
Gear Parts,Wheels and Tyres,FALSE
Gear Parts,Windows and Doors,FALSE
Gear Parts,Windscreens and Fuselage,FALSE
Gear Parts,Znap,FALSE
HO Scale,HO Scale,TRUE
HO Scale,"Hinges, Arms and Turntables",FALSE
HO Scale,Large Buildable Figures,FALSE
HO Scale,Magnets and Holders,FALSE
HO Scale,Mechanical,FALSE
HO Scale,Minidoll Heads,FALSE
HO Scale,Minidoll Lower Body,FALSE
HO Scale,Minidoll Upper Body,FALSE
HO Scale,Minifig Accessories,FALSE
HO Scale,Minifig Heads,FALSE
HO Scale,Minifig Headwear,FALSE
HO Scale,Minifig Headwear Accessories,FALSE
HO Scale,Minifig Hipwear,FALSE
HO Scale,Minifig Lower Body,FALSE
HO Scale,Minifig Neckwear,FALSE
HO Scale,"Minifig Shields, Weapons, & Tools",FALSE
HO Scale,Minifig Upper Body,FALSE
HO Scale,Minifigs,FALSE
HO Scale,Modulex,FALSE
HO Scale,"Non-Buildable Figures (Duplo, Fabuland, etc)",FALSE
HO Scale,Non-System Parts,FALSE
HO Scale,Other,FALSE
HO Scale,Panels,FALSE
HO Scale,Pen & Watch,FALSE
HO Scale,Plants & Trees,FALSE
HO Scale,Plates,FALSE
HO Scale,Plates Angled,FALSE
HO Scale,Plates Round Curved and Dishes,FALSE
HO Scale,Plates Special,FALSE
HO Scale,Pneumatics,FALSE
HO Scale,Projectiles / Launchers,FALSE
HO Scale,Rock,FALSE
HO Scale,Stickers,FALSE
HO Scale,"String, Bands and Reels",FALSE
HO Scale,"Supports, Girders and Cranes",FALSE
HO Scale,Technic Axles,FALSE
HO Scale,Technic Beams,FALSE
HO Scale,Technic Beams Special,FALSE
HO Scale,Technic Bricks,FALSE
HO Scale,Technic Bushes,FALSE
HO Scale,Technic Connectors,FALSE
HO Scale,Technic Gears,FALSE
HO Scale,Technic Panels,FALSE
HO Scale,Technic Pins,FALSE
HO Scale,Technic Special,FALSE
HO Scale,"Technic Steering, Suspension and Engine",FALSE
HO Scale,Tiles,FALSE
HO Scale,Tiles Round and Curved,FALSE
HO Scale,Tiles Special,FALSE
HO Scale,Tools,FALSE
HO Scale,Transportation - Land,FALSE
HO Scale,Transportation - Sea and Air,FALSE
HO Scale,Tubes and Hoses,FALSE
HO Scale,Wheels and Tyres,FALSE
HO Scale,Windows and Doors,FALSE
HO Scale,Windscreens and Fuselage,FALSE
HO Scale,Znap,FALSE
"Hinges, Arms and Turntables","Hinges, Arms and Turntables",TRUE
"Hinges, Arms and Turntables",Large Buildable Figures,FALSE
"Hinges, Arms and Turntables",Magnets and Holders,FALSE
"Hinges, Arms and Turntables",Mechanical,FALSE
"Hinges, Arms and Turntables",Minidoll Heads,FALSE
"Hinges, Arms and Turntables",Minidoll Lower Body,FALSE
"Hinges, Arms and Turntables",Minidoll Upper Body,FALSE
"Hinges, Arms and Turntables",Minifig Accessories,FALSE
"Hinges, Arms and Turntables",Minifig Heads,FALSE
"Hinges, Arms and Turntables",Minifig Headwear,FALSE
"Hinges, Arms and Turntables",Minifig Headwear Accessories,FALSE
"Hinges, Arms and Turntables",Minifig Hipwear,FALSE
"Hinges, Arms and Turntables",Minifig Lower Body,FALSE
"Hinges, Arms and Turntables",Minifig Neckwear,FALSE
"Hinges, Arms and Turntables","Minifig Shields, Weapons, & Tools",FALSE
"Hinges, Arms and Turntables",Minifig Upper Body,FALSE
"Hinges, Arms and Turntables",Minifigs,FALSE
"Hinges, Arms and Turntables",Modulex,FALSE
"Hinges, Arms and Turntables","Non-Buildable Figures (Duplo, Fabuland, etc)",FALSE
"Hinges, Arms and Turntables",Non-System Parts,FALSE
"Hinges, Arms and Turntables",Other,FALSE
"Hinges, Arms and Turntables",Panels,FALSE
"Hinges, Arms and Turntables",Pen & Watch,FALSE
"Hinges, Arms and Turntables",Plants & Trees,FALSE
"Hinges, Arms and Turntables",Plates,FALSE
"Hinges, Arms and Turntables",Plates Angled,FALSE
"Hinges, Arms and Turntables",Plates Round Curved and Dishes,FALSE
"Hinges, Arms and Turntables",Plates Special,FALSE
"Hinges, Arms and Turntables",Pneumatics,FALSE
"Hinges, Arms and Turntables",Projectiles / Launchers,FALSE
"Hinges, Arms and Turntables",Rock,FALSE
"Hinges, Arms and Turntables",Stickers,FALSE
"Hinges, Arms and Turntables","String, Bands and Reels",FALSE
"Hinges, Arms and Turntables","Supports, Girders and Cranes",FALSE
"Hinges, Arms and Turntables",Technic Axles,FALSE
"Hinges, Arms and Turntables",Technic Beams,FALSE
"Hinges, Arms and Turntables",Technic Beams Special,FALSE
"Hinges, Arms and Turntables",Technic Bricks,FALSE
"Hinges, Arms and Turntables",Technic Bushes,FALSE
"Hinges, Arms and Turntables",Technic Connectors,FALSE
"Hinges, Arms and Turntables",Technic Gears,FALSE
"Hinges, Arms and Turntables",Technic Panels,FALSE
"Hinges, Arms and Turntables",Technic Pins,FALSE
"Hinges, Arms and Turntables",Technic Special,FALSE
"Hinges, Arms and Turntables","Technic Steering, Suspension and Engine",FALSE
"Hinges, Arms and Turntables",Tiles,FALSE
"Hinges, Arms and Turntables",Tiles Round and Curved,FALSE
"Hinges, Arms and Turntables",Tiles Special,FALSE
"Hinges, Arms and Turntables",Tools,FALSE
"Hinges, Arms and Turntables",Transportation - Land,FALSE
"Hinges, Arms and Turntables",Transportation - Sea and Air,FALSE
"Hinges, Arms and Turntables",Tubes and Hoses,FALSE
"Hinges, Arms and Turntables",Wheels and Tyres,FALSE
"Hinges, Arms and Turntables",Windows and Doors,FALSE
"Hinges, Arms and Turntables",Windscreens and Fuselage,FALSE
"Hinges, Arms and Turntables",Znap,FALSE
Large Buildable Figures,Large Buildable Figures,TRUE
Large Buildable Figures,Magnets and Holders,FALSE
Large Buildable Figures,Mechanical,FALSE
Large Buildable Figures,Minidoll Heads,FALSE
Large Buildable Figures,Minidoll Lower Body,FALSE
Large Buildable Figures,Minidoll Upper Body,FALSE
Large Buildable Figures,Minifig Accessories,FALSE
Large Buildable Figures,Minifig Heads,FALSE
Large Buildable Figures,Minifig Headwear,FALSE
Large Buildable Figures,Minifig Headwear Accessories,FALSE
Large Buildable Figures,Minifig Hipwear,FALSE
Large Buildable Figures,Minifig Lower Body,FALSE
Large Buildable Figures,Minifig Neckwear,FALSE
Large Buildable Figures,"Minifig Shields, Weapons, & Tools",FALSE
Large Buildable Figures,Minifig Upper Body,FALSE
Large Buildable Figures,Minifigs,FALSE
Large Buildable Figures,Modulex,FALSE
Large Buildable Figures,"Non-Buildable Figures (Duplo, Fabuland, etc)",FALSE
Large Buildable Figures,Non-System Parts,FALSE
Large Buildable Figures,Other,FALSE
Large Buildable Figures,Panels,FALSE
Large Buildable Figures,Pen & Watch,FALSE
Large Buildable Figures,Plants & Trees,FALSE
Large Buildable Figures,Plates,FALSE
Large Buildable Figures,Plates Angled,FALSE
Large Buildable Figures,Plates Round Curved and Dishes,FALSE
Large Buildable Figures,Plates Special,FALSE
Large Buildable Figures,Pneumatics,FALSE
Large Buildable Figures,Projectiles / Launchers,FALSE
Large Buildable Figures,Rock,FALSE
Large Buildable Figures,Stickers,FALSE
Large Buildable Figures,"String, Bands and Reels",FALSE
Large Buildable Figures,"Supports, Girders and Cranes",FALSE
Large Buildable Figures,Technic Axles,FALSE
Large Buildable Figures,Technic Beams,FALSE
Large Buildable Figures,Technic Beams Special,FALSE
Large Buildable Figures,Technic Bricks,FALSE
Large Buildable Figures,Technic Bushes,FALSE
Large Buildable Figures,Technic Connectors,FALSE
Large Buildable Figures,Technic Gears,FALSE
Large Buildable Figures,Technic Panels,FALSE
Large Buildable Figures,Technic Pins,FALSE
Large Buildable Figures,Technic Special,FALSE
Large Buildable Figures,"Technic Steering, Suspension and Engine",FALSE
Large Buildable Figures,Tiles,FALSE
Large Buildable Figures,Tiles Round and Curved,FALSE
Large Buildable Figures,Tiles Special,FALSE
Large Buildable Figures,Tools,FALSE
Large Buildable Figures,Transportation - Land,FALSE
Large Buildable Figures,Transportation - Sea and Air,FALSE
Large Buildable Figures,Tubes and Hoses,FALSE
Large Buildable Figures,Wheels and Tyres,FALSE
Large Buildable Figures,Windows and Doors,FALSE
Large Buildable Figures,Windscreens and Fuselage,FALSE
Large Buildable Figures,Znap,FALSE
Magnets and Holders,Magnets and Holders,TRUE
Magnets and Holders,Mechanical,FALSE
Magnets and Holders,Minidoll Heads,FALSE
Magnets and Holders,Minidoll Lower Body,FALSE
Magnets and Holders,Minidoll Upper Body,FALSE
Magnets and Holders,Minifig Accessories,FALSE
Magnets and Holders,Minifig Heads,FALSE
Magnets and Holders,Minifig Headwear,FALSE
Magnets and Holders,Minifig Headwear Accessories,FALSE
Magnets and Holders,Minifig Hipwear,FALSE
Magnets and Holders,Minifig Lower Body,FALSE
Magnets and Holders,Minifig Neckwear,FALSE
Magnets and Holders,"Minifig Shields, Weapons, & Tools",FALSE
Magnets and Holders,Minifig Upper Body,FALSE
Magnets and Holders,Minifigs,FALSE
Magnets and Holders,Modulex,FALSE
Magnets and Holders,"Non-Buildable Figures (Duplo, Fabuland, etc)",FALSE
Magnets and Holders,Non-System Parts,FALSE
Magnets and Holders,Other,FALSE
Magnets and Holders,Panels,FALSE
Magnets and Holders,Pen & Watch,FALSE
Magnets and Holders,Plants & Trees,FALSE
Magnets and Holders,Plates,FALSE
Magnets and Holders,Plates Angled,FALSE
Magnets and Holders,Plates Round Curved and Dishes,FALSE
Magnets and Holders,Plates Special,FALSE
Magnets and Holders,Pneumatics,FALSE
Magnets and Holders,Projectiles / Launchers,FALSE
Magnets and Holders,Rock,FALSE
Magnets and Holders,Stickers,FALSE
Magnets and Holders,"String, Bands and Reels",FALSE
Magnets and Holders,"Supports, Girders and Cranes",FALSE
Magnets and Holders,Technic Axles,FALSE
Magnets and Holders,Technic Beams,FALSE
Magnets and Holders,Technic Beams Special,FALSE
Magnets and Holders,Technic Bricks,FALSE
Magnets and Holders,Technic Bushes,FALSE
Magnets and Holders,Technic Connectors,FALSE
Magnets and Holders,Technic Gears,FALSE
Magnets and Holders,Technic Panels,FALSE
Magnets and Holders,Technic Pins,FALSE
Magnets and Holders,Technic Special,FALSE
Magnets and Holders,"Technic Steering, Suspension and Engine",FALSE
Magnets and Holders,Tiles,FALSE
Magnets and Holders,Tiles Round and Curved,FALSE
Magnets and Holders,Tiles Special,FALSE
Magnets and Holders,Tools,FALSE
Magnets and Holders,Transportation - Land,FALSE
Magnets and Holders,Transportation - Sea and Air,FALSE
Magnets and Holders,Tubes and Hoses,FALSE
Magnets and Holders,Wheels and Tyres,FALSE
Magnets and Holders,Windows and Doors,FALSE
Magnets and Holders,Windscreens and Fuselage,FALSE
Magnets and Holders,Znap,FALSE
Mechanical,Mechanical,TRUE
Mechanical,Minidoll Heads,FALSE
Mechanical,Minidoll Lower Body,FALSE
Mechanical,Minidoll Upper Body,FALSE
Mechanical,Minifig Accessories,FALSE
Mechanical,Minifig Heads,FALSE
Mechanical,Minifig Headwear,FALSE
Mechanical,Minifig Headwear Accessories,FALSE
Mechanical,Minifig Hipwear,FALSE
Mechanical,Minifig Lower Body,FALSE
Mechanical,Minifig Neckwear,FALSE
Mechanical,"Minifig Shields, Weapons, & Tools",FALSE
Mechanical,Minifig Upper Body,FALSE
Mechanical,Minifigs,FALSE
Mechanical,Modulex,FALSE
Mechanical,"Non-Buildable Figures (Duplo, Fabuland, etc)",FALSE
Mechanical,Non-System Parts,FALSE
Mechanical,Other,FALSE
Mechanical,Panels,FALSE
Mechanical,Pen & Watch,FALSE
Mechanical,Plants & Trees,FALSE
Mechanical,Plates,FALSE
Mechanical,Plates Angled,FALSE
Mechanical,Plates Round Curved and Dishes,FALSE
Mechanical,Plates Special,FALSE
Mechanical,Pneumatics,FALSE
Mechanical,Projectiles / Launchers,FALSE
Mechanical,Rock,FALSE
Mechanical,Stickers,FALSE
Mechanical,"String, Bands and Reels",FALSE
Mechanical,"Supports, Girders and Cranes",FALSE
Mechanical,Technic Axles,FALSE
Mechanical,Technic Beams,FALSE
Mechanical,Technic Beams Special,FALSE
Mechanical,Technic Bricks,FALSE
Mechanical,Technic Bushes,FALSE
Mechanical,Technic Connectors,FALSE
Mechanical,Technic Gears,FALSE
Mechanical,Technic Panels,FALSE
Mechanical,Technic Pins,FALSE
Mechanical,Technic Special,FALSE
Mechanical,"Technic Steering, Suspension and Engine",FALSE
Mechanical,Tiles,FALSE
Mechanical,Tiles Round and Curved,FALSE
Mechanical,Tiles Special,FALSE
Mechanical,Tools,FALSE
Mechanical,Transportation - Land,FALSE
Mechanical,Transportation - Sea and Air,FALSE
Mechanical,Tubes and Hoses,FALSE
Mechanical,Wheels and Tyres,FALSE
Mechanical,Windows and Doors,FALSE
Mechanical,Windscreens and Fuselage,FALSE
Mechanical,Znap,FALSE
Minidoll Heads,Minidoll Heads,TRUE
Minidoll Heads,Minidoll Lower Body,FALSE
Minidoll Heads,Minidoll Upper Body,FALSE
Minidoll Heads,Minifig Accessories,FALSE
Minidoll Heads,Minifig Heads,FALSE
Minidoll Heads,Minifig Headwear,FALSE
Minidoll Heads,Minifig Headwear Accessories,FALSE
Minidoll Heads,Minifig Hipwear,FALSE
Minidoll Heads,Minifig Lower Body,FALSE
Minidoll Heads,Minifig Neckwear,FALSE
Minidoll Heads,"Minifig Shields, Weapons, & Tools",FALSE
Minidoll Heads,Minifig Upper Body,FALSE
Minidoll Heads,Minifigs,FALSE
Minidoll Heads,Modulex,FALSE
Minidoll Heads,"Non-Buildable Figures (Duplo, Fabuland, etc)",FALSE
Minidoll Heads,Non-System Parts,FALSE
Minidoll Heads,Other,FALSE
Minidoll Heads,Panels,FALSE
Minidoll Heads,Pen & Watch,FALSE
Minidoll Heads,Plants & Trees,FALSE
Minidoll Heads,Plates,FALSE
Minidoll Heads,Plates Angled,FALSE
Minidoll Heads,Plates Round Curved and Dishes,FALSE
Minidoll Heads,Plates Special,FALSE
Minidoll Heads,Pneumatics,FALSE
Minidoll Heads,Projectiles / Launchers,FALSE
Minidoll Heads,Rock,FALSE
Minidoll Heads,Stickers,FALSE
Minidoll Heads,"String, Bands and Reels",FALSE
Minidoll Heads,"Supports, Girders and Cranes",FALSE
Minidoll Heads,Technic Axles,FALSE
Minidoll Heads,Technic Beams,FALSE
Minidoll Heads,Technic Beams Special,FALSE
Minidoll Heads,Technic Bricks,FALSE
Minidoll Heads,Technic Bushes,FALSE
Minidoll Heads,Technic Connectors,FALSE
Minidoll Heads,Technic Gears,FALSE
Minidoll Heads,Technic Panels,FALSE
Minidoll Heads,Technic Pins,FALSE
Minidoll Heads,Technic Special,FALSE
Minidoll Heads,"Technic Steering, Suspension and Engine",FALSE
Minidoll Heads,Tiles,FALSE
Minidoll Heads,Tiles Round and Curved,FALSE
Minidoll Heads,Tiles Special,FALSE
Minidoll Heads,Tools,FALSE
Minidoll Heads,Transportation - Land,FALSE
Minidoll Heads,Transportation - Sea and Air,FALSE
Minidoll Heads,Tubes and Hoses,FALSE
Minidoll Heads,Wheels and Tyres,FALSE
Minidoll Heads,Windows and Doors,FALSE
Minidoll Heads,Windscreens and Fuselage,FALSE
Minidoll Heads,Znap,FALSE
Minidoll Lower Body,Minidoll Lower Body,TRUE
Minidoll Lower Body,Minidoll Upper Body,FALSE
Minidoll Lower Body,Minifig Accessories,FALSE
Minidoll Lower Body,Minifig Heads,FALSE
Minidoll Lower Body,Minifig Headwear,FALSE
Minidoll Lower Body,Minifig Headwear Accessories,FALSE
Minidoll Lower Body,Minifig Hipwear,FALSE
Minidoll Lower Body,Minifig Lower Body,FALSE
Minidoll Lower Body,Minifig Neckwear,FALSE
Minidoll Lower Body,"Minifig Shields, Weapons, & Tools",FALSE
Minidoll Lower Body,Minifig Upper Body,FALSE
Minidoll Lower Body,Minifigs,FALSE
Minidoll Lower Body,Modulex,FALSE
Minidoll Lower Body,"Non-Buildable Figures (Duplo, Fabuland, etc)",FALSE
Minidoll Lower Body,Non-System Parts,FALSE
Minidoll Lower Body,Other,FALSE
Minidoll Lower Body,Panels,FALSE
Minidoll Lower Body,Pen & Watch,FALSE
Minidoll Lower Body,Plants & Trees,FALSE
Minidoll Lower Body,Plates,FALSE
Minidoll Lower Body,Plates Angled,FALSE
Minidoll Lower Body,Plates Round Curved and Dishes,FALSE
Minidoll Lower Body,Plates Special,FALSE
Minidoll Lower Body,Pneumatics,FALSE
Minidoll Lower Body,Projectiles / Launchers,FALSE
Minidoll Lower Body,Rock,FALSE
Minidoll Lower Body,Stickers,FALSE
Minidoll Lower Body,"String, Bands and Reels",FALSE
Minidoll Lower Body,"Supports, Girders and Cranes",FALSE
Minidoll Lower Body,Technic Axles,FALSE
Minidoll Lower Body,Technic Beams,FALSE
Minidoll Lower Body,Technic Beams Special,FALSE
Minidoll Lower Body,Technic Bricks,FALSE
Minidoll Lower Body,Technic Bushes,FALSE
Minidoll Lower Body,Technic Connectors,FALSE
Minidoll Lower Body,Technic Gears,FALSE
Minidoll Lower Body,Technic Panels,FALSE
Minidoll Lower Body,Technic Pins,FALSE
Minidoll Lower Body,Technic Special,FALSE
Minidoll Lower Body,"Technic Steering, Suspension and Engine",FALSE
Minidoll Lower Body,Tiles,FALSE
Minidoll Lower Body,Tiles Round and Curved,FALSE
Minidoll Lower Body,Tiles Special,FALSE
Minidoll Lower Body,Tools,FALSE
Minidoll Lower Body,Transportation - Land,FALSE
Minidoll Lower Body,Transportation - Sea and Air,FALSE
Minidoll Lower Body,Tubes and Hoses,FALSE
Minidoll Lower Body,Wheels and Tyres,FALSE
Minidoll Lower Body,Windows and Doors,FALSE
Minidoll Lower Body,Windscreens and Fuselage,FALSE
Minidoll Lower Body,Znap,FALSE
Minidoll Upper Body,Minidoll Upper Body,TRUE
Minidoll Upper Body,Minifig Accessories,FALSE
Minidoll Upper Body,Minifig Heads,FALSE
Minidoll Upper Body,Minifig Headwear,FALSE
Minidoll Upper Body,Minifig Headwear Accessories,FALSE
Minidoll Upper Body,Minifig Hipwear,FALSE
Minidoll Upper Body,Minifig Lower Body,FALSE
Minidoll Upper Body,Minifig Neckwear,FALSE
Minidoll Upper Body,"Minifig Shields, Weapons, & Tools",FALSE
Minidoll Upper Body,Minifig Upper Body,FALSE
Minidoll Upper Body,Minifigs,FALSE
Minidoll Upper Body,Modulex,FALSE
Minidoll Upper Body,"Non-Buildable Figures (Duplo, Fabuland, etc)",FALSE
Minidoll Upper Body,Non-System Parts,FALSE
Minidoll Upper Body,Other,FALSE
Minidoll Upper Body,Panels,FALSE
Minidoll Upper Body,Pen & Watch,FALSE
Minidoll Upper Body,Plants & Trees,FALSE
Minidoll Upper Body,Plates,FALSE
Minidoll Upper Body,Plates Angled,FALSE
Minidoll Upper Body,Plates Round Curved and Dishes,FALSE
Minidoll Upper Body,Plates Special,FALSE
Minidoll Upper Body,Pneumatics,FALSE
Minidoll Upper Body,Projectiles / Launchers,FALSE
Minidoll Upper Body,Rock,FALSE
Minidoll Upper Body,Stickers,FALSE
Minidoll Upper Body,"String, Bands and Reels",FALSE
Minidoll Upper Body,"Supports, Girders and Cranes",FALSE
Minidoll Upper Body,Technic Axles,FALSE
Minidoll Upper Body,Technic Beams,FALSE
Minidoll Upper Body,Technic Beams Special,FALSE
Minidoll Upper Body,Technic Bricks,FALSE
Minidoll Upper Body,Technic Bushes,FALSE
Minidoll Upper Body,Technic Connectors,FALSE
Minidoll Upper Body,Technic Gears,FALSE
Minidoll Upper Body,Technic Panels,FALSE
Minidoll Upper Body,Technic Pins,FALSE
Minidoll Upper Body,Technic Special,FALSE
Minidoll Upper Body,"Technic Steering, Suspension and Engine",FALSE
Minidoll Upper Body,Tiles,FALSE
Minidoll Upper Body,Tiles Round and Curved,FALSE
Minidoll Upper Body,Tiles Special,FALSE
Minidoll Upper Body,Tools,FALSE
Minidoll Upper Body,Transportation - Land,FALSE
Minidoll Upper Body,Transportation - Sea and Air,FALSE
Minidoll Upper Body,Tubes and Hoses,FALSE
Minidoll Upper Body,Wheels and Tyres,FALSE
Minidoll Upper Body,Windows and Doors,FALSE
Minidoll Upper Body,Windscreens and Fuselage,FALSE
Minidoll Upper Body,Znap,FALSE
Minifig Accessories,Minifig Accessories,TRUE
Minifig Accessories,Minifig Heads,FALSE
Minifig Accessories,Minifig Headwear,FALSE
Minifig Accessories,Minifig Headwear Accessories,FALSE
Minifig Accessories,Minifig Hipwear,FALSE
Minifig Accessories,Minifig Lower Body,FALSE
Minifig Accessories,Minifig Neckwear,FALSE
Minifig Accessories,"Minifig Shields, Weapons, & Tools",FALSE
Minifig Accessories,Minifig Upper Body,FALSE
Minifig Accessories,Minifigs,FALSE
Minifig Accessories,Modulex,FALSE
Minifig Accessories,"Non-Buildable Figures (Duplo, Fabuland, etc)",FALSE
Minifig Accessories,Non-System Parts,FALSE
Minifig Accessories,Other,FALSE
Minifig Accessories,Panels,FALSE
Minifig Accessories,Pen & Watch,FALSE
Minifig Accessories,Plants & Trees,FALSE
Minifig Accessories,Plates,FALSE
Minifig Accessories,Plates Angled,FALSE
Minifig Accessories,Plates Round Curved and Dishes,FALSE
Minifig Accessories,Plates Special,FALSE
Minifig Accessories,Pneumatics,FALSE
Minifig Accessories,Projectiles / Launchers,FALSE
Minifig Accessories,Rock,FALSE
Minifig Accessories,Stickers,FALSE
Minifig Accessories,"String, Bands and Reels",FALSE
Minifig Accessories,"Supports, Girders and Cranes",FALSE
Minifig Accessories,Technic Axles,FALSE
Minifig Accessories,Technic Beams,FALSE
Minifig Accessories,Technic Beams Special,FALSE
Minifig Accessories,Technic Bricks,FALSE
Minifig Accessories,Technic Bushes,FALSE
Minifig Accessories,Technic Connectors,FALSE
Minifig Accessories,Technic Gears,FALSE
Minifig Accessories,Technic Panels,FALSE
Minifig Accessories,Technic Pins,FALSE
Minifig Accessories,Technic Special,FALSE
Minifig Accessories,"Technic Steering, Suspension and Engine",FALSE
Minifig Accessories,Tiles,FALSE
Minifig Accessories,Tiles Round and Curved,FALSE
Minifig Accessories,Tiles Special,FALSE
Minifig Accessories,Tools,FALSE
Minifig Accessories,Transportation - Land,FALSE
Minifig Accessories,Transportation - Sea and Air,FALSE
Minifig Accessories,Tubes and Hoses,FALSE
Minifig Accessories,Wheels and Tyres,FALSE
Minifig Accessories,Windows and Doors,FALSE
Minifig Accessories,Windscreens and Fuselage,FALSE
Minifig Accessories,Znap,FALSE
Minifig Heads,Minifig Heads,TRUE
Minifig Heads,Minifig Headwear,FALSE
Minifig Heads,Minifig Headwear Accessories,FALSE
Minifig Heads,Minifig Hipwear,FALSE
Minifig Heads,Minifig Lower Body,FALSE
Minifig Heads,Minifig Neckwear,FALSE
Minifig Heads,"Minifig Shields, Weapons, & Tools",FALSE
Minifig Heads,Minifig Upper Body,FALSE
Minifig Heads,Minifigs,FALSE
Minifig Heads,Modulex,FALSE
Minifig Heads,"Non-Buildable Figures (Duplo, Fabuland, etc)",FALSE
Minifig Heads,Non-System Parts,FALSE
Minifig Heads,Other,FALSE
Minifig Heads,Panels,FALSE
Minifig Heads,Pen & Watch,FALSE
Minifig Heads,Plants & Trees,FALSE
Minifig Heads,Plates,FALSE
Minifig Heads,Plates Angled,FALSE
Minifig Heads,Plates Round Curved and Dishes,FALSE
Minifig Heads,Plates Special,FALSE
Minifig Heads,Pneumatics,FALSE
Minifig Heads,Projectiles / Launchers,FALSE
Minifig Heads,Rock,FALSE
Minifig Heads,Stickers,FALSE
Minifig Heads,"String, Bands and Reels",FALSE
Minifig Heads,"Supports, Girders and Cranes",FALSE
Minifig Heads,Technic Axles,FALSE
Minifig Heads,Technic Beams,FALSE
Minifig Heads,Technic Beams Special,FALSE
Minifig Heads,Technic Bricks,FALSE
Minifig Heads,Technic Bushes,FALSE
Minifig Heads,Technic Connectors,FALSE
Minifig Heads,Technic Gears,FALSE
Minifig Heads,Technic Panels,FALSE
Minifig Heads,Technic Pins,FALSE
Minifig Heads,Technic Special,FALSE
Minifig Heads,"Technic Steering, Suspension and Engine",FALSE
Minifig Heads,Tiles,FALSE
Minifig Heads,Tiles Round and Curved,FALSE
Minifig Heads,Tiles Special,FALSE
Minifig Heads,Tools,FALSE
Minifig Heads,Transportation - Land,FALSE
Minifig Heads,Transportation - Sea and Air,FALSE
Minifig Heads,Tubes and Hoses,FALSE
Minifig Heads,Wheels and Tyres,FALSE
Minifig Heads,Windows and Doors,FALSE
Minifig Heads,Windscreens and Fuselage,FALSE
Minifig Heads,Znap,FALSE
Minifig Headwear,Minifig Headwear,TRUE
Minifig Headwear,Minifig Headwear Accessories,FALSE
Minifig Headwear,Minifig Hipwear,FALSE
Minifig Headwear,Minifig Lower Body,FALSE
Minifig Headwear,Minifig Neckwear,FALSE
Minifig Headwear,"Minifig Shields, Weapons, & Tools",FALSE
Minifig Headwear,Minifig Upper Body,FALSE
Minifig Headwear,Minifigs,FALSE
Minifig Headwear,Modulex,FALSE
Minifig Headwear,"Non-Buildable Figures (Duplo, Fabuland, etc)",FALSE
Minifig Headwear,Non-System Parts,FALSE
Minifig Headwear,Other,FALSE
Minifig Headwear,Panels,FALSE
Minifig Headwear,Pen & Watch,FALSE
Minifig Headwear,Plants & Trees,FALSE
Minifig Headwear,Plates,FALSE
Minifig Headwear,Plates Angled,FALSE
Minifig Headwear,Plates Round Curved and Dishes,FALSE
Minifig Headwear,Plates Special,FALSE
Minifig Headwear,Pneumatics,FALSE
Minifig Headwear,Projectiles / Launchers,FALSE
Minifig Headwear,Rock,FALSE
Minifig Headwear,Stickers,FALSE
Minifig Headwear,"String, Bands and Reels",FALSE
Minifig Headwear,"Supports, Girders and Cranes",FALSE
Minifig Headwear,Technic Axles,FALSE
Minifig Headwear,Technic Beams,FALSE
Minifig Headwear,Technic Beams Special,FALSE
Minifig Headwear,Technic Bricks,FALSE
Minifig Headwear,Technic Bushes,FALSE
Minifig Headwear,Technic Connectors,FALSE
Minifig Headwear,Technic Gears,FALSE
Minifig Headwear,Technic Panels,FALSE
Minifig Headwear,Technic Pins,FALSE
Minifig Headwear,Technic Special,FALSE
Minifig Headwear,"Technic Steering, Suspension and Engine",FALSE
Minifig Headwear,Tiles,FALSE
Minifig Headwear,Tiles Round and Curved,FALSE
Minifig Headwear,Tiles Special,FALSE
Minifig Headwear,Tools,FALSE
Minifig Headwear,Transportation - Land,FALSE
Minifig Headwear,Transportation - Sea and Air,FALSE
Minifig Headwear,Tubes and Hoses,FALSE
Minifig Headwear,Wheels and Tyres,FALSE
Minifig Headwear,Windows and Doors,FALSE
Minifig Headwear,Windscreens and Fuselage,FALSE
Minifig Headwear,Znap,FALSE
Minifig Headwear Accessories,Minifig Headwear Accessories,TRUE
Minifig Headwear Accessories,Minifig Hipwear,FALSE
Minifig Headwear Accessories,Minifig Lower Body,FALSE
Minifig Headwear Accessories,Minifig Neckwear,FALSE
Minifig Headwear Accessories,"Minifig Shields, Weapons, & Tools",FALSE
Minifig Headwear Accessories,Minifig Upper Body,FALSE
Minifig Headwear Accessories,Minifigs,FALSE
Minifig Headwear Accessories,Modulex,FALSE
Minifig Headwear Accessories,"Non-Buildable Figures (Duplo, Fabuland, etc)",FALSE
Minifig Headwear Accessories,Non-System Parts,FALSE
Minifig Headwear Accessories,Other,FALSE
Minifig Headwear Accessories,Panels,FALSE
Minifig Headwear Accessories,Pen & Watch,FALSE
Minifig Headwear Accessories,Plants & Trees,FALSE
Minifig Headwear Accessories,Plates,FALSE
Minifig Headwear Accessories,Plates Angled,FALSE
Minifig Headwear Accessories,Plates Round Curved and Dishes,FALSE
Minifig Headwear Accessories,Plates Special,FALSE
Minifig Headwear Accessories,Pneumatics,FALSE
Minifig Headwear Accessories,Projectiles / Launchers,FALSE
Minifig Headwear Accessories,Rock,FALSE
Minifig Headwear Accessories,Stickers,FALSE
Minifig Headwear Accessories,"String, Bands and Reels",FALSE
Minifig Headwear Accessories,"Supports, Girders and Cranes",FALSE
Minifig Headwear Accessories,Technic Axles,FALSE
Minifig Headwear Accessories,Technic Beams,FALSE
Minifig Headwear Accessories,Technic Beams Special,FALSE
Minifig Headwear Accessories,Technic Bricks,FALSE
Minifig Headwear Accessories,Technic Bushes,FALSE
Minifig Headwear Accessories,Technic Connectors,FALSE
Minifig Headwear Accessories,Technic Gears,FALSE
Minifig Headwear Accessories,Technic Panels,FALSE
Minifig Headwear Accessories,Technic Pins,FALSE
Minifig Headwear Accessories,Technic Special,FALSE
Minifig Headwear Accessories,"Technic Steering, Suspension and Engine",FALSE
Minifig Headwear Accessories,Tiles,FALSE
Minifig Headwear Accessories,Tiles Round and Curved,FALSE
Minifig Headwear Accessories,Tiles Special,FALSE
Minifig Headwear Accessories,Tools,FALSE
Minifig Headwear Accessories,Transportation - Land,FALSE
Minifig Headwear Accessories,Transportation - Sea and Air,FALSE
Minifig Headwear Accessories,Tubes and Hoses,FALSE
Minifig Headwear Accessories,Wheels and Tyres,FALSE
Minifig Headwear Accessories,Windows and Doors,FALSE
Minifig Headwear Accessories,Windscreens and Fuselage,FALSE
Minifig Headwear Accessories,Znap,FALSE
Minifig Hipwear,Minifig Hipwear,TRUE
Minifig Hipwear,Minifig Lower Body,FALSE
Minifig Hipwear,Minifig Neckwear,FALSE
Minifig Hipwear,"Minifig Shields, Weapons, & Tools",FALSE
Minifig Hipwear,Minifig Upper Body,FALSE
Minifig Hipwear,Minifigs,FALSE
Minifig Hipwear,Modulex,FALSE
Minifig Hipwear,"Non-Buildable Figures (Duplo, Fabuland, etc)",FALSE
Minifig Hipwear,Non-System Parts,FALSE
Minifig Hipwear,Other,FALSE
Minifig Hipwear,Panels,FALSE
Minifig Hipwear,Pen & Watch,FALSE
Minifig Hipwear,Plants & Trees,FALSE
Minifig Hipwear,Plates,FALSE
Minifig Hipwear,Plates Angled,FALSE
Minifig Hipwear,Plates Round Curved and Dishes,FALSE
Minifig Hipwear,Plates Special,FALSE
Minifig Hipwear,Pneumatics,FALSE
Minifig Hipwear,Projectiles / Launchers,FALSE
Minifig Hipwear,Rock,FALSE
Minifig Hipwear,Stickers,FALSE
Minifig Hipwear,"String, Bands and Reels",FALSE
Minifig Hipwear,"Supports, Girders and Cranes",FALSE
Minifig Hipwear,Technic Axles,FALSE
Minifig Hipwear,Technic Beams,FALSE
Minifig Hipwear,Technic Beams Special,FALSE
Minifig Hipwear,Technic Bricks,FALSE
Minifig Hipwear,Technic Bushes,FALSE
Minifig Hipwear,Technic Connectors,FALSE
Minifig Hipwear,Technic Gears,FALSE
Minifig Hipwear,Technic Panels,FALSE
Minifig Hipwear,Technic Pins,FALSE
Minifig Hipwear,Technic Special,FALSE
Minifig Hipwear,"Technic Steering, Suspension and Engine",FALSE
Minifig Hipwear,Tiles,FALSE
Minifig Hipwear,Tiles Round and Curved,FALSE
Minifig Hipwear,Tiles Special,FALSE
Minifig Hipwear,Tools,FALSE
Minifig Hipwear,Transportation - Land,FALSE
Minifig Hipwear,Transportation - Sea and Air,FALSE
Minifig Hipwear,Tubes and Hoses,FALSE
Minifig Hipwear,Wheels and Tyres,FALSE
Minifig Hipwear,Windows and Doors,FALSE
Minifig Hipwear,Windscreens and Fuselage,FALSE
Minifig Hipwear,Znap,FALSE
Minifig Lower Body,Minifig Lower Body,TRUE
Minifig Lower Body,Minifig Neckwear,FALSE
Minifig Lower Body,"Minifig Shields, Weapons, & Tools",FALSE
Minifig Lower Body,Minifig Upper Body,FALSE
Minifig Lower Body,Minifigs,FALSE
Minifig Lower Body,Modulex,FALSE
Minifig Lower Body,"Non-Buildable Figures (Duplo, Fabuland, etc)",FALSE
Minifig Lower Body,Non-System Parts,FALSE
Minifig Lower Body,Other,FALSE
Minifig Lower Body,Panels,FALSE
Minifig Lower Body,Pen & Watch,FALSE
Minifig Lower Body,Plants & Trees,FALSE
Minifig Lower Body,Plates,FALSE
Minifig Lower Body,Plates Angled,FALSE
Minifig Lower Body,Plates Round Curved and Dishes,FALSE
Minifig Lower Body,Plates Special,FALSE
Minifig Lower Body,Pneumatics,FALSE
Minifig Lower Body,Projectiles / Launchers,FALSE
Minifig Lower Body,Rock,FALSE
Minifig Lower Body,Stickers,FALSE
Minifig Lower Body,"String, Bands and Reels",FALSE
Minifig Lower Body,"Supports, Girders and Cranes",FALSE
Minifig Lower Body,Technic Axles,FALSE
Minifig Lower Body,Technic Beams,FALSE
Minifig Lower Body,Technic Beams Special,FALSE
Minifig Lower Body,Technic Bricks,FALSE
Minifig Lower Body,Technic Bushes,FALSE
Minifig Lower Body,Technic Connectors,FALSE
Minifig Lower Body,Technic Gears,FALSE
Minifig Lower Body,Technic Panels,FALSE
Minifig Lower Body,Technic Pins,FALSE
Minifig Lower Body,Technic Special,FALSE
Minifig Lower Body,"Technic Steering, Suspension and Engine",FALSE
Minifig Lower Body,Tiles,FALSE
Minifig Lower Body,Tiles Round and Curved,FALSE
Minifig Lower Body,Tiles Special,FALSE
Minifig Lower Body,Tools,FALSE
Minifig Lower Body,Transportation - Land,FALSE
Minifig Lower Body,Transportation - Sea and Air,FALSE
Minifig Lower Body,Tubes and Hoses,FALSE
Minifig Lower Body,Wheels and Tyres,FALSE
Minifig Lower Body,Windows and Doors,FALSE
Minifig Lower Body,Windscreens and Fuselage,FALSE
Minifig Lower Body,Znap,FALSE
Minifig Neckwear,Minifig Neckwear,TRUE
Minifig Neckwear,"Minifig Shields, Weapons, & Tools",FALSE
Minifig Neckwear,Minifig Upper Body,FALSE
Minifig Neckwear,Minifigs,FALSE
Minifig Neckwear,Modulex,FALSE
Minifig Neckwear,"Non-Buildable Figures (Duplo, Fabuland, etc)",FALSE
Minifig Neckwear,Non-System Parts,FALSE
Minifig Neckwear,Other,FALSE
Minifig Neckwear,Panels,FALSE
Minifig Neckwear,Pen & Watch,FALSE
Minifig Neckwear,Plants & Trees,FALSE
Minifig Neckwear,Plates,FALSE
Minifig Neckwear,Plates Angled,FALSE
Minifig Neckwear,Plates Round Curved and Dishes,FALSE
Minifig Neckwear,Plates Special,FALSE
Minifig Neckwear,Pneumatics,FALSE
Minifig Neckwear,Projectiles / Launchers,FALSE
Minifig Neckwear,Rock,FALSE
Minifig Neckwear,Stickers,FALSE
Minifig Neckwear,"String, Bands and Reels",FALSE
Minifig Neckwear,"Supports, Girders and Cranes",FALSE
Minifig Neckwear,Technic Axles,FALSE
Minifig Neckwear,Technic Beams,FALSE
Minifig Neckwear,Technic Beams Special,FALSE
Minifig Neckwear,Technic Bricks,FALSE
Minifig Neckwear,Technic Bushes,FALSE
Minifig Neckwear,Technic Connectors,FALSE
Minifig Neckwear,Technic Gears,FALSE
Minifig Neckwear,Technic Panels,FALSE
Minifig Neckwear,Technic Pins,FALSE
Minifig Neckwear,Technic Special,FALSE
Minifig Neckwear,"Technic Steering, Suspension and Engine",FALSE
Minifig Neckwear,Tiles,FALSE
Minifig Neckwear,Tiles Round and Curved,FALSE
Minifig Neckwear,Tiles Special,FALSE
Minifig Neckwear,Tools,FALSE
Minifig Neckwear,Transportation - Land,FALSE
Minifig Neckwear,Transportation - Sea and Air,FALSE
Minifig Neckwear,Tubes and Hoses,FALSE
Minifig Neckwear,Wheels and Tyres,FALSE
Minifig Neckwear,Windows and Doors,FALSE
Minifig Neckwear,Windscreens and Fuselage,FALSE
Minifig Neckwear,Znap,FALSE
"Minifig Shields, Weapons, & Tools","Minifig Shields, Weapons, & Tools",TRUE
"Minifig Shields, Weapons, & Tools",Minifig Upper Body,FALSE
"Minifig Shields, Weapons, & Tools",Minifigs,FALSE
"Minifig Shields, Weapons, & Tools",Modulex,FALSE
"Minifig Shields, Weapons, & Tools","Non-Buildable Figures (Duplo, Fabuland, etc)",FALSE
"Minifig Shields, Weapons, & Tools",Non-System Parts,FALSE
"Minifig Shields, Weapons, & Tools",Other,FALSE
"Minifig Shields, Weapons, & Tools",Panels,FALSE
"Minifig Shields, Weapons, & Tools",Pen & Watch,FALSE
"Minifig Shields, Weapons, & Tools",Plants & Trees,FALSE
"Minifig Shields, Weapons, & Tools",Plates,FALSE
"Minifig Shields, Weapons, & Tools",Plates Angled,FALSE
"Minifig Shields, Weapons, & Tools",Plates Round Curved and Dishes,FALSE
"Minifig Shields, Weapons, & Tools",Plates Special,FALSE
"Minifig Shields, Weapons, & Tools",Pneumatics,FALSE
"Minifig Shields, Weapons, & Tools",Projectiles / Launchers,FALSE
"Minifig Shields, Weapons, & Tools",Rock,FALSE
"Minifig Shields, Weapons, & Tools",Stickers,FALSE
"Minifig Shields, Weapons, & Tools","String, Bands and Reels",FALSE
"Minifig Shields, Weapons, & Tools","Supports, Girders and Cranes",FALSE
"Minifig Shields, Weapons, & Tools",Technic Axles,FALSE
"Minifig Shields, Weapons, & Tools",Technic Beams,FALSE
"Minifig Shields, Weapons, & Tools",Technic Beams Special,FALSE
"Minifig Shields, Weapons, & Tools",Technic Bricks,FALSE
"Minifig Shields, Weapons, & Tools",Technic Bushes,FALSE
"Minifig Shields, Weapons, & Tools",Technic Connectors,FALSE
"Minifig Shields, Weapons, & Tools",Technic Gears,FALSE
"Minifig Shields, Weapons, & Tools",Technic Panels,FALSE
"Minifig Shields, Weapons, & Tools",Technic Pins,FALSE
"Minifig Shields, Weapons, & Tools",Technic Special,FALSE
"Minifig Shields, Weapons, & Tools","Technic Steering, Suspension and Engine",FALSE
"Minifig Shields, Weapons, & Tools",Tiles,FALSE
"Minifig Shields, Weapons, & Tools",Tiles Round and Curved,FALSE
"Minifig Shields, Weapons, & Tools",Tiles Special,FALSE
"Minifig Shields, Weapons, & Tools",Tools,FALSE
"Minifig Shields, Weapons, & Tools",Transportation - Land,FALSE
"Minifig Shields, Weapons, & Tools",Transportation - Sea and Air,FALSE
"Minifig Shields, Weapons, & Tools",Tubes and Hoses,FALSE
"Minifig Shields, Weapons, & Tools",Wheels and Tyres,FALSE
"Minifig Shields, Weapons, & Tools",Windows and Doors,FALSE
"Minifig Shields, Weapons, & Tools",Windscreens and Fuselage,FALSE
"Minifig Shields, Weapons, & Tools",Znap,FALSE
Minifig Upper Body,Minifig Upper Body,TRUE
Minifig Upper Body,Minifigs,FALSE
Minifig Upper Body,Modulex,FALSE
Minifig Upper Body,"Non-Buildable Figures (Duplo, Fabuland, etc)",FALSE
Minifig Upper Body,Non-System Parts,FALSE
Minifig Upper Body,Other,FALSE
Minifig Upper Body,Panels,FALSE
Minifig Upper Body,Pen & Watch,FALSE
Minifig Upper Body,Plants & Trees,FALSE
Minifig Upper Body,Plates,FALSE
Minifig Upper Body,Plates Angled,FALSE
Minifig Upper Body,Plates Round Curved and Dishes,FALSE
Minifig Upper Body,Plates Special,FALSE
Minifig Upper Body,Pneumatics,FALSE
Minifig Upper Body,Projectiles / Launchers,FALSE
Minifig Upper Body,Rock,FALSE
Minifig Upper Body,Stickers,FALSE
Minifig Upper Body,"String, Bands and Reels",FALSE
Minifig Upper Body,"Supports, Girders and Cranes",FALSE
Minifig Upper Body,Technic Axles,FALSE
Minifig Upper Body,Technic Beams,FALSE
Minifig Upper Body,Technic Beams Special,FALSE
Minifig Upper Body,Technic Bricks,FALSE
Minifig Upper Body,Technic Bushes,FALSE
Minifig Upper Body,Technic Connectors,FALSE
Minifig Upper Body,Technic Gears,FALSE
Minifig Upper Body,Technic Panels,FALSE
Minifig Upper Body,Technic Pins,FALSE
Minifig Upper Body,Technic Special,FALSE
Minifig Upper Body,"Technic Steering, Suspension and Engine",FALSE
Minifig Upper Body,Tiles,FALSE
Minifig Upper Body,Tiles Round and Curved,FALSE
Minifig Upper Body,Tiles Special,FALSE
Minifig Upper Body,Tools,FALSE
Minifig Upper Body,Transportation - Land,FALSE
Minifig Upper Body,Transportation - Sea and Air,FALSE
Minifig Upper Body,Tubes and Hoses,FALSE
Minifig Upper Body,Wheels and Tyres,FALSE
Minifig Upper Body,Windows and Doors,FALSE
Minifig Upper Body,Windscreens and Fuselage,FALSE
Minifig Upper Body,Znap,FALSE
Minifigs,Minifigs,TRUE
Minifigs,Modulex,FALSE
Minifigs,"Non-Buildable Figures (Duplo, Fabuland, etc)",FALSE
Minifigs,Non-System Parts,FALSE
Minifigs,Other,FALSE
Minifigs,Panels,FALSE
Minifigs,Pen & Watch,FALSE
Minifigs,Plants & Trees,FALSE
Minifigs,Plates,FALSE
Minifigs,Plates Angled,FALSE
Minifigs,Plates Round Curved and Dishes,FALSE
Minifigs,Plates Special,FALSE
Minifigs,Pneumatics,FALSE
Minifigs,Projectiles / Launchers,FALSE
Minifigs,Rock,FALSE
Minifigs,Stickers,FALSE
Minifigs,"String, Bands and Reels",FALSE
Minifigs,"Supports, Girders and Cranes",FALSE
Minifigs,Technic Axles,FALSE
Minifigs,Technic Beams,FALSE
Minifigs,Technic Beams Special,FALSE
Minifigs,Technic Bricks,FALSE
Minifigs,Technic Bushes,FALSE
Minifigs,Technic Connectors,FALSE
Minifigs,Technic Gears,FALSE
Minifigs,Technic Panels,FALSE
Minifigs,Technic Pins,FALSE
Minifigs,Technic Special,FALSE
Minifigs,"Technic Steering, Suspension and Engine",FALSE
Minifigs,Tiles,FALSE
Minifigs,Tiles Round and Curved,FALSE
Minifigs,Tiles Special,FALSE
Minifigs,Tools,FALSE
Minifigs,Transportation - Land,FALSE
Minifigs,Transportation - Sea and Air,FALSE
Minifigs,Tubes and Hoses,FALSE
Minifigs,Wheels and Tyres,FALSE
Minifigs,Windows and Doors,FALSE
Minifigs,Windscreens and Fuselage,FALSE
Minifigs,Znap,FALSE
Modulex,Modulex,TRUE
Modulex,"Non-Buildable Figures (Duplo, Fabuland, etc)",FALSE
Modulex,Non-System Parts,FALSE
Modulex,Other,FALSE
Modulex,Panels,FALSE
Modulex,Pen & Watch,FALSE
Modulex,Plants & Trees,FALSE
Modulex,Plates,FALSE
Modulex,Plates Angled,FALSE
Modulex,Plates Round Curved and Dishes,FALSE
Modulex,Plates Special,FALSE
Modulex,Pneumatics,FALSE
Modulex,Projectiles / Launchers,FALSE
Modulex,Rock,FALSE
Modulex,Stickers,FALSE
Modulex,"String, Bands and Reels",FALSE
Modulex,"Supports, Girders and Cranes",FALSE
Modulex,Technic Axles,FALSE
Modulex,Technic Beams,FALSE
Modulex,Technic Beams Special,FALSE
Modulex,Technic Bricks,FALSE
Modulex,Technic Bushes,FALSE
Modulex,Technic Connectors,FALSE
Modulex,Technic Gears,FALSE
Modulex,Technic Panels,FALSE
Modulex,Technic Pins,FALSE
Modulex,Technic Special,FALSE
Modulex,"Technic Steering, Suspension and Engine",FALSE
Modulex,Tiles,FALSE
Modulex,Tiles Round and Curved,FALSE
Modulex,Tiles Special,FALSE
Modulex,Tools,FALSE
Modulex,Transportation - Land,FALSE
Modulex,Transportation - Sea and Air,FALSE
Modulex,Tubes and Hoses,FALSE
Modulex,Wheels and Tyres,FALSE
Modulex,Windows and Doors,FALSE
Modulex,Windscreens and Fuselage,FALSE
Modulex,Znap,FALSE
"Non-Buildable Figures (Duplo, Fabuland, etc)","Non-Buildable Figures (Duplo, Fabuland, etc)",TRUE
"Non-Buildable Figures (Duplo, Fabuland, etc)",Non-System Parts,FALSE
"Non-Buildable Figures (Duplo, Fabuland, etc)",Other,FALSE
"Non-Buildable Figures (Duplo, Fabuland, etc)",Panels,FALSE
"Non-Buildable Figures (Duplo, Fabuland, etc)",Pen & Watch,FALSE
"Non-Buildable Figures (Duplo, Fabuland, etc)",Plants & Trees,FALSE
"Non-Buildable Figures (Duplo, Fabuland, etc)",Plates,FALSE
"Non-Buildable Figures (Duplo, Fabuland, etc)",Plates Angled,FALSE
"Non-Buildable Figures (Duplo, Fabuland, etc)",Plates Round Curved and Dishes,FALSE
"Non-Buildable Figures (Duplo, Fabuland, etc)",Plates Special,FALSE
"Non-Buildable Figures (Duplo, Fabuland, etc)",Pneumatics,FALSE
"Non-Buildable Figures (Duplo, Fabuland, etc)",Projectiles / Launchers,FALSE
"Non-Buildable Figures (Duplo, Fabuland, etc)",Rock,FALSE
"Non-Buildable Figures (Duplo, Fabuland, etc)",Stickers,FALSE
"Non-Buildable Figures (Duplo, Fabuland, etc)","String, Bands and Reels",FALSE
"Non-Buildable Figures (Duplo, Fabuland, etc)","Supports, Girders and Cranes",FALSE
"Non-Buildable Figures (Duplo, Fabuland, etc)",Technic Axles,FALSE
"Non-Buildable Figures (Duplo, Fabuland, etc)",Technic Beams,FALSE
"Non-Buildable Figures (Duplo, Fabuland, etc)",Technic Beams Special,FALSE
"Non-Buildable Figures (Duplo, Fabuland, etc)",Technic Bricks,FALSE
"Non-Buildable Figures (Duplo, Fabuland, etc)",Technic Bushes,FALSE
"Non-Buildable Figures (Duplo, Fabuland, etc)",Technic Connectors,FALSE
"Non-Buildable Figures (Duplo, Fabuland, etc)",Technic Gears,FALSE
"Non-Buildable Figures (Duplo, Fabuland, etc)",Technic Panels,FALSE
"Non-Buildable Figures (Duplo, Fabuland, etc)",Technic Pins,FALSE
"Non-Buildable Figures (Duplo, Fabuland, etc)",Technic Special,FALSE
"Non-Buildable Figures (Duplo, Fabuland, etc)","Technic Steering, Suspension and Engine",FALSE
"Non-Buildable Figures (Duplo, Fabuland, etc)",Tiles,FALSE
"Non-Buildable Figures (Duplo, Fabuland, etc)",Tiles Round and Curved,FALSE
"Non-Buildable Figures (Duplo, Fabuland, etc)",Tiles Special,FALSE
"Non-Buildable Figures (Duplo, Fabuland, etc)",Tools,FALSE
"Non-Buildable Figures (Duplo, Fabuland, etc)",Transportation - Land,FALSE
"Non-Buildable Figures (Duplo, Fabuland, etc)",Transportation - Sea and Air,FALSE
"Non-Buildable Figures (Duplo, Fabuland, etc)",Tubes and Hoses,FALSE
"Non-Buildable Figures (Duplo, Fabuland, etc)",Wheels and Tyres,FALSE
"Non-Buildable Figures (Duplo, Fabuland, etc)",Windows and Doors,FALSE
"Non-Buildable Figures (Duplo, Fabuland, etc)",Windscreens and Fuselage,FALSE
"Non-Buildable Figures (Duplo, Fabuland, etc)",Znap,FALSE
Non-System Parts,Non-System Parts,TRUE
Non-System Parts,Other,FALSE
Non-System Parts,Panels,FALSE
Non-System Parts,Pen & Watch,FALSE
Non-System Parts,Plants & Trees,FALSE
Non-System Parts,Plates,FALSE
Non-System Parts,Plates Angled,FALSE
Non-System Parts,Plates Round Curved and Dishes,FALSE
Non-System Parts,Plates Special,FALSE
Non-System Parts,Pneumatics,FALSE
Non-System Parts,Projectiles / Launchers,FALSE
Non-System Parts,Rock,FALSE
Non-System Parts,Stickers,FALSE
Non-System Parts,"String, Bands and Reels",FALSE
Non-System Parts,"Supports, Girders and Cranes",FALSE
Non-System Parts,Technic Axles,FALSE
Non-System Parts,Technic Beams,FALSE
Non-System Parts,Technic Beams Special,FALSE
Non-System Parts,Technic Bricks,FALSE
Non-System Parts,Technic Bushes,FALSE
Non-System Parts,Technic Connectors,FALSE
Non-System Parts,Technic Gears,FALSE
Non-System Parts,Technic Panels,FALSE
Non-System Parts,Technic Pins,FALSE
Non-System Parts,Technic Special,FALSE
Non-System Parts,"Technic Steering, Suspension and Engine",FALSE
Non-System Parts,Tiles,FALSE
Non-System Parts,Tiles Round and Curved,FALSE
Non-System Parts,Tiles Special,FALSE
Non-System Parts,Tools,FALSE
Non-System Parts,Transportation - Land,FALSE
Non-System Parts,Transportation - Sea and Air,FALSE
Non-System Parts,Tubes and Hoses,FALSE
Non-System Parts,Wheels and Tyres,FALSE
Non-System Parts,Windows and Doors,FALSE
Non-System Parts,Windscreens and Fuselage,FALSE
Non-System Parts,Znap,FALSE
Other,Other,TRUE
Other,Panels,FALSE
Other,Pen & Watch,FALSE
Other,Plants & Trees,FALSE
Other,Plates,FALSE
Other,Plates Angled,FALSE
Other,Plates Round Curved and Dishes,FALSE
Other,Plates Special,FALSE
Other,Pneumatics,FALSE
Other,Projectiles / Launchers,FALSE
Other,Rock,FALSE
Other,Stickers,FALSE
Other,"String, Bands and Reels",FALSE
Other,"Supports, Girders and Cranes",FALSE
Other,Technic Axles,FALSE
Other,Technic Beams,FALSE
Other,Technic Beams Special,FALSE
Other,Technic Bricks,FALSE
Other,Technic Bushes,FALSE
Other,Technic Connectors,FALSE
Other,Technic Gears,FALSE
Other,Technic Panels,FALSE
Other,Technic Pins,FALSE
Other,Technic Special,FALSE
Other,"Technic Steering, Suspension and Engine",FALSE
Other,Tiles,FALSE
Other,Tiles Round and Curved,FALSE
Other,Tiles Special,FALSE
Other,Tools,FALSE
Other,Transportation - Land,FALSE
Other,Transportation - Sea and Air,FALSE
Other,Tubes and Hoses,FALSE
Other,Wheels and Tyres,FALSE
Other,Windows and Doors,FALSE
Other,Windscreens and Fuselage,FALSE
Other,Znap,FALSE
Panels,Panels,TRUE
Panels,Pen & Watch,FALSE
Panels,Plants & Trees,FALSE
Panels,Plates,FALSE
Panels,Plates Angled,FALSE
Panels,Plates Round Curved and Dishes,FALSE
Panels,Plates Special,FALSE
Panels,Pneumatics,FALSE
Panels,Projectiles / Launchers,FALSE
Panels,Rock,FALSE
Panels,Stickers,FALSE
Panels,"String, Bands and Reels",FALSE
Panels,"Supports, Girders and Cranes",FALSE
Panels,Technic Axles,FALSE
Panels,Technic Beams,FALSE
Panels,Technic Beams Special,FALSE
Panels,Technic Bricks,FALSE
Panels,Technic Bushes,FALSE
Panels,Technic Connectors,FALSE
Panels,Technic Gears,FALSE
Panels,Technic Panels,FALSE
Panels,Technic Pins,FALSE
Panels,Technic Special,FALSE
Panels,"Technic Steering, Suspension and Engine",FALSE
Panels,Tiles,FALSE
Panels,Tiles Round and Curved,FALSE
Panels,Tiles Special,FALSE
Panels,Tools,FALSE
Panels,Transportation - Land,FALSE
Panels,Transportation - Sea and Air,FALSE
Panels,Tubes and Hoses,FALSE
Panels,Wheels and Tyres,FALSE
Panels,Windows and Doors,FALSE
Panels,Windscreens and Fuselage,FALSE
Panels,Znap,FALSE
Pen & Watch,Pen & Watch,TRUE
Pen & Watch,Plants & Trees,FALSE
Pen & Watch,Plates,FALSE
Pen & Watch,Plates Angled,FALSE
Pen & Watch,Plates Round Curved and Dishes,FALSE
Pen & Watch,Plates Special,FALSE
Pen & Watch,Pneumatics,FALSE
Pen & Watch,Projectiles / Launchers,FALSE
Pen & Watch,Rock,FALSE
Pen & Watch,Stickers,FALSE
Pen & Watch,"String, Bands and Reels",FALSE
Pen & Watch,"Supports, Girders and Cranes",FALSE
Pen & Watch,Technic Axles,FALSE
Pen & Watch,Technic Beams,FALSE
Pen & Watch,Technic Beams Special,FALSE
Pen & Watch,Technic Bricks,FALSE
Pen & Watch,Technic Bushes,FALSE
Pen & Watch,Technic Connectors,FALSE
Pen & Watch,Technic Gears,FALSE
Pen & Watch,Technic Panels,FALSE
Pen & Watch,Technic Pins,FALSE
Pen & Watch,Technic Special,FALSE
Pen & Watch,"Technic Steering, Suspension and Engine",FALSE
Pen & Watch,Tiles,FALSE
Pen & Watch,Tiles Round and Curved,FALSE
Pen & Watch,Tiles Special,FALSE
Pen & Watch,Tools,FALSE
Pen & Watch,Transportation - Land,FALSE
Pen & Watch,Transportation - Sea and Air,FALSE
Pen & Watch,Tubes and Hoses,FALSE
Pen & Watch,Wheels and Tyres,FALSE
Pen & Watch,Windows and Doors,FALSE
Pen & Watch,Windscreens and Fuselage,FALSE
Pen & Watch,Znap,FALSE
Plants & Trees,Plants & Trees,TRUE
Plants & Trees,Plates,FALSE
Plants & Trees,Plates Angled,FALSE
Plants & Trees,Plates Round Curved and Dishes,FALSE
Plants & Trees,Plates Special,FALSE
Plants & Trees,Pneumatics,FALSE
Plants & Trees,Projectiles / Launchers,FALSE
Plants & Trees,Rock,FALSE
Plants & Trees,Stickers,FALSE
Plants & Trees,"String, Bands and Reels",FALSE
Plants & Trees,"Supports, Girders and Cranes",FALSE
Plants & Trees,Technic Axles,FALSE
Plants & Trees,Technic Beams,FALSE
Plants & Trees,Technic Beams Special,FALSE
Plants & Trees,Technic Bricks,FALSE
Plants & Trees,Technic Bushes,FALSE
Plants & Trees,Technic Connectors,FALSE
Plants & Trees,Technic Gears,FALSE
Plants & Trees,Technic Panels,FALSE
Plants & Trees,Technic Pins,FALSE
Plants & Trees,Technic Special,FALSE
Plants & Trees,"Technic Steering, Suspension and Engine",FALSE
Plants & Trees,Tiles,FALSE
Plants & Trees,Tiles Round and Curved,FALSE
Plants & Trees,Tiles Special,FALSE
Plants & Trees,Tools,FALSE
Plants & Trees,Transportation - Land,FALSE
Plants & Trees,Transportation - Sea and Air,FALSE
Plants & Trees,Tubes and Hoses,FALSE
Plants & Trees,Wheels and Tyres,FALSE
Plants & Trees,Windows and Doors,FALSE
Plants & Trees,Windscreens and Fuselage,FALSE
Plants & Trees,Znap,FALSE
Plates,Plates,TRUE
Plates,Plates Angled,FALSE
Plates,Plates Round Curved and Dishes,FALSE
Plates,Plates Special,FALSE
Plates,Pneumatics,FALSE
Plates,Projectiles / Launchers,FALSE
Plates,Rock,FALSE
Plates,Stickers,FALSE
Plates,"String, Bands and Reels",FALSE
Plates,"Supports, Girders and Cranes",FALSE
Plates,Technic Axles,FALSE
Plates,Technic Beams,FALSE
Plates,Technic Beams Special,FALSE
Plates,Technic Bricks,FALSE
Plates,Technic Bushes,FALSE
Plates,Technic Connectors,FALSE
Plates,Technic Gears,FALSE
Plates,Technic Panels,FALSE
Plates,Technic Pins,FALSE
Plates,Technic Special,FALSE
Plates,"Technic Steering, Suspension and Engine",FALSE
Plates,Tiles,FALSE
Plates,Tiles Round and Curved,FALSE
Plates,Tiles Special,FALSE
Plates,Tools,FALSE
Plates,Transportation - Land,FALSE
Plates,Transportation - Sea and Air,FALSE
Plates,Tubes and Hoses,FALSE
Plates,Wheels and Tyres,FALSE
Plates,Windows and Doors,FALSE
Plates,Windscreens and Fuselage,FALSE
Plates,Znap,FALSE
Plates Angled,Plates Angled,TRUE
Plates Angled,Plates Round Curved and Dishes,FALSE
Plates Angled,Plates Special,FALSE
Plates Angled,Pneumatics,FALSE
Plates Angled,Projectiles / Launchers,FALSE
Plates Angled,Rock,FALSE
Plates Angled,Stickers,FALSE
Plates Angled,"String, Bands and Reels",FALSE
Plates Angled,"Supports, Girders and Cranes",FALSE
Plates Angled,Technic Axles,FALSE
Plates Angled,Technic Beams,FALSE
Plates Angled,Technic Beams Special,FALSE
Plates Angled,Technic Bricks,FALSE
Plates Angled,Technic Bushes,FALSE
Plates Angled,Technic Connectors,FALSE
Plates Angled,Technic Gears,FALSE
Plates Angled,Technic Panels,FALSE
Plates Angled,Technic Pins,FALSE
Plates Angled,Technic Special,FALSE
Plates Angled,"Technic Steering, Suspension and Engine",FALSE
Plates Angled,Tiles,FALSE
Plates Angled,Tiles Round and Curved,FALSE
Plates Angled,Tiles Special,FALSE
Plates Angled,Tools,FALSE
Plates Angled,Transportation - Land,FALSE
Plates Angled,Transportation - Sea and Air,FALSE
Plates Angled,Tubes and Hoses,FALSE
Plates Angled,Wheels and Tyres,FALSE
Plates Angled,Windows and Doors,FALSE
Plates Angled,Windscreens and Fuselage,FALSE
Plates Angled,Znap,FALSE
Plates Round Curved and Dishes,Plates Round Curved and Dishes,TRUE
Plates Round Curved and Dishes,Plates Special,FALSE
Plates Round Curved and Dishes,Pneumatics,FALSE
Plates Round Curved and Dishes,Projectiles / Launchers,FALSE
Plates Round Curved and Dishes,Rock,FALSE
Plates Round Curved and Dishes,Stickers,FALSE
Plates Round Curved and Dishes,"String, Bands and Reels",FALSE
Plates Round Curved and Dishes,"Supports, Girders and Cranes",FALSE
Plates Round Curved and Dishes,Technic Axles,FALSE
Plates Round Curved and Dishes,Technic Beams,FALSE
Plates Round Curved and Dishes,Technic Beams Special,FALSE
Plates Round Curved and Dishes,Technic Bricks,FALSE
Plates Round Curved and Dishes,Technic Bushes,FALSE
Plates Round Curved and Dishes,Technic Connectors,FALSE
Plates Round Curved and Dishes,Technic Gears,FALSE
Plates Round Curved and Dishes,Technic Panels,FALSE
Plates Round Curved and Dishes,Technic Pins,FALSE
Plates Round Curved and Dishes,Technic Special,FALSE
Plates Round Curved and Dishes,"Technic Steering, Suspension and Engine",FALSE
Plates Round Curved and Dishes,Tiles,FALSE
Plates Round Curved and Dishes,Tiles Round and Curved,FALSE
Plates Round Curved and Dishes,Tiles Special,FALSE
Plates Round Curved and Dishes,Tools,FALSE
Plates Round Curved and Dishes,Transportation - Land,FALSE
Plates Round Curved and Dishes,Transportation - Sea and Air,FALSE
Plates Round Curved and Dishes,Tubes and Hoses,FALSE
Plates Round Curved and Dishes,Wheels and Tyres,FALSE
Plates Round Curved and Dishes,Windows and Doors,FALSE
Plates Round Curved and Dishes,Windscreens and Fuselage,FALSE
Plates Round Curved and Dishes,Znap,FALSE
Plates Special,Plates Special,TRUE
Plates Special,Pneumatics,FALSE
Plates Special,Projectiles / Launchers,FALSE
Plates Special,Rock,FALSE
Plates Special,Stickers,FALSE
Plates Special,"String, Bands and Reels",FALSE
Plates Special,"Supports, Girders and Cranes",FALSE
Plates Special,Technic Axles,FALSE
Plates Special,Technic Beams,FALSE
Plates Special,Technic Beams Special,FALSE
Plates Special,Technic Bricks,FALSE
Plates Special,Technic Bushes,FALSE
Plates Special,Technic Connectors,FALSE
Plates Special,Technic Gears,FALSE
Plates Special,Technic Panels,FALSE
Plates Special,Technic Pins,FALSE
Plates Special,Technic Special,FALSE
Plates Special,"Technic Steering, Suspension and Engine",FALSE
Plates Special,Tiles,FALSE
Plates Special,Tiles Round and Curved,FALSE
Plates Special,Tiles Special,FALSE
Plates Special,Tools,FALSE
Plates Special,Transportation - Land,FALSE
Plates Special,Transportation - Sea and Air,FALSE
Plates Special,Tubes and Hoses,FALSE
Plates Special,Wheels and Tyres,FALSE
Plates Special,Windows and Doors,FALSE
Plates Special,Windscreens and Fuselage,FALSE
Plates Special,Znap,FALSE
Pneumatics,Pneumatics,TRUE
Pneumatics,Projectiles / Launchers,FALSE
Pneumatics,Rock,FALSE
Pneumatics,Stickers,FALSE
Pneumatics,"String, Bands and Reels",FALSE
Pneumatics,"Supports, Girders and Cranes",FALSE
Pneumatics,Technic Axles,FALSE
Pneumatics,Technic Beams,FALSE
Pneumatics,Technic Beams Special,FALSE
Pneumatics,Technic Bricks,FALSE
Pneumatics,Technic Bushes,FALSE
Pneumatics,Technic Connectors,FALSE
Pneumatics,Technic Gears,FALSE
Pneumatics,Technic Panels,FALSE
Pneumatics,Technic Pins,FALSE
Pneumatics,Technic Special,FALSE
Pneumatics,"Technic Steering, Suspension and Engine",FALSE
Pneumatics,Tiles,FALSE
Pneumatics,Tiles Round and Curved,FALSE
Pneumatics,Tiles Special,FALSE
Pneumatics,Tools,FALSE
Pneumatics,Transportation - Land,FALSE
Pneumatics,Transportation - Sea and Air,FALSE
Pneumatics,Tubes and Hoses,FALSE
Pneumatics,Wheels and Tyres,FALSE
Pneumatics,Windows and Doors,FALSE
Pneumatics,Windscreens and Fuselage,FALSE
Pneumatics,Znap,FALSE
Projectiles / Launchers,Projectiles / Launchers,TRUE
Projectiles / Launchers,Rock,FALSE
Projectiles / Launchers,Stickers,FALSE
Projectiles / Launchers,"String, Bands and Reels",FALSE
Projectiles / Launchers,"Supports, Girders and Cranes",FALSE
Projectiles / Launchers,Technic Axles,FALSE
Projectiles / Launchers,Technic Beams,FALSE
Projectiles / Launchers,Technic Beams Special,FALSE
Projectiles / Launchers,Technic Bricks,FALSE
Projectiles / Launchers,Technic Bushes,FALSE
Projectiles / Launchers,Technic Connectors,FALSE
Projectiles / Launchers,Technic Gears,FALSE
Projectiles / Launchers,Technic Panels,FALSE
Projectiles / Launchers,Technic Pins,FALSE
Projectiles / Launchers,Technic Special,FALSE
Projectiles / Launchers,"Technic Steering, Suspension and Engine",FALSE
Projectiles / Launchers,Tiles,FALSE
Projectiles / Launchers,Tiles Round and Curved,FALSE
Projectiles / Launchers,Tiles Special,FALSE
Projectiles / Launchers,Tools,FALSE
Projectiles / Launchers,Transportation - Land,FALSE
Projectiles / Launchers,Transportation - Sea and Air,FALSE
Projectiles / Launchers,Tubes and Hoses,FALSE
Projectiles / Launchers,Wheels and Tyres,FALSE
Projectiles / Launchers,Windows and Doors,FALSE
Projectiles / Launchers,Windscreens and Fuselage,FALSE
Projectiles / Launchers,Znap,FALSE
Rock,Rock,TRUE
Rock,Stickers,FALSE
Rock,"String, Bands and Reels",FALSE
Rock,"Supports, Girders and Cranes",FALSE
Rock,Technic Axles,FALSE
Rock,Technic Beams,FALSE
Rock,Technic Beams Special,FALSE
Rock,Technic Bricks,FALSE
Rock,Technic Bushes,FALSE
Rock,Technic Connectors,FALSE
Rock,Technic Gears,FALSE
Rock,Technic Panels,FALSE
Rock,Technic Pins,FALSE
Rock,Technic Special,FALSE
Rock,"Technic Steering, Suspension and Engine",FALSE
Rock,Tiles,FALSE
Rock,Tiles Round and Curved,FALSE
Rock,Tiles Special,FALSE
Rock,Tools,FALSE
Rock,Transportation - Land,FALSE
Rock,Transportation - Sea and Air,FALSE
Rock,Tubes and Hoses,FALSE
Rock,Wheels and Tyres,FALSE
Rock,Windows and Doors,FALSE
Rock,Windscreens and Fuselage,FALSE
Rock,Znap,FALSE
Stickers,Stickers,TRUE
Stickers,"String, Bands and Reels",FALSE
Stickers,"Supports, Girders and Cranes",FALSE
Stickers,Technic Axles,FALSE
Stickers,Technic Beams,FALSE
Stickers,Technic Beams Special,FALSE
Stickers,Technic Bricks,FALSE
Stickers,Technic Bushes,FALSE
Stickers,Technic Connectors,FALSE
Stickers,Technic Gears,FALSE
Stickers,Technic Panels,FALSE
Stickers,Technic Pins,FALSE
Stickers,Technic Special,FALSE
Stickers,"Technic Steering, Suspension and Engine",FALSE
Stickers,Tiles,FALSE
Stickers,Tiles Round and Curved,FALSE
Stickers,Tiles Special,FALSE
Stickers,Tools,FALSE
Stickers,Transportation - Land,FALSE
Stickers,Transportation - Sea and Air,FALSE
Stickers,Tubes and Hoses,FALSE
Stickers,Wheels and Tyres,FALSE
Stickers,Windows and Doors,FALSE
Stickers,Windscreens and Fuselage,FALSE
Stickers,Znap,FALSE
"String, Bands and Reels","String, Bands and Reels",TRUE
"String, Bands and Reels","Supports, Girders and Cranes",FALSE
"String, Bands and Reels",Technic Axles,FALSE
"String, Bands and Reels",Technic Beams,FALSE
"String, Bands and Reels",Technic Beams Special,FALSE
"String, Bands and Reels",Technic Bricks,FALSE
"String, Bands and Reels",Technic Bushes,FALSE
"String, Bands and Reels",Technic Connectors,FALSE
"String, Bands and Reels",Technic Gears,FALSE
"String, Bands and Reels",Technic Panels,FALSE
"String, Bands and Reels",Technic Pins,FALSE
"String, Bands and Reels",Technic Special,FALSE
"String, Bands and Reels","Technic Steering, Suspension and Engine",FALSE
"String, Bands and Reels",Tiles,FALSE
"String, Bands and Reels",Tiles Round and Curved,FALSE
"String, Bands and Reels",Tiles Special,FALSE
"String, Bands and Reels",Tools,FALSE
"String, Bands and Reels",Transportation - Land,FALSE
"String, Bands and Reels",Transportation - Sea and Air,FALSE
"String, Bands and Reels",Tubes and Hoses,FALSE
"String, Bands and Reels",Wheels and Tyres,FALSE
"String, Bands and Reels",Windows and Doors,FALSE
"String, Bands and Reels",Windscreens and Fuselage,FALSE
"String, Bands and Reels",Znap,FALSE
"Supports, Girders and Cranes","Supports, Girders and Cranes",TRUE
"Supports, Girders and Cranes",Technic Axles,FALSE
"Supports, Girders and Cranes",Technic Beams,FALSE
"Supports, Girders and Cranes",Technic Beams Special,FALSE
"Supports, Girders and Cranes",Technic Bricks,FALSE
"Supports, Girders and Cranes",Technic Bushes,FALSE
"Supports, Girders and Cranes",Technic Connectors,FALSE
"Supports, Girders and Cranes",Technic Gears,FALSE
"Supports, Girders and Cranes",Technic Panels,FALSE
"Supports, Girders and Cranes",Technic Pins,FALSE
"Supports, Girders and Cranes",Technic Special,FALSE
"Supports, Girders and Cranes","Technic Steering, Suspension and Engine",FALSE
"Supports, Girders and Cranes",Tiles,FALSE
"Supports, Girders and Cranes",Tiles Round and Curved,FALSE
"Supports, Girders and Cranes",Tiles Special,FALSE
"Supports, Girders and Cranes",Tools,FALSE
"Supports, Girders and Cranes",Transportation - Land,FALSE
"Supports, Girders and Cranes",Transportation - Sea and Air,FALSE
"Supports, Girders and Cranes",Tubes and Hoses,FALSE
"Supports, Girders and Cranes",Wheels and Tyres,FALSE
"Supports, Girders and Cranes",Windows and Doors,FALSE
"Supports, Girders and Cranes",Windscreens and Fuselage,FALSE
"Supports, Girders and Cranes",Znap,FALSE
Technic Axles,Technic Axles,TRUE
Technic Axles,Technic Beams,FALSE
Technic Axles,Technic Beams Special,FALSE
Technic Axles,Technic Bricks,FALSE
Technic Axles,Technic Bushes,FALSE
Technic Axles,Technic Connectors,FALSE
Technic Axles,Technic Gears,FALSE
Technic Axles,Technic Panels,FALSE
Technic Axles,Technic Pins,FALSE
Technic Axles,Technic Special,FALSE
Technic Axles,"Technic Steering, Suspension and Engine",FALSE
Technic Axles,Tiles,FALSE
Technic Axles,Tiles Round and Curved,FALSE
Technic Axles,Tiles Special,FALSE
Technic Axles,Tools,FALSE
Technic Axles,Transportation - Land,FALSE
Technic Axles,Transportation - Sea and Air,FALSE
Technic Axles,Tubes and Hoses,FALSE
Technic Axles,Wheels and Tyres,FALSE
Technic Axles,Windows and Doors,FALSE
Technic Axles,Windscreens and Fuselage,FALSE
Technic Axles,Znap,FALSE
Technic Beams,Technic Beams,TRUE
Technic Beams,Technic Beams Special,FALSE
Technic Beams,Technic Bricks,FALSE
Technic Beams,Technic Bushes,FALSE
Technic Beams,Technic Connectors,FALSE
Technic Beams,Technic Gears,FALSE
Technic Beams,Technic Panels,FALSE
Technic Beams,Technic Pins,FALSE
Technic Beams,Technic Special,FALSE
Technic Beams,"Technic Steering, Suspension and Engine",FALSE
Technic Beams,Tiles,FALSE
Technic Beams,Tiles Round and Curved,FALSE
Technic Beams,Tiles Special,FALSE
Technic Beams,Tools,FALSE
Technic Beams,Transportation - Land,FALSE
Technic Beams,Transportation - Sea and Air,FALSE
Technic Beams,Tubes and Hoses,FALSE
Technic Beams,Wheels and Tyres,FALSE
Technic Beams,Windows and Doors,FALSE
Technic Beams,Windscreens and Fuselage,FALSE
Technic Beams,Znap,FALSE
Technic Beams Special,Technic Beams Special,TRUE
Technic Beams Special,Technic Bricks,FALSE
Technic Beams Special,Technic Bushes,FALSE
Technic Beams Special,Technic Connectors,FALSE
Technic Beams Special,Technic Gears,FALSE
Technic Beams Special,Technic Panels,FALSE
Technic Beams Special,Technic Pins,FALSE
Technic Beams Special,Technic Special,FALSE
Technic Beams Special,"Technic Steering, Suspension and Engine",FALSE
Technic Beams Special,Tiles,FALSE
Technic Beams Special,Tiles Round and Curved,FALSE
Technic Beams Special,Tiles Special,FALSE
Technic Beams Special,Tools,FALSE
Technic Beams Special,Transportation - Land,FALSE
Technic Beams Special,Transportation - Sea and Air,FALSE
Technic Beams Special,Tubes and Hoses,FALSE
Technic Beams Special,Wheels and Tyres,FALSE
Technic Beams Special,Windows and Doors,FALSE
Technic Beams Special,Windscreens and Fuselage,FALSE
Technic Beams Special,Znap,FALSE
Technic Bricks,Technic Bricks,TRUE
Technic Bricks,Technic Bushes,FALSE
Technic Bricks,Technic Connectors,FALSE
Technic Bricks,Technic Gears,FALSE
Technic Bricks,Technic Panels,FALSE
Technic Bricks,Technic Pins,FALSE
Technic Bricks,Technic Special,FALSE
Technic Bricks,"Technic Steering, Suspension and Engine",FALSE
Technic Bricks,Tiles,FALSE
Technic Bricks,Tiles Round and Curved,FALSE
Technic Bricks,Tiles Special,FALSE
Technic Bricks,Tools,FALSE
Technic Bricks,Transportation - Land,FALSE
Technic Bricks,Transportation - Sea and Air,FALSE
Technic Bricks,Tubes and Hoses,FALSE
Technic Bricks,Wheels and Tyres,FALSE
Technic Bricks,Windows and Doors,FALSE
Technic Bricks,Windscreens and Fuselage,FALSE
Technic Bricks,Znap,FALSE
Technic Bushes,Technic Bushes,TRUE
Technic Bushes,Technic Connectors,FALSE
Technic Bushes,Technic Gears,FALSE
Technic Bushes,Technic Panels,FALSE
Technic Bushes,Technic Pins,FALSE
Technic Bushes,Technic Special,FALSE
Technic Bushes,"Technic Steering, Suspension and Engine",FALSE
Technic Bushes,Tiles,FALSE
Technic Bushes,Tiles Round and Curved,FALSE
Technic Bushes,Tiles Special,FALSE
Technic Bushes,Tools,FALSE
Technic Bushes,Transportation - Land,FALSE
Technic Bushes,Transportation - Sea and Air,FALSE
Technic Bushes,Tubes and Hoses,FALSE
Technic Bushes,Wheels and Tyres,FALSE
Technic Bushes,Windows and Doors,FALSE
Technic Bushes,Windscreens and Fuselage,FALSE
Technic Bushes,Znap,FALSE
Technic Connectors,Technic Connectors,TRUE
Technic Connectors,Technic Gears,FALSE
Technic Connectors,Technic Panels,FALSE
Technic Connectors,Technic Pins,FALSE
Technic Connectors,Technic Special,FALSE
Technic Connectors,"Technic Steering, Suspension and Engine",FALSE
Technic Connectors,Tiles,FALSE
Technic Connectors,Tiles Round and Curved,FALSE
Technic Connectors,Tiles Special,FALSE
Technic Connectors,Tools,FALSE
Technic Connectors,Transportation - Land,FALSE
Technic Connectors,Transportation - Sea and Air,FALSE
Technic Connectors,Tubes and Hoses,FALSE
Technic Connectors,Wheels and Tyres,FALSE
Technic Connectors,Windows and Doors,FALSE
Technic Connectors,Windscreens and Fuselage,FALSE
Technic Connectors,Znap,FALSE
Technic Gears,Technic Gears,TRUE
Technic Gears,Technic Panels,FALSE
Technic Gears,Technic Pins,FALSE
Technic Gears,Technic Special,FALSE
Technic Gears,"Technic Steering, Suspension and Engine",FALSE
Technic Gears,Tiles,FALSE
Technic Gears,Tiles Round and Curved,FALSE
Technic Gears,Tiles Special,FALSE
Technic Gears,Tools,FALSE
Technic Gears,Transportation - Land,FALSE
Technic Gears,Transportation - Sea and Air,FALSE
Technic Gears,Tubes and Hoses,FALSE
Technic Gears,Wheels and Tyres,FALSE
Technic Gears,Windows and Doors,FALSE
Technic Gears,Windscreens and Fuselage,FALSE
Technic Gears,Znap,FALSE
Technic Panels,Technic Panels,TRUE
Technic Panels,Technic Pins,FALSE
Technic Panels,Technic Special,FALSE
Technic Panels,"Technic Steering, Suspension and Engine",FALSE
Technic Panels,Tiles,FALSE
Technic Panels,Tiles Round and Curved,FALSE
Technic Panels,Tiles Special,FALSE
Technic Panels,Tools,FALSE
Technic Panels,Transportation - Land,FALSE
Technic Panels,Transportation - Sea and Air,FALSE
Technic Panels,Tubes and Hoses,FALSE
Technic Panels,Wheels and Tyres,FALSE
Technic Panels,Windows and Doors,FALSE
Technic Panels,Windscreens and Fuselage,FALSE
Technic Panels,Znap,FALSE
Technic Pins,Technic Pins,TRUE
Technic Pins,Technic Special,FALSE
Technic Pins,"Technic Steering, Suspension and Engine",FALSE
Technic Pins,Tiles,FALSE
Technic Pins,Tiles Round and Curved,FALSE
Technic Pins,Tiles Special,FALSE
Technic Pins,Tools,FALSE
Technic Pins,Transportation - Land,FALSE
Technic Pins,Transportation - Sea and Air,FALSE
Technic Pins,Tubes and Hoses,FALSE
Technic Pins,Wheels and Tyres,FALSE
Technic Pins,Windows and Doors,FALSE
Technic Pins,Windscreens and Fuselage,FALSE
Technic Pins,Znap,FALSE
Technic Special,Technic Special,TRUE
Technic Special,"Technic Steering, Suspension and Engine",FALSE
Technic Special,Tiles,FALSE
Technic Special,Tiles Round and Curved,FALSE
Technic Special,Tiles Special,FALSE
Technic Special,Tools,FALSE
Technic Special,Transportation - Land,FALSE
Technic Special,Transportation - Sea and Air,FALSE
Technic Special,Tubes and Hoses,FALSE
Technic Special,Wheels and Tyres,FALSE
Technic Special,Windows and Doors,FALSE
Technic Special,Windscreens and Fuselage,FALSE
Technic Special,Znap,FALSE
"Technic Steering, Suspension and Engine","Technic Steering, Suspension and Engine",TRUE
"Technic Steering, Suspension and Engine",Tiles,FALSE
"Technic Steering, Suspension and Engine",Tiles Round and Curved,FALSE
"Technic Steering, Suspension and Engine",Tiles Special,FALSE
"Technic Steering, Suspension and Engine",Tools,FALSE
"Technic Steering, Suspension and Engine",Transportation - Land,FALSE
"Technic Steering, Suspension and Engine",Transportation - Sea and Air,FALSE
"Technic Steering, Suspension and Engine",Tubes and Hoses,FALSE
"Technic Steering, Suspension and Engine",Wheels and Tyres,FALSE
"Technic Steering, Suspension and Engine",Windows and Doors,FALSE
"Technic Steering, Suspension and Engine",Windscreens and Fuselage,FALSE
"Technic Steering, Suspension and Engine",Znap,FALSE
Tiles,Tiles,TRUE
Tiles,Tiles Round and Curved,FALSE
Tiles,Tiles Special,FALSE
Tiles,Tools,FALSE
Tiles,Transportation - Land,FALSE
Tiles,Transportation - Sea and Air,FALSE
Tiles,Tubes and Hoses,FALSE
Tiles,Wheels and Tyres,FALSE
Tiles,Windows and Doors,FALSE
Tiles,Windscreens and Fuselage,FALSE
Tiles,Znap,FALSE
Tiles Round and Curved,Tiles Round and Curved,TRUE
Tiles Round and Curved,Tiles Special,FALSE
Tiles Round and Curved,Tools,FALSE
Tiles Round and Curved,Transportation - Land,FALSE
Tiles Round and Curved,Transportation - Sea and Air,FALSE
Tiles Round and Curved,Tubes and Hoses,FALSE
Tiles Round and Curved,Wheels and Tyres,FALSE
Tiles Round and Curved,Windows and Doors,FALSE
Tiles Round and Curved,Windscreens and Fuselage,FALSE
Tiles Round and Curved,Znap,FALSE
Tiles Special,Tiles Special,TRUE
Tiles Special,Tools,FALSE
Tiles Special,Transportation - Land,FALSE
Tiles Special,Transportation - Sea and Air,FALSE
Tiles Special,Tubes and Hoses,FALSE
Tiles Special,Wheels and Tyres,FALSE
Tiles Special,Windows and Doors,FALSE
Tiles Special,Windscreens and Fuselage,FALSE
Tiles Special,Znap,FALSE
Tools,Tools,TRUE
Tools,Transportation - Land,FALSE
Tools,Transportation - Sea and Air,FALSE
Tools,Tubes and Hoses,FALSE
Tools,Wheels and Tyres,FALSE
Tools,Windows and Doors,FALSE
Tools,Windscreens and Fuselage,FALSE
Tools,Znap,FALSE
Transportation - Land,Transportation - Land,TRUE
Transportation - Land,Transportation - Sea and Air,FALSE
Transportation - Land,Tubes and Hoses,FALSE
Transportation - Land,Wheels and Tyres,FALSE
Transportation - Land,Windows and Doors,FALSE
Transportation - Land,Windscreens and Fuselage,FALSE
Transportation - Land,Znap,FALSE
Transportation - Sea and Air,Transportation - Sea and Air,TRUE
Transportation - Sea and Air,Tubes and Hoses,FALSE
Transportation - Sea and Air,Wheels and Tyres,FALSE
Transportation - Sea and Air,Windows and Doors,FALSE
Transportation - Sea and Air,Windscreens and Fuselage,FALSE
Transportation - Sea and Air,Znap,FALSE
Tubes and Hoses,Tubes and Hoses,TRUE
Tubes and Hoses,Wheels and Tyres,FALSE
Tubes and Hoses,Windows and Doors,FALSE
Tubes and Hoses,Windscreens and Fuselage,FALSE
Tubes and Hoses,Znap,FALSE
Wheels and Tyres,Wheels and Tyres,TRUE
Wheels and Tyres,Windows and Doors,FALSE
Wheels and Tyres,Windscreens and Fuselage,FALSE
Wheels and Tyres,Znap,FALSE
Windows and Doors,Windows and Doors,TRUE
Windows and Doors,Windscreens and Fuselage,FALSE
Windows and Doors,Znap,FALSE
Windscreens and Fuselage,Windscreens and Fuselage,TRUE
Windscreens and Fuselage,Znap,FALSE
Znap,Znap,TRUE
