4 16 -19.145071 -0.890662 -5.822489 -20.150124 2 -5.590455 -21.396318 2 -4.701553 -20.081547 -1.783984 -5.005093
4 16 -19.020718 -0.520637 -7.302612 -19.89748 2 -7.100196 -20.150124 2 -5.590455 -19.145071 -0.890662 -5.822489
4 16 -19.78133 -0.890662 -8.578424 -20.786381 2 -8.346391 -19.89748 2 -7.100196 -19.020718 -0.520637 -7.302612
4 16 -20.98135 -1.783984 -8.902573 -22.296122 2 -8.599033 -20.786381 2 -8.346391 -19.78133 -0.890662 -8.578424
4 16 -21.917826 -2.677306 -8.085176 -23.542316 2 -7.710133 -22.296122 2 -8.599033 -20.98135 -1.783984 -8.902573
4 16 -22.042179 -3.047332 -6.605053 -23.79496 2 -6.200392 -23.542316 2 -7.710133 -21.917826 -2.677306 -8.085176
4 16 -21.281569 -2.677306 -5.32924 -22.906059 2 -4.954197 -23.79496 2 -6.200392 -22.042179 -3.047332 -6.605053
4 16 -20.081547 -1.783984 -5.005093 -21.396318 2 -4.701553 -22.906059 2 -4.954197 -21.281569 -2.677306 -5.32924
5 24 -20.081547 -1.783984 -5.005093 -21.396318 2 -4.701553 -21.281569 -2.677306 -5.32924 -19.145071 -0.890662 -5.822489
5 24 -19.145071 -0.890662 -5.822489 -20.150124 2 -5.590455 -20.081547 -1.783984 -5.005093 -19.020718 -0.520637 -7.302612
5 24 -19.020718 -0.520637 -7.302612 -19.89748 2 -7.100196 -19.145071 -0.890662 -5.822489 -19.78133 -0.890662 -8.578424
5 24 -19.78133 -0.890662 -8.578424 -20.786381 2 -8.346391 -19.020718 -0.520637 -7.302612 -20.98135 -1.783984 -8.902573
5 24 -20.98135 -1.783984 -8.902573 -22.296122 2 -8.599033 -19.78133 -0.890662 -8.578424 -21.917826 -2.677306 -8.085176
5 24 -21.917826 -2.677306 -8.085176 -23.542316 2 -7.710133 -20.98135 -1.783984 -8.902573 -22.042179 -3.047332 -6.605053
5 24 -22.042179 -3.047332 -6.605053 -23.79496 2 -6.200392 -21.917826 -2.677306 -8.085176 -21.281569 -2.677306 -5.32924
5 24 -21.281569 -2.677306 -5.32924 -22.906059 2 -4.954197 -22.042179 -3.047332 -6.605053 -20.081547 -1.783984 -5.005093
5 24 -20.081547 -1.783984 -5.005093 -19.145071 -0.890662 -5.822489 -18.408173 -2.826793 -5.391422 -21.396318 2 -4.701553
5 24 -19.145071 -0.890662 -5.822489 -19.020718 -0.520637 -7.302612 -17.82373 -1.618806 -6.127859 -20.150124 2 -5.590455
5 24 -19.020718 -0.520637 -7.302612 -19.78133 -0.890662 -8.578424 -17.846022 -1.11822 -7.574255 -19.89748 2 -7.100196
5 24 -19.78133 -0.890662 -8.578424 -20.98135 -1.783984 -8.902573 -18.461987 -1.618271 -8.883332 -20.786381 2 -8.346391
5 24 -20.98135 -1.783984 -8.902573 -21.917826 -2.677306 -8.085176 -19.310802 -2.826037 -9.288248 -22.296122 2 -8.599033
5 24 -21.917826 -2.677306 -8.085176 -22.042179 -3.047332 -6.605053 -19.895245 -4.034025 -8.551812 -23.542316 2 -7.710133
5 24 -22.042179 -3.047332 -6.605053 -21.281569 -2.677306 -5.32924 -19.872955 -4.534611 -7.105415 -23.79496 2 -6.200392
5 24 -21.281569 -2.677306 -5.32924 -20.081547 -1.783984 -5.005093 -19.256989 -4.03456 -5.796339 -22.906059 2 -4.954197
5 24 -21.396318 2 -4.701553 -20.150124 2 -5.590455 -20.081547 -1.783984 -5.005093 -21.723589 2.941905 -4.625997
5 24 -20.150124 2 -5.590455 -19.89748 2 -7.100196 -19.145071 -0.890662 -5.822489 -20.477394 2.941905 -5.514898
5 24 -19.89748 2 -7.100196 -20.786381 2 -8.346391 -19.020718 -0.520637 -7.302612 -20.224752 2.941905 -7.024639
5 24 -20.786381 2 -8.346391 -22.296122 2 -8.599033 -19.78133 -0.890662 -8.578424 -21.113653 2.941905 -8.270834
5 24 -22.296122 2 -8.599033 -23.542316 2 -7.710133 -20.98135 -1.783984 -8.902573 -22.623394 2.941905 -8.523478
5 24 -23.542316 2 -7.710133 -23.79496 2 -6.200392 -21.917826 -2.677306 -8.085176 -23.869589 2.941905 -7.634576
5 24 -23.79496 2 -6.200392 -22.906059 2 -4.954197 -22.042179 -3.047332 -6.605053 -24.122232 2.941905 -6.124835
5 24 -22.906059 2 -4.954197 -21.396318 2 -4.701553 -21.281569 -2.677306 -5.32924 -23.23333 2.941905 -4.87864
4 16 -16.584383 -2.484965 -6.413934 -19.145071 -0.890662 -5.822489 -20.081547 -1.783984 -5.005093 -16.734756 -3.869097 -5.777762
4 16 -16.787323 -1.911493 -7.818601 -19.020718 -0.520637 -7.302612 -19.145071 -0.890662 -5.822489 -16.584383 -2.484965 -6.413934
4 16 -17.224697 -2.484611 -9.168929 -19.78133 -0.890662 -8.578424 -19.020718 -0.520637 -7.302612 -16.787323 -1.911493 -7.818601
4 16 -17.640297 -3.868596 -9.673914 -20.98135 -1.783984 -8.902573 -19.78133 -0.890662 -8.578424 -17.224697 -2.484611 -9.168929
4 16 -17.79067 -5.252728 -9.037743 -21.917826 -2.677306 -8.085176 -20.98135 -1.783984 -8.902573 -17.640297 -3.868596 -9.673914
4 16 -17.58773 -5.8262 -7.633075 -22.042179 -3.047332 -6.605053 -21.917826 -2.677306 -8.085176 -17.79067 -5.252728 -9.037743
4 16 -17.150356 -5.253082 -6.282746 -21.281569 -2.677306 -5.32924 -22.042179 -3.047332 -6.605053 -17.58773 -5.8262 -7.633075
4 16 -16.734756 -3.869097 -5.777762 -20.081547 -1.783984 -5.005093 -21.281569 -2.677306 -5.32924 -17.150356 -5.253082 -6.282746
5 24 -16.734756 -3.869097 -5.777762 -20.081547 -1.783984 -5.005093 -17.150356 -5.253082 -6.282746 -16.584383 -2.484965 -6.413934
5 24 -16.584383 -2.484965 -6.413934 -19.145071 -0.890662 -5.822489 -16.734756 -3.869097 -5.777762 -16.787323 -1.911493 -7.818601
5 24 -16.787323 -1.911493 -7.818601 -19.020718 -0.520637 -7.302612 -16.584383 -2.484965 -6.413934 -17.224697 -2.484611 -9.168929
5 24 -17.224697 -2.484611 -9.168929 -19.78133 -0.890662 -8.578424 -16.787323 -1.911493 -7.818601 -17.640297 -3.868596 -9.673914
5 24 -17.640297 -3.868596 -9.673914 -20.98135 -1.783984 -8.902573 -17.224697 -2.484611 -9.168929 -17.79067 -5.252728 -9.037743
5 24 -17.79067 -5.252728 -9.037743 -21.917826 -2.677306 -8.085176 -17.640297 -3.868596 -9.673914 -17.58773 -5.8262 -7.633075
5 24 -17.58773 -5.8262 -7.633075 -22.042179 -3.047332 -6.605053 -17.79067 -5.252728 -9.037743 -17.150356 -5.253082 -6.282746
5 24 -17.150356 -5.253082 -6.282746 -21.281569 -2.677306 -5.32924 -17.58773 -5.8262 -7.633075 -16.734756 -3.869097 -5.777762
5 24 -16.734756 -3.869097 -5.777762 -16.584383 -2.484965 -6.413934 -14.738833 -3.589254 -6.245542 -20.081547 -1.783984 -5.005093
5 24 -16.584383 -2.484965 -6.413934 -16.787323 -1.911493 -7.818601 -14.928185 -2.179921 -6.812176 -19.145071 -0.890662 -5.822489
5 24 -16.787323 -1.911493 -7.818601 -17.224697 -2.484611 -9.168929 -15.304375 -1.604762 -8.179955 -19.020718 -0.520637 -7.302612
5 24 -17.224697 -2.484611 -9.168929 -17.640297 -3.868596 -9.673914 -15.647036 -2.200694 -9.547652 -19.78133 -0.890662 -8.578424
5 24 -17.640297 -3.868596 -9.673914 -17.79067 -5.252728 -9.037743 -15.75544 -3.618631 -10.114088 -20.98135 -1.783984 -8.902573
5 24 -17.79067 -5.252728 -9.037743 -17.58773 -5.8262 -7.633075 -15.566088 -5.027964 -9.547454 -21.917826 -2.677306 -8.085176
5 24 -17.58773 -5.8262 -7.633075 -17.150356 -5.253082 -6.282746 -15.189898 -5.603123 -8.179675 -22.042179 -3.047332 -6.605053
5 24 -17.150356 -5.253082 -6.282746 -16.734756 -3.869097 -5.777762 -14.847238 -5.007191 -6.811978 -21.281569 -2.677306 -5.32924
4 16 -13.271584 -1.943314 -7.201759 -16.584383 -2.484965 -6.413934 -16.734756 -3.869097 -5.777762 -12.748253 -3.29653 -6.713824
4 16 -13.815512 -1.407696 -8.528561 -16.787323 -1.911493 -7.818601 -16.584383 -2.484965 -6.413934 -13.271584 -1.943314 -7.201759
4 16 -14.061412 -2.003431 -9.917006 -17.224697 -2.484611 -9.168929 -16.787323 -1.911493 -7.818601 -13.815512 -1.407696 -8.528561
4 16 -13.86524 -3.381548 -10.553761 -17.640297 -3.868596 -9.673914 -17.224697 -2.484611 -9.168929 -14.061412 -2.003431 -9.917006
4 16 -13.341909 -4.734763 -10.065826 -17.79067 -5.252728 -9.037743 -17.640297 -3.868596 -9.673914 -13.86524 -3.381548 -10.553761
4 16 -12.797981 -5.270381 -8.739025 -17.58773 -5.8262 -7.633075 -17.79067 -5.252728 -9.037743 -13.341909 -4.734763 -10.065826
4 16 -12.55208 -4.674646 -7.35058 -17.150356 -5.253082 -6.282746 -17.58773 -5.8262 -7.633075 -12.797981 -5.270381 -8.739025
4 16 -12.748253 -3.29653 -6.713824 -16.734756 -3.869097 -5.777762 -17.150356 -5.253082 -6.282746 -12.55208 -4.674646 -7.35058
5 24 -12.748253 -3.29653 -6.713824 -16.734756 -3.869097 -5.777762 -12.55208 -4.674646 -7.35058 -13.271584 -1.943314 -7.201759
5 24 -13.271584 -1.943314 -7.201759 -16.584383 -2.484965 -6.413934 -12.748253 -3.29653 -6.713824 -13.815512 -1.407696 -8.528561
5 24 -13.815512 -1.407696 -8.528561 -16.787323 -1.911493 -7.818601 -13.271584 -1.943314 -7.201759 -14.061412 -2.003431 -9.917006
5 24 -14.061412 -2.003431 -9.917006 -17.224697 -2.484611 -9.168929 -13.815512 -1.407696 -8.528561 -13.86524 -3.381548 -10.553761
5 24 -13.86524 -3.381548 -10.553761 -17.640297 -3.868596 -9.673914 -14.061412 -2.003431 -9.917006 -13.341909 -4.734763 -10.065826
5 24 -13.341909 -4.734763 -10.065826 -17.79067 -5.252728 -9.037743 -13.86524 -3.381548 -10.553761 -12.797981 -5.270381 -8.739025
5 24 -12.797981 -5.270381 -8.739025 -17.58773 -5.8262 -7.633075 -13.341909 -4.734763 -10.065826 -12.55208 -4.674646 -7.35058
5 24 -12.55208 -4.674646 -7.35058 -17.150356 -5.253082 -6.282746 -12.797981 -5.270381 -8.739025 -12.748253 -3.29653 -6.713824
5 24 -12.748253 -3.29653 -6.713824 -13.271584 -1.943314 -7.201759 -10.905106 -2.453156 -7.392316 -16.734756 -3.869097 -5.777762
5 24 -13.271584 -1.943314 -7.201759 -13.815512 -1.407696 -8.528561 -11.538451 -1.145977 -7.875329 -16.584383 -2.484965 -6.413934
5 24 -13.815512 -1.407696 -8.528561 -14.061412 -2.003431 -9.917006 -12.167226 -0.667576 -9.186405 -16.787323 -1.911493 -7.818601
5 24 -14.061412 -2.003431 -9.917006 -13.86524 -3.381548 -10.553761 -12.423101 -1.298193 -10.557535 -17.224697 -2.484611 -9.168929
5 24 -13.86524 -3.381548 -10.553761 -13.341909 -4.734763 -10.065826 -12.15619 -2.668423 -11.185527 -17.640297 -3.868596 -9.673914
5 24 -13.341909 -4.734763 -10.065826 -12.797981 -5.270381 -8.739025 -11.522844 -3.975603 -10.702515 -17.79067 -5.252728 -9.037743
5 24 -12.797981 -5.270381 -8.739025 -12.55208 -4.674646 -7.35058 -10.89407 -4.454004 -9.391438 -17.58773 -5.8262 -7.633075
5 24 -12.55208 -4.674646 -7.35058 -12.748253 -3.29653 -6.713824 -10.638194 -3.823386 -8.020308 -17.150356 -5.253082 -6.282746
4 16 -9.807193 -0.35189 -8.54746 -13.271584 -1.943314 -7.201759 -12.748253 -3.29653 -6.713824 -9.067533 -1.605675 -8.074098
4 16 -10.516014 0.063839 -9.838927 -13.815512 -1.407696 -8.528561 -13.271584 -1.943314 -7.201759 -9.807193 -0.35189 -8.54746
4 16 -10.77878 -0.602016 -11.191975 -14.061412 -2.003431 -9.917005 -13.815512 -1.407696 -8.528561 -10.516014 0.063839 -9.838927
4 16 -10.441565 -1.959407 -11.814005 -13.86524 -3.381548 -10.553761 -14.061412 -2.003431 -9.917005 -10.77878 -0.602016 -11.191975
4 16 -9.701904 -3.213192 -11.340643 -13.341909 -4.734763 -10.065825 -13.86524 -3.381548 -10.553761 -10.441565 -1.959407 -11.814005
4 16 -8.993083 -3.628921 -10.049175 -12.797981 -5.270381 -8.739025 -13.341909 -4.734763 -10.065825 -9.701904 -3.213192 -11.340643
4 16 -8.730317 -2.963066 -8.696128 -12.552081 -4.674646 -7.35058 -12.797981 -5.270381 -8.739025 -8.993083 -3.628921 -10.049175
4 16 -9.067533 -1.605675 -8.074098 -12.748253 -3.29653 -6.713824 -12.552081 -4.674646 -7.35058 -8.730317 -2.963066 -8.696128
5 24 -9.067533 -1.605675 -8.074098 -12.748253 -3.29653 -6.713824 -8.730317 -2.963066 -8.696128 -9.807193 -0.35189 -8.54746
5 24 -9.807193 -0.35189 -8.54746 -13.271584 -1.943314 -7.201759 -9.067533 -1.605675 -8.074098 -10.516014 0.063839 -9.838927
5 24 -10.516014 0.063839 -9.838927 -13.815512 -1.407696 -8.528561 -9.807193 -0.35189 -8.54746 -10.77878 -0.602016 -11.191975
5 24 -10.77878 -0.602016 -11.191975 -14.061412 -2.003431 -9.917005 -10.516014 0.063839 -9.838927 -10.441565 -1.959407 -11.814005
5 24 -10.441565 -1.959407 -11.814005 -13.86524 -3.381548 -10.553761 -10.77878 -0.602016 -11.191975 -9.701904 -3.213192 -11.340643
5 24 -9.701904 -3.213192 -11.340643 -13.341909 -4.734763 -10.065825 -10.441565 -1.959407 -11.814005 -8.993083 -3.628921 -10.049175
5 24 -8.993083 -3.628921 -10.049175 -12.797981 -5.270381 -8.739025 -9.701904 -3.213192 -11.340643 -8.730317 -2.963066 -8.696128
5 24 -8.730317 -2.963066 -8.696128 -12.552081 -4.674646 -7.35058 -8.993083 -3.628921 -10.049175 -9.067533 -1.605675 -8.074098
5 24 -9.067533 -1.605675 -8.074098 -9.807193 -0.35189 -8.54746 -7.311851 -0.779357 -8.869733 -12.748253 -3.29653 -6.713824
5 24 -9.807193 -0.35189 -8.54746 -10.516014 0.063839 -9.838927 -8.068413 0.449093 -9.381271 -13.271584 -1.943314 -7.201759
5 24 -10.516014 0.063839 -9.838927 -10.77878 -0.602016 -11.191975 -8.794443 0.810039 -10.679634 -13.815512 -1.407696 -8.528561
5 24 -10.77878 -0.602016 -11.191975 -10.441565 -1.959407 -11.814005 -9.064643 0.092046 -12.004256 -14.061412 -2.003431 -9.917006
5 24 -10.441565 -1.959407 -11.814005 -9.701904 -3.213192 -11.340643 -8.720732 -1.284297 -12.579192 -13.86524 -3.381548 -10.553761
5 24 -9.701904 -3.213192 -11.340643 -8.993083 -3.628921 -10.049175 -7.96417 -2.512747 -12.067654 -13.341909 -4.734763 -10.065826
5 24 -8.993083 -3.628921 -10.049175 -8.730317 -2.963066 -8.696128 -7.23814 -2.873693 -10.769291 -12.797981 -5.270381 -8.739025
5 24 -8.730317 -2.963066 -8.696128 -9.067533 -1.605675 -8.074098 -6.96794 -2.1557 -9.444669 -12.55208 -4.674646 -7.35058
5 24 -6.330667 1.248062 -10.216908 -9.067533 -1.605675 -8.074097 -9.807193 -0.35189 -8.54746 -5.557057 0.046502 -9.668339
3 16 -9.067533 -1.605675 -8.074097 -5.557057 0.046502 -9.668339 -6.330667 1.248062 -10.216908
3 16 -6.330667 1.248062 -10.216908 -9.807193 -0.35189 -8.54746 -9.067533 -1.605675 -8.074097
5 24 -7.073445 1.553851 -11.519952 -9.807193 -0.35189 -8.54746 -10.516015 0.063839 -9.838927 -6.330667 1.248062 -10.216908
3 16 -9.807193 -0.35189 -8.54746 -6.330667 1.248062 -10.216908 -7.073445 1.553851 -11.519952
3 16 -7.073445 1.553851 -11.519952 -10.516015 0.063839 -9.838927 -9.807193 -0.35189 -8.54746
5 24 -7.350282 0.784743 -12.814162 -10.516015 0.063839 -9.838927 -10.77878 -0.602016 -11.191975 -7.073445 1.553851 -11.519952
3 16 -10.516015 0.063839 -9.838927 -7.073445 1.553851 -11.519952 -7.350282 0.784743 -12.814162
3 16 -7.350282 0.784743 -12.814162 -10.77878 -0.602016 -11.191975 -10.516015 0.063839 -9.838927
5 24 -6.999011 -0.608729 -13.341409 -10.77878 -0.602016 -11.191975 -10.441565 -1.959407 -11.814005 -7.350282 0.784743 -12.814162
3 16 -10.77878 -0.602016 -11.191975 -7.350282 0.784743 -12.814162 -6.999011 -0.608729 -13.341409
3 16 -6.999011 -0.608729 -13.341409 -10.441565 -1.959407 -11.814005 -10.77878 -0.602016 -11.191975
5 24 -6.225402 -1.810289 -12.792839 -10.441565 -1.959407 -11.814005 -9.701904 -3.213192 -11.340643 -6.999011 -0.608729 -13.341409
3 16 -10.441565 -1.959407 -11.814005 -6.999011 -0.608729 -13.341409 -6.225402 -1.810289 -12.792839
3 16 -6.225402 -1.810289 -12.792839 -9.701904 -3.213192 -11.340643 -10.441565 -1.959407 -11.814005
5 24 -5.482624 -2.116078 -11.489796 -9.701904 -3.213192 -11.340643 -8.993083 -3.628921 -10.049175 -6.225402 -1.810289 -12.792839
3 16 -9.701904 -3.213192 -11.340643 -6.225402 -1.810289 -12.792839 -5.482624 -2.116078 -11.489796
3 16 -5.482624 -2.116078 -11.489796 -8.993083 -3.628921 -10.049175 -9.701904 -3.213192 -11.340643
5 24 -5.205786 -1.34697 -10.195585 -8.993083 -3.628921 -10.049175 -8.730317 -2.963066 -8.696127 -5.482624 -2.116078 -11.489796
3 16 -8.993083 -3.628921 -10.049175 -5.482624 -2.116078 -11.489796 -5.205786 -1.34697 -10.195585
3 16 -5.205786 -1.34697 -10.195585 -8.730317 -2.963066 -8.696127 -8.993083 -3.628921 -10.049175
5 24 -5.557057 0.046502 -9.668339 -8.730317 -2.963066 -8.696127 -9.067533 -1.605675 -8.074097 -5.205786 -1.34697 -10.195585
3 16 -8.730317 -2.963066 -8.696127 -5.205786 -1.34697 -10.195585 -5.557057 0.046502 -9.668339
3 16 -5.557057 0.046502 -9.668339 -9.067533 -1.605675 -8.074097 -8.730317 -2.963066 -8.696127
5 24 -5.557057 0.046502 -9.668339 -9.067533 -1.605675 -8.074097 -5.205786 -1.34697 -10.195585 -6.330667 1.248062 -10.216908
5 24 -6.330667 1.248062 -10.216908 -9.807193 -0.35189 -8.54746 -5.557057 0.046502 -9.668339 -7.073445 1.553851 -11.519952
5 24 -7.073445 1.553851 -11.519952 -10.516015 0.063839 -9.838927 -6.330667 1.248062 -10.216908 -7.350282 0.784743 -12.814162
5 24 -7.350282 0.784743 -12.814162 -10.77878 -0.602016 -11.191975 -7.073445 1.553851 -11.519952 -6.999011 -0.608729 -13.341409
5 24 -6.999011 -0.608729 -13.341409 -10.441565 -1.959407 -11.814005 -7.350282 0.784743 -12.814162 -6.225402 -1.810289 -12.792839
5 24 -6.225402 -1.810289 -12.792839 -9.701904 -3.213192 -11.340643 -6.999011 -0.608729 -13.341409 -5.482624 -2.116078 -11.489796
5 24 -5.482624 -2.116078 -11.489796 -8.993083 -3.628921 -10.049175 -6.225402 -1.810289 -12.792839 -5.205786 -1.34697 -10.195585
5 24 -5.205786 -1.34697 -10.195585 -8.730317 -2.963066 -8.696127 -5.482624 -2.116078 -11.489796 -5.557057 0.046502 -9.668339
5 24 -5.557057 0.046502 -9.668339 -6.330667 1.248062 -10.216908 -2.143921 1.62158 -11.364202 -9.067533 -1.605675 -8.074098
5 24 -6.330667 1.248062 -10.216908 -7.073445 1.553851 -11.519952 -2.937105 2.776903 -11.980023 -9.807193 -0.35189 -8.54746
5 24 -7.073445 1.553851 -11.519952 -7.350282 0.784743 -12.814162 -3.67502 2.999442 -13.302561 -10.516015 0.063839 -9.838927
5 24 -7.350282 0.784743 -12.814162 -6.999011 -0.608729 -13.341409 -3.925405 2.158839 -14.557089 -10.77878 -0.602016 -11.191975
5 24 -6.999011 -0.608729 -13.341409 -6.225402 -1.810289 -12.792839 -3.541588 0.747507 -15.008721 -10.441565 -1.959407 -11.814005
5 24 -6.225402 -1.810289 -12.792839 -5.482624 -2.116078 -11.489796 -2.748404 -0.407815 -14.3929 -9.701904 -3.213192 -11.340643
5 24 -5.482624 -2.116078 -11.489796 -5.205786 -1.34697 -10.195585 -2.010489 -0.630355 -13.070363 -8.993083 -3.628921 -10.049175
5 24 -5.205786 -1.34697 -10.195585 -5.557057 0.046502 -9.668339 -1.760104 0.210248 -11.815835 -8.730317 -2.963066 -8.696128
5 24 0.455867 4.300564 -13.74661 -5.557057 0.046502 -9.668339 -6.330667 1.248062 -10.216908 1.267123 3.195292 -13.065886
3 16 -5.557057 0.046502 -9.668339 1.267123 3.195292 -13.065886 0.455867 4.300564 -13.74661
3 16 0.455867 4.300564 -13.74661 -6.330667 1.248062 -10.216908 -5.557057 0.046502 -9.668339
5 24 -0.275336 4.439075 -15.084258 -6.330667 1.248062 -10.216908 -7.073445 1.553851 -11.519952 0.455867 4.300564 -13.74661
3 16 -6.330667 1.248062 -10.216908 0.455867 4.300564 -13.74661 -0.275336 4.439075 -15.084258
3 16 -0.275336 4.439075 -15.084258 -7.073445 1.553851 -11.519952 -6.330667 1.248062 -10.216908
5 24 -0.498158 3.529688 -16.295254 -7.073445 1.553851 -11.519952 -7.350283 0.784743 -12.814162 -0.275336 4.439075 -15.084258
3 16 -7.073445 1.553851 -11.519952 -0.275336 4.439075 -15.084258 -0.498158 3.529688 -16.295254
3 16 -0.498158 3.529688 -16.295254 -7.350283 0.784743 -12.814162 -7.073445 1.553851 -11.519952
5 24 -0.082072 2.105109 -16.670214 -7.350283 0.784743 -12.814162 -6.999012 -0.608729 -13.341409 -0.498158 3.529688 -16.295254
3 16 -7.350283 0.784743 -12.814162 -0.498158 3.529688 -16.295254 -0.082072 2.105109 -16.670214
3 16 -0.082072 2.105109 -16.670214 -6.999012 -0.608729 -13.341409 -7.350283 0.784743 -12.814162
5 24 0.729183 0.999837 -15.98949 -6.999012 -0.608729 -13.341409 -6.225402 -1.810289 -12.792839 -0.082072 2.105109 -16.670214
3 16 -6.999012 -0.608729 -13.341409 -0.082072 2.105109 -16.670214 0.729183 0.999837 -15.98949
3 16 0.729183 0.999837 -15.98949 -6.225402 -1.810289 -12.792839 -6.999012 -0.608729 -13.341409
5 24 1.460387 0.861327 -14.651841 -6.225402 -1.810289 -12.792839 -5.482624 -2.116078 -11.489796 0.729183 0.999837 -15.98949
3 16 -6.225402 -1.810289 -12.792839 0.729183 0.999837 -15.98949 1.460387 0.861327 -14.651841
3 16 1.460387 0.861327 -14.651841 -5.482624 -2.116078 -11.489796 -6.225402 -1.810289 -12.792839
5 24 1.683209 1.770713 -13.440845 -5.482624 -2.116078 -11.489796 -5.205786 -1.34697 -10.195585 1.460387 0.861327 -14.651841
3 16 -5.482624 -2.116078 -11.489796 1.460387 0.861327 -14.651841 1.683209 1.770713 -13.440845
3 16 1.683209 1.770713 -13.440845 -5.205786 -1.34697 -10.195585 -5.482624 -2.116078 -11.489796
5 24 1.267123 3.195292 -13.065886 -5.205786 -1.34697 -10.195585 -5.557057 0.046502 -9.668339 1.683209 1.770713 -13.440845
3 16 -5.205786 -1.34697 -10.195585 1.683209 1.770713 -13.440845 1.267123 3.195292 -13.065886
3 16 1.267123 3.195292 -13.065886 -5.557057 0.046502 -9.668339 -5.205786 -1.34697 -10.195585
5 24 1.267123 3.195292 -13.065886 -5.557057 0.046502 -9.668339 1.683209 1.770713 -13.440845 0.455867 4.300564 -13.74661
5 24 0.455867 4.300564 -13.74661 -6.330667 1.248062 -10.216908 1.267123 3.195292 -13.065886 -0.275336 4.439075 -15.084258
5 24 -0.275336 4.439075 -15.084258 -7.073445 1.553851 -11.519952 0.455867 4.300564 -13.74661 -0.498158 3.529688 -16.295254
5 24 -0.498158 3.529688 -16.295254 -7.350283 0.784743 -12.814162 -0.275336 4.439075 -15.084258 -0.082072 2.105109 -16.670214
5 24 -0.082072 2.105109 -16.670214 -6.999012 -0.608729 -13.341409 -0.498158 3.529688 -16.295254 0.729183 0.999837 -15.98949
5 24 0.729183 0.999837 -15.98949 -6.225402 -1.810289 -12.792839 -0.082072 2.105109 -16.670214 1.460387 0.861327 -14.651841
5 24 1.460387 0.861327 -14.651841 -5.482624 -2.116078 -11.489796 0.729183 0.999837 -15.98949 1.683209 1.770713 -13.440845
5 24 1.683209 1.770713 -13.440845 -5.205786 -1.34697 -10.195585 1.460387 0.861327 -14.651841 1.267123 3.195292 -13.065886
5 24 1.267123 3.195292 -13.065886 0.455867 4.300564 -13.74661 4.614852 4.783848 -14.854644 -5.557057 0.046502 -9.668339
5 24 0.455867 4.300564 -13.74661 -0.275336 4.439075 -15.084258 3.784213 5.807851 -15.632205 -6.330667 1.248062 -10.216908
5 24 -0.275336 4.439075 -15.084258 -0.498158 3.529688 -16.295254 3.08129 5.823205 -16.991915 -7.073445 1.553851 -11.519952
5 24 -0.498158 3.529688 -16.295254 -0.082072 2.105109 -16.670214 2.917847 4.820914 -18.137274 -7.350282 0.784743 -12.814162
5 24 -0.082072 2.105109 -16.670214 0.729183 0.999837 -15.98949 3.389627 3.388108 -18.397345 -6.999011 -0.608729 -13.341409
5 24 0.729183 0.999837 -15.98949 1.460387 0.861327 -14.651841 4.220266 2.364105 -17.619785 -6.225402 -1.810289 -12.792839
5 24 1.460387 0.861327 -14.651841 1.683209 1.770713 -13.440845 4.923189 2.348752 -16.260075 -5.482624 -2.116078 -11.489796
5 24 1.683209 1.770713 -13.440845 1.267123 3.195292 -13.065886 5.086632 3.351042 -15.114716 -5.205786 -1.34697 -10.195585
5 24 7.113343 7.302795 -17.524445 1.267123 3.195292 -13.065886 0.455867 4.300564 -13.74661 7.958335 6.367515 -16.65589
3 16 1.267123 3.195292 -13.065886 7.958335 6.367515 -16.65589 7.113343 7.302795 -17.524445
3 16 7.113343 7.302795 -17.524445 0.455867 4.300564 -13.74661 1.267123 3.195292 -13.065886
5 24 6.443273 7.194765 -18.896481 0.455867 4.300564 -13.74661 -0.275336 4.439075 -15.084258 7.113343 7.302795 -17.524445
3 16 0.455867 4.300564 -13.74661 7.113343 7.302795 -17.524445 6.443273 7.194765 -18.896481
3 16 6.443273 7.194765 -18.896481 -0.275336 4.439075 -15.084258 0.455867 4.300564 -13.74661
5 24 6.340643 6.10671 -19.968277 -0.275336 4.439075 -15.084258 -0.498158 3.529688 -16.295254 6.443273 7.194765 -18.896481
3 16 -0.275336 4.439075 -15.084258 6.443273 7.194765 -18.896481 6.340643 6.10671 -19.968277
3 16 6.340643 6.10671 -19.968277 -0.498158 3.529688 -16.295254 -0.275336 4.439075 -15.084258
5 24 6.865572 4.675996 -20.11199 -0.498158 3.529688 -16.295254 -0.082072 2.105109 -16.670214 6.340643 6.10671 -19.968277
3 16 -0.498158 3.529688 -16.295254 6.340643 6.10671 -19.968277 6.865572 4.675996 -20.11199
3 16 6.865572 4.675996 -20.11199 -0.082072 2.105109 -16.670214 -0.498158 3.529688 -16.295254
5 24 7.710564 3.740716 -19.243437 -0.082072 2.105109 -16.670214 0.729183 0.999837 -15.98949 6.865572 4.675996 -20.11199
3 16 -0.082072 2.105109 -16.670214 6.865572 4.675996 -20.11199 7.710564 3.740716 -19.243437
3 16 7.710564 3.740716 -19.243437 0.729183 0.999837 -15.98949 -0.082072 2.105109 -16.670214
5 24 8.380634 3.848746 -17.871401 0.729183 0.999837 -15.98949 1.460387 0.861326 -14.651841 7.710564 3.740716 -19.243437
3 16 0.729183 0.999837 -15.98949 7.710564 3.740716 -19.243437 8.380634 3.848746 -17.871401
3 16 8.380634 3.848746 -17.871401 1.460387 0.861326 -14.651841 0.729183 0.999837 -15.98949
5 24 8.483265 4.936801 -16.799603 1.460387 0.861326 -14.651841 1.683209 1.770713 -13.440845 8.380634 3.848746 -17.871401
3 16 1.460387 0.861326 -14.651841 8.380634 3.848746 -17.871401 8.483265 4.936801 -16.799603
3 16 8.483265 4.936801 -16.799603 1.683209 1.770713 -13.440845 1.460387 0.861326 -14.651841
5 24 7.958335 6.367515 -16.65589 1.683209 1.770713 -13.440845 1.267123 3.195292 -13.065886 8.483265 4.936801 -16.799603
3 16 1.683209 1.770713 -13.440845 8.483265 4.936801 -16.799603 7.958335 6.367515 -16.65589
3 16 7.958335 6.367515 -16.65589 1.267123 3.195292 -13.065886 1.683209 1.770713 -13.440845
5 24 7.958335 6.367515 -16.65589 1.267123 3.195292 -13.065886 8.483265 4.936801 -16.799603 7.113343 7.302795 -17.524445
5 24 7.113343 7.302795 -17.524445 0.455867 4.300564 -13.74661 7.958335 6.367515 -16.65589 6.443273 7.194765 -18.896481
5 24 6.443273 7.194765 -18.896481 -0.275336 4.439075 -15.084258 7.113343 7.302795 -17.524445 6.340643 6.10671 -19.968277
5 24 6.340643 6.10671 -19.968277 -0.498158 3.529688 -16.295254 6.443273 7.194765 -18.896481 6.865572 4.675996 -20.11199
5 24 6.865572 4.675996 -20.11199 -0.082072 2.105109 -16.670214 6.340643 6.10671 -19.968277 7.710564 3.740716 -19.243437
5 24 7.710564 3.740716 -19.243437 0.729183 0.999837 -15.98949 6.865572 4.675996 -20.11199 8.380634 3.848746 -17.871401
5 24 8.380634 3.848746 -17.871401 1.460387 0.861326 -14.651841 7.710564 3.740716 -19.243437 8.483265 4.936801 -16.799603
5 24 8.483265 4.936801 -16.799603 1.683209 1.770713 -13.440845 8.380634 3.848746 -17.871401 7.958335 6.367515 -16.65589
5 24 7.958335 6.367515 -16.65589 7.113343 7.302795 -17.524445 9.594856 7.193958 -17.594912 1.267123 3.195292 -13.065886
5 24 7.113343 7.302795 -17.524445 6.443273 7.194765 -18.896481 8.743083 8.049929 -18.535627 0.455867 4.300564 -13.74661
5 24 6.443273 7.194765 -18.896481 6.340643 6.10671 -19.968277 8.107365 7.840101 -19.91221 -0.275336 4.439075 -15.084258
5 24 6.340643 6.10671 -19.968277 6.865572 4.675996 -20.11199 8.060095 6.687391 -20.918278 -0.498158 3.529688 -16.295254
5 24 6.865572 4.675996 -20.11199 7.710564 3.740716 -19.243437 8.628965 5.26704 -20.964487 -0.082072 2.105109 -16.670214
5 24 7.710564 3.740716 -19.243437 8.380634 3.848746 -17.871401 9.480739 4.411069 -20.023773 0.729183 0.999837 -15.98949
5 24 8.380634 3.848746 -17.871401 8.483265 4.936801 -16.799603 10.116458 4.620897 -18.64719 1.460387 0.861326 -14.651841
5 24 8.483265 4.936801 -16.799603 7.958335 6.367515 -16.65589 10.163727 5.773607 -17.641123 1.683209 1.770713 -13.440845
5 24 10.37436 8.787977 -19.550344 7.958335 6.367515 -16.65589 7.113343 7.302794 -17.524445 11.229013 8.015653 -18.542263
3 16 7.958335 6.367515 -16.65589 11.229013 8.015653 -18.542263 10.37436 8.787977 -19.550344
3 16 10.37436 8.787977 -19.550344 7.113343 7.302794 -17.524445 7.958335 6.367515 -16.65589
5 24 9.775993 8.477338 -20.92461 7.113343 7.302794 -17.524445 6.443273 7.194765 -18.896481 10.37436 8.787977 -19.550344
3 16 7.113343 7.302794 -17.524445 10.37436 8.787977 -19.550344 9.775993 8.477338 -20.92461
3 16 9.775993 8.477338 -20.92461 6.443273 7.194765 -18.896481 7.113343 7.302794 -17.524445
5 24 9.784428 7.265704 -21.860035 6.443273 7.194765 -18.896481 6.340642 6.10671 -19.968277 9.775993 8.477338 -20.92461
3 16 6.443273 7.194765 -18.896481 9.775993 8.477338 -20.92461 9.784428 7.265704 -21.860035
3 16 9.784428 7.265704 -21.860035 6.340642 6.10671 -19.968277 6.443273 7.194765 -18.896481
5 24 10.394724 5.862833 -21.808657 6.340642 6.10671 -19.968277 6.865572 4.675996 -20.11199 9.784428 7.265704 -21.860035
3 16 6.340642 6.10671 -19.968277 9.784428 7.265704 -21.860035 10.394724 5.862833 -21.808657
3 16 10.394724 5.862833 -21.808657 6.865572 4.675996 -20.11199 6.340642 6.10671 -19.968277
5 24 11.249377 5.090508 -20.800575 6.865572 4.675996 -20.11199 7.710564 3.740716 -19.243437 10.394724 5.862833 -21.808657
3 16 6.865572 4.675996 -20.11199 10.394724 5.862833 -21.808657 11.249377 5.090508 -20.800575
3 16 11.249377 5.090508 -20.800575 7.710564 3.740716 -19.243437 6.865572 4.675996 -20.11199
5 24 11.847744 5.401148 -19.42631 7.710564 3.740716 -19.243437 8.380634 3.848746 -17.871401 11.249377 5.090508 -20.800575
3 16 7.710564 3.740716 -19.243437 11.249377 5.090508 -20.800575 11.847744 5.401148 -19.42631
3 16 11.847744 5.401148 -19.42631 8.380634 3.848746 -17.871401 7.710564 3.740716 -19.243437
5 24 11.83931 6.612782 -18.490885 8.380634 3.848746 -17.871401 8.483265 4.936801 -16.799603 11.847744 5.401148 -19.42631
3 16 8.380634 3.848746 -17.871401 11.847744 5.401148 -19.42631 11.83931 6.612782 -18.490885
3 16 11.83931 6.612782 -18.490885 8.483265 4.936801 -16.799603 8.380634 3.848746 -17.871401
5 24 11.229013 8.015653 -18.542263 8.483265 4.936801 -16.799603 7.958335 6.367515 -16.65589 11.83931 6.612782 -18.490885
3 16 8.483265 4.936801 -16.799603 11.83931 6.612782 -18.490885 11.229013 8.015653 -18.542263
3 16 11.229013 8.015653 -18.542263 7.958335 6.367515 -16.65589 8.483265 4.936801 -16.799603
5 24 11.229013 8.015653 -18.542263 7.958335 6.367515 -16.65589 11.83931 6.612782 -18.490885 10.37436 8.787977 -19.550344
5 24 10.37436 8.787977 -19.550344 7.113343 7.302794 -17.524445 11.229013 8.015653 -18.542263 9.775993 8.477338 -20.92461
5 24 9.775993 8.477338 -20.92461 6.443273 7.194765 -18.896481 10.37436 8.787977 -19.550344 9.784428 7.265704 -21.860035
5 24 9.784428 7.265704 -21.860035 6.340642 6.10671 -19.968277 9.775993 8.477338 -20.92461 10.394724 5.862833 -21.808657
5 24 10.394724 5.862833 -21.808657 6.865572 4.675996 -20.11199 9.784428 7.265704 -21.860035 11.249377 5.090508 -20.800575
5 24 11.249377 5.090508 -20.800575 7.710564 3.740716 -19.243437 10.394724 5.862833 -21.808657 11.847744 5.401148 -19.42631
5 24 11.847744 5.401148 -19.42631 8.380634 3.848746 -17.871401 11.249377 5.090508 -20.800575 11.83931 6.612782 -18.490885
5 24 11.83931 6.612782 -18.490885 8.483265 4.936801 -16.799603 11.847744 5.401148 -19.42631 11.229013 8.015653 -18.542263
5 24 11.229013 8.015653 -18.542263 10.37436 8.787977 -19.550344 12.670422 8.711416 -19.377014 7.958335 6.367515 -16.65589
5 24 10.37436 8.787977 -19.550344 9.775993 8.477338 -20.92461 11.816351 9.420868 -20.430765 7.113343 7.302794 -17.524445
5 24 9.775993 8.477338 -20.92461 9.784428 7.265704 -21.860035 11.247275 9.038421 -21.799353 6.443273 7.194765 -18.896481
5 24 9.784428 7.265704 -21.860035 10.394724 5.862833 -21.808657 11.29655 7.788109 -22.681078 6.340642 6.10671 -19.968277
5 24 10.394724 5.862833 -21.808657 11.249377 5.090508 -20.800575 11.935311 6.402348 -22.559437 6.865572 4.675996 -20.11199
5 24 11.249377 5.090508 -20.800575 11.847744 5.401148 -19.42631 12.789381 5.692897 -21.505686 7.710564 3.740716 -19.243437
5 24 11.847744 5.401148 -19.42631 11.83931 6.612782 -18.490885 13.358457 6.075344 -20.137098 8.380634 3.848746 -17.871401
5 24 11.83931 6.612782 -18.490885 11.229013 8.015653 -18.542263 13.309182 7.325655 -19.255373 8.483265 4.936801 -16.799603
5 24 13.259477 10.048902 -21.312511 11.229013 8.015653 -18.542263 10.37436 8.787977 -19.550344 14.110891 9.404204 -20.215878
3 16 11.229013 8.015653 -18.542263 14.110891 9.404204 -20.215878 13.259477 10.048902 -21.312511
3 16 13.259477 10.048902 -21.312511 10.37436 8.787977 -19.550344 11.229013 8.015653 -18.542263
5 24 12.721099 9.595612 -22.67186 10.37436 8.787977 -19.550344 9.775993 8.477338 -20.92461 13.259477 10.048902 -21.312511
3 16 10.37436 8.787977 -19.550344 13.259477 10.048902 -21.312511 12.721099 9.595612 -22.67186
3 16 12.721099 9.595612 -22.67186 9.775993 8.477338 -20.92461 10.37436 8.787977 -19.550344
5 24 12.811132 8.309867 -23.497633 9.775993 8.477338 -20.92461 9.784428 7.265703 -21.860035 12.721099 9.595612 -22.67186
3 16 9.775993 8.477338 -20.92461 12.721099 9.595612 -22.67186 12.811132 8.309867 -23.497633
3 16 12.811132 8.309867 -23.497633 9.784428 7.265703 -21.860035 9.775993 8.477338 -20.92461
5 24 13.476836 6.944839 -23.306103 9.784428 7.265703 -21.860035 10.394724 5.862833 -21.808657 12.811132 8.309867 -23.497633
3 16 9.784428 7.265703 -21.860035 12.811132 8.309867 -23.497633 13.476836 6.944839 -23.306103
3 16 13.476836 6.944839 -23.306103 10.394724 5.862833 -21.808657 9.784428 7.265703 -21.860035
5 24 14.328251 6.300142 -22.209469 10.394724 5.862833 -21.808657 11.249377 5.090508 -20.800575 13.476836 6.944839 -23.306103
3 16 10.394724 5.862833 -21.808657 13.476836 6.944839 -23.306103 14.328251 6.300142 -22.209469
3 16 14.328251 6.300142 -22.209469 11.249377 5.090508 -20.800575 10.394724 5.862833 -21.808657
5 24 14.866628 6.753432 -20.850122 11.249377 5.090508 -20.800575 11.847744 5.401147 -19.42631 14.328251 6.300142 -22.209469
3 16 11.249377 5.090508 -20.800575 14.328251 6.300142 -22.209469 14.866628 6.753432 -20.850122
3 16 14.866628 6.753432 -20.850122 11.847744 5.401147 -19.42631 11.249377 5.090508 -20.800575
5 24 14.776595 8.039177 -20.024349 11.847744 5.401147 -19.42631 11.83931 6.612782 -18.490885 14.866628 6.753432 -20.850122
3 16 11.847744 5.401147 -19.42631 14.866628 6.753432 -20.850122 14.776595 8.039177 -20.024349
3 16 14.776595 8.039177 -20.024349 11.83931 6.612782 -18.490885 11.847744 5.401147 -19.42631
5 24 14.110891 9.404204 -20.215878 11.83931 6.612782 -18.490885 11.229013 8.015653 -18.542263 14.776595 8.039177 -20.024349
3 16 11.83931 6.612782 -18.490885 14.776595 8.039177 -20.024349 14.110891 9.404204 -20.215878
3 16 14.110891 9.404204 -20.215878 11.229013 8.015653 -18.542263 11.83931 6.612782 -18.490885
5 24 14.110891 9.404204 -20.215878 11.229013 8.015653 -18.542263 14.776595 8.039177 -20.024349 13.259477 10.048902 -21.312511
5 24 13.259477 10.048902 -21.312511 10.37436 8.787977 -19.550344 14.110891 9.404204 -20.215878 12.721099 9.595612 -22.67186
5 24 12.721099 9.595612 -22.67186 9.775993 8.477338 -20.92461 13.259477 10.048902 -21.312511 12.811132 8.309867 -23.497633
5 24 12.811132 8.309867 -23.497633 9.784428 7.265703 -21.860035 12.721099 9.595612 -22.67186 13.476836 6.944839 -23.306103
5 24 13.476836 6.944839 -23.306103 10.394724 5.862833 -21.808657 12.811132 8.309867 -23.497633 14.328251 6.300142 -22.209469
5 24 14.328251 6.300142 -22.209469 11.249377 5.090508 -20.800575 13.476836 6.944839 -23.306103 14.866628 6.753432 -20.850122
5 24 14.866628 6.753432 -20.850122 11.847744 5.401147 -19.42631 14.328251 6.300142 -22.209469 14.776595 8.039177 -20.024349
5 24 14.776595 8.039177 -20.024349 11.83931 6.612782 -18.490885 14.866628 6.753432 -20.850122 14.110891 9.404204 -20.215878
5 24 14.110891 9.404204 -20.215878 13.259477 10.048902 -21.312511 15.755102 10.176113 -21.176445 11.229013 8.015653 -18.542263
5 24 13.259477 10.048902 -21.312511 12.721099 9.595612 -22.67186 14.908732 10.752459 -22.314264 10.37436 8.787977 -19.550344
5 24 12.721099 9.595612 -22.67186 12.811132 8.309867 -23.497633 14.40355 10.227564 -23.660526 9.775993 8.477338 -20.92461
5 24 12.811132 8.309867 -23.497633 13.476836 6.944839 -23.306103 14.535483 8.908907 -24.426611 9.784428 7.265704 -21.860035
5 24 13.476836 6.944839 -23.306103 14.328251 6.300142 -22.209469 15.227249 7.56894 -24.163754 10.394724 5.862833 -21.808657
5 24 14.328251 6.300142 -22.209469 14.866628 6.753432 -20.850122 16.07362 6.992595 -23.025934 11.249377 5.090508 -20.800575
5 24 14.866628 6.753432 -20.850122 14.776595 8.039177 -20.024349 16.578802 7.517489 -21.679672 11.847744 5.401147 -19.42631
5 24 14.776595 8.039177 -20.024349 14.110891 9.404204 -20.215878 16.446869 8.836146 -20.913588 11.83931 6.612782 -18.490885
5 24 16.559465 11.450835 -23.316931 14.110891 9.404204 -20.215878 13.259477 10.048902 -21.312511 17.398609 10.944467 -22.141102
3 16 14.110891 9.404204 -20.215878 17.398609 10.944467 -22.141102 16.559465 11.450835 -23.316931
3 16 16.559465 11.450835 -23.316931 13.259477 10.048902 -21.312511 14.110891 9.404204 -20.215878
5 24 16.088795 10.855746 -24.646399 13.259477 10.048902 -21.312511 12.721099 9.595612 -22.67186 16.559465 11.450835 -23.316931
3 16 13.259477 10.048902 -21.312511 16.559465 11.450835 -23.316931 16.088795 10.855746 -24.646399
3 16 16.088795 10.855746 -24.646399 12.721099 9.595612 -22.67186 13.259477 10.048902 -21.312511
5 24 16.262308 9.507796 -25.350721 12.721099 9.595612 -22.67186 12.811132 8.309867 -23.497633 16.088795 10.855746 -24.646399
3 16 12.721099 9.595612 -22.67186 16.088795 10.855746 -24.646399 16.262308 9.507796 -25.350721
3 16 16.262308 9.507796 -25.350721 12.811132 8.309867 -23.497633 12.721099 9.595612 -22.67186
5 24 16.978367 8.196596 -25.017315 12.811132 8.309867 -23.497633 13.476836 6.944839 -23.306103 16.262308 9.507796 -25.350721
3 16 12.811132 8.309867 -23.497633 16.262308 9.507796 -25.350721 16.978367 8.196596 -25.017315
3 16 16.978367 8.196596 -25.017315 13.476836 6.944839 -23.306103 12.811132 8.309867 -23.497633
5 24 17.817511 7.690228 -23.841486 13.476836 6.944839 -23.306103 14.328251 6.300142 -22.209469 16.978367 8.196596 -25.017315
3 16 13.476836 6.944839 -23.306103 16.978367 8.196596 -25.017315 17.817511 7.690228 -23.841486
3 16 17.817511 7.690228 -23.841486 14.328251 6.300142 -22.209469 13.476836 6.944839 -23.306103
5 24 18.288183 8.285316 -22.512018 14.328251 6.300142 -22.209469 14.866628 6.753432 -20.850122 17.817511 7.690228 -23.841486
3 16 14.328251 6.300142 -22.209469 17.817511 7.690228 -23.841486 18.288183 8.285316 -22.512018
3 16 18.288183 8.285316 -22.512018 14.866628 6.753432 -20.850122 14.328251 6.300142 -22.209469
5 24 18.114668 9.633266 -21.807695 14.866628 6.753432 -20.850122 14.776595 8.039177 -20.024349 18.288183 8.285316 -22.512018
3 16 14.866628 6.753432 -20.850122 18.288183 8.285316 -22.512018 18.114668 9.633266 -21.807695
3 16 18.114668 9.633266 -21.807695 14.776595 8.039177 -20.024349 14.866628 6.753432 -20.850122
5 24 17.398609 10.944467 -22.141102 14.776595 8.039177 -20.024349 14.110891 9.404204 -20.215878 18.114668 9.633266 -21.807695
3 16 14.776595 8.039177 -20.024349 18.114668 9.633266 -21.807695 17.398609 10.944467 -22.141102
3 16 17.398609 10.944467 -22.141102 14.110891 9.404204 -20.215878 14.776595 8.039177 -20.024349
5 24 17.398609 10.944467 -22.141102 14.110891 9.404204 -20.215878 18.114668 9.633266 -21.807695 16.559465 11.450835 -23.316931
5 24 16.559465 11.450835 -23.316931 13.259477 10.048902 -21.312511 17.398609 10.944467 -22.141102 16.088795 10.855746 -24.646399
5 24 16.088795 10.855746 -24.646399 12.721099 9.595612 -22.67186 16.559465 11.450835 -23.316931 16.262308 9.507796 -25.350721
5 24 16.262308 9.507796 -25.350721 12.811132 8.309867 -23.497633 16.088795 10.855746 -24.646399 16.978367 8.196596 -25.017315
5 24 16.978367 8.196596 -25.017315 13.476836 6.944839 -23.306103 16.262308 9.507796 -25.350721 17.817511 7.690228 -23.841486
5 24 17.817511 7.690228 -23.841486 14.328251 6.300142 -22.209469 16.978367 8.196596 -25.017315 18.288183 8.285316 -22.512018
5 24 18.288183 8.285316 -22.512018 14.866628 6.753432 -20.850122 17.817511 7.690228 -23.841486 18.114668 9.633266 -21.807695
5 24 18.114668 9.633266 -21.807695 14.776595 8.039177 -20.024349 18.288183 8.285316 -22.512018 17.398609 10.944467 -22.141102
5 24 17.398609 10.944467 -22.141102 16.559465 11.450835 -23.316931 19.040766 11.703221 -23.115496 14.110891 9.404204 -20.215878
5 24 16.559465 11.450835 -23.316931 16.088795 10.855746 -24.646399 18.211231 12.137729 -24.326374 13.259477 10.048902 -21.312511
5 24 16.088795 10.855746 -24.646399 16.262308 9.507796 -25.350721 17.776657 11.473609 -25.635281 12.721099 9.595612 -22.67186
5 24 16.262308 9.507796 -25.350721 16.978367 8.196596 -25.017315 17.99161 10.099895 -26.275476 12.811132 8.309867 -23.497633
5 24 16.978367 8.196596 -25.017315 17.817511 7.690228 -23.841486 18.730175 8.82129 -25.871944 13.476836 6.944839 -23.306103
5 24 17.817511 7.690228 -23.841486 18.288183 8.285316 -22.512018 19.559708 8.386782 -24.661068 14.328251 6.300142 -22.209469
5 24 18.288183 8.285316 -22.512018 18.114668 9.633266 -21.807695 19.994282 9.050902 -23.35216 14.866628 6.753432 -20.850122
5 24 18.114668 9.633266 -21.807695 17.398609 10.944467 -22.141102 19.779329 10.424616 -22.711964 14.776595 8.039177 -20.024349
5 24 19.864759 12.819385 -25.336227 17.398609 10.944467 -22.141102 16.559465 11.450835 -23.316931 20.682516 12.457992 -24.093725
3 16 17.398609 10.944467 -22.141102 20.682516 12.457992 -24.093725 19.864759 12.819385 -25.336227
3 16 19.864759 12.819385 -25.336227 16.559465 11.450835 -23.316931 17.398609 10.944467 -22.141102
5 24 19.467417 12.088047 -26.620911 16.559465 11.450835 -23.316931 16.088795 10.855746 -24.646399 19.864759 12.819385 -25.336227
3 16 16.559465 11.450835 -23.316931 19.864759 12.819385 -25.336227 19.467417 12.088047 -26.620911
3 16 19.467417 12.088047 -26.620911 16.088795 10.855746 -24.646399 16.559465 11.450835 -23.316931
5 24 19.723246 10.692389 -27.195225 16.088795 10.855746 -24.646399 16.262308 9.507796 -25.350721 19.467417 12.088047 -26.620911
3 16 16.088795 10.855746 -24.646399 19.467417 12.088047 -26.620911 19.723246 10.692389 -27.195225
3 16 19.723246 10.692389 -27.195225 16.262308 9.507796 -25.350721 16.088795 10.855746 -24.646399
5 24 20.482386 9.449966 -26.722742 16.262308 9.507796 -25.350721 16.978367 8.196596 -25.017315 19.723246 10.692389 -27.195225
3 16 16.262308 9.507796 -25.350721 19.723246 10.692389 -27.195225 20.482386 9.449966 -26.722742
3 16 20.482386 9.449966 -26.722742 16.978367 8.196596 -25.017315 16.262308 9.507796 -25.350721
5 24 21.300142 9.088574 -25.480238 16.978367 8.196596 -25.017315 17.817511 7.690228 -23.841486 20.482386 9.449966 -26.722742
3 16 16.978367 8.196596 -25.017315 20.482386 9.449966 -26.722742 21.300142 9.088574 -25.480238
3 16 21.300142 9.088574 -25.480238 17.817511 7.690228 -23.841486 16.978367 8.196596 -25.017315
5 24 21.697485 9.819911 -24.195555 17.817511 7.690228 -23.841486 18.288183 8.285316 -22.512018 21.300142 9.088574 -25.480238
3 16 17.817511 7.690228 -23.841486 21.300142 9.088574 -25.480238 21.697485 9.819911 -24.195555
3 16 21.697485 9.819911 -24.195555 18.288183 8.285316 -22.512018 17.817511 7.690228 -23.841486
5 24 21.441656 11.215569 -23.621241 18.288183 8.285316 -22.512018 18.114668 9.633266 -21.807695 21.697485 9.819911 -24.195555
3 16 18.288183 8.285316 -22.512018 21.697485 9.819911 -24.195555 21.441656 11.215569 -23.621241
3 16 21.441656 11.215569 -23.621241 18.114668 9.633266 -21.807695 18.288183 8.285316 -22.512018
5 24 20.682516 12.457992 -24.093725 18.114668 9.633266 -21.807695 17.398609 10.944467 -22.141102 21.441656 11.215569 -23.621241
3 16 18.114668 9.633266 -21.807695 21.441656 11.215569 -23.621241 20.682516 12.457992 -24.093725
3 16 20.682516 12.457992 -24.093725 17.398609 10.944467 -22.141102 18.114668 9.633266 -21.807695
5 24 20.682516 12.457992 -24.093725 17.398609 10.944467 -22.141102 21.441656 11.215569 -23.621241 19.864759 12.819385 -25.336227
5 24 19.864759 12.819385 -25.336227 16.559465 11.450835 -23.316931 20.682516 12.457992 -24.093725 19.467417 12.088047 -26.620911
5 24 19.467417 12.088047 -26.620911 16.088795 10.855746 -24.646399 19.864759 12.819385 -25.336227 19.723246 10.692389 -27.195225
5 24 19.723246 10.692389 -27.195225 16.262308 9.507796 -25.350721 19.467417 12.088047 -26.620911 20.482386 9.449966 -26.722742
5 24 20.482386 9.449966 -26.722742 16.978367 8.196596 -25.017315 19.723246 10.692389 -27.195225 21.300142 9.088574 -25.480238
5 24 21.300142 9.088574 -25.480238 17.817511 7.690228 -23.841486 20.482386 9.449966 -26.722742 21.697485 9.819911 -24.195555
5 24 21.697485 9.819911 -24.195555 18.288183 8.285316 -22.512018 21.300142 9.088574 -25.480238 21.441656 11.215569 -23.621241
5 24 21.441656 11.215569 -23.621241 18.114668 9.633266 -21.807695 21.697485 9.819911 -24.195555 20.682516 12.457992 -24.093725
5 24 20.682516 12.457992 -24.093725 19.864759 12.819385 -25.336227 22.325409 13.200969 -25.079023 17.398609 10.944467 -22.141102
5 24 19.864759 12.819385 -25.336227 19.467417 12.088047 -26.620911 21.521494 13.489353 -26.349339 16.559465 11.450835 -23.316931
5 24 19.467417 12.088047 -26.620911 19.723246 10.692389 -27.195225 21.161821 12.693733 -27.606625 16.088795 10.855746 -24.646399
5 24 19.723246 10.692389 -27.195225 20.482386 9.449966 -26.722742 21.457081 11.280174 -28.114384 16.262308 9.507796 -25.350721
5 24 20.482386 9.449966 -26.722742 21.300142 9.088574 -25.480238 22.234316 10.076719 -27.575172 16.978367 8.196596 -25.017315
5 24 21.300142 9.088574 -25.480238 21.697485 9.819911 -24.195555 23.038231 9.788335 -26.304857 17.817511 7.690228 -23.841486
5 24 21.697485 9.819911 -24.195555 21.441656 11.215569 -23.621241 23.397903 10.583955 -25.047569 18.288183 8.285316 -22.512018
5 24 21.441656 11.215569 -23.621241 20.682516 12.457992 -24.093725 23.102644 11.997514 -24.539812 18.114668 9.633266 -21.807695
5 24 23.180172 14.154305 -27.362341 20.682516 12.457992 -24.093725 19.864759 12.819385 -25.336227 23.96822 13.939758 -26.067699
3 16 20.682516 12.457992 -24.093725 23.96822 13.939758 -26.067699 23.180172 14.154305 -27.362341
3 16 23.180172 14.154305 -27.362341 19.864759 12.819385 -25.336227 20.682516 12.457992 -24.093725
5 24 22.859055 13.296514 -28.588808 19.864759 12.819385 -25.336227 19.467417 12.088047 -26.620911 23.180172 14.154305 -27.362341
3 16 19.864759 12.819385 -25.336227 23.180172 14.154305 -27.362341 22.859055 13.296514 -28.588808
3 16 22.859055 13.296514 -28.588808 19.467417 12.088047 -26.620911 19.864759 12.819385 -25.336227
5 24 23.192974 11.868866 -29.028656 19.467417 12.088047 -26.620911 19.723246 10.692389 -27.195225 22.859055 13.296514 -28.588808
3 16 19.467417 12.088047 -26.620911 22.859055 13.296514 -28.588808 23.192974 11.868866 -29.028656
3 16 23.192974 11.868866 -29.028656 19.723246 10.692389 -27.195225 19.467417 12.088047 -26.620911
5 24 23.986328 10.70766 -28.424225 19.723246 10.692389 -27.195225 20.482386 9.449966 -26.722742 23.192974 11.868866 -29.028656
3 16 19.723246 10.692389 -27.195225 23.192974 11.868866 -29.028656 23.986328 10.70766 -28.424225
3 16 23.986328 10.70766 -28.424225 20.482386 9.449966 -26.722742 19.723246 10.692389 -27.195225
5 24 24.774378 10.493112 -27.129585 20.482386 9.449966 -26.722742 21.300142 9.088574 -25.480238 23.986328 10.70766 -28.424225
3 16 20.482386 9.449966 -26.722742 23.986328 10.70766 -28.424225 24.774378 10.493112 -27.129585
3 16 24.774378 10.493112 -27.129585 21.300142 9.088574 -25.480238 20.482386 9.449966 -26.722742
5 24 25.095495 11.350904 -25.903116 21.300142 9.088574 -25.480238 21.697485 9.819911 -24.195555 24.774378 10.493112 -27.129585
3 16 21.300142 9.088574 -25.480238 24.774378 10.493112 -27.129585 25.095495 11.350904 -25.903116
3 16 25.095495 11.350904 -25.903116 21.697485 9.819911 -24.195555 21.300142 9.088574 -25.480238
5 24 24.761574 12.778551 -25.46327 21.697485 9.819911 -24.195555 21.441656 11.215569 -23.621241 25.095495 11.350904 -25.903116
3 16 21.697485 9.819911 -24.195555 25.095495 11.350904 -25.903116 24.761574 12.778551 -25.46327
3 16 24.761574 12.778551 -25.46327 21.441656 11.215569 -23.621241 21.697485 9.819911 -24.195555
5 24 23.96822 13.939758 -26.067699 21.441656 11.215569 -23.621241 20.682516 12.457992 -24.093725 24.761574 12.778551 -25.46327
3 16 21.441656 11.215569 -23.621241 24.761574 12.778551 -25.46327 23.96822 13.939758 -26.067699
3 16 23.96822 13.939758 -26.067699 20.682516 12.457992 -24.093725 21.441656 11.215569 -23.621241
5 24 23.96822 13.939758 -26.067699 20.682516 12.457992 -24.093725 24.761574 12.778551 -25.46327 23.180172 14.154305 -27.362341
5 24 23.180172 14.154305 -27.362341 19.864759 12.819385 -25.336227 23.96822 13.939758 -26.067699 22.859055 13.296514 -28.588808
5 24 22.859055 13.296514 -28.588808 19.467417 12.088047 -26.620911 23.180172 14.154305 -27.362341 23.192974 11.868866 -29.028656
5 24 23.192974 11.868866 -29.028656 19.723246 10.692389 -27.195225 22.859055 13.296514 -28.588808 23.986328 10.70766 -28.424225
5 24 23.986328 10.70766 -28.424225 20.482386 9.449966 -26.722742 23.192974 11.868866 -29.028656 24.774378 10.493112 -27.129585
5 24 24.774378 10.493112 -27.129585 21.300142 9.088574 -25.480238 23.986328 10.70766 -28.424225 25.095495 11.350904 -25.903116
5 24 25.095495 11.350904 -25.903116 21.697485 9.819911 -24.195555 24.774378 10.493112 -27.129585 24.761574 12.778551 -25.46327
5 24 24.761574 12.778551 -25.46327 21.441656 11.215569 -23.621241 25.095495 11.350904 -25.903116 23.96822 13.939758 -26.067699
5 24 23.96822 13.939758 -26.067699 23.180172 14.154305 -27.362341 25.616098 14.66513 -27.061506 20.682516 12.457992 -24.093725
5 24 23.180172 14.154305 -27.362341 22.859055 13.296514 -28.588808 24.845449 14.80792 -28.376366 19.864759 12.819385 -25.336227
5 24 22.859055 13.296514 -28.588808 23.192974 11.868866 -29.028656 24.561325 13.891917 -29.569412 19.467417 12.088047 -26.620911
5 24 23.192974 11.868866 -29.028656 23.986328 10.70766 -28.424225 24.930161 12.453705 -29.941774 19.723246 10.692389 -27.195225
5 24 23.986328 10.70766 -28.424225 24.774378 10.493112 -27.129585 25.735897 11.335769 -29.275328 20.482386 9.449966 -26.722742
5 24 24.774378 10.493112 -27.129585 25.095495 11.350904 -25.903116 26.506546 11.192979 -27.960466 21.300142 9.088574 -25.480238
5 24 25.095495 11.350904 -25.903116 24.761574 12.778551 -25.46327 26.79067 12.108981 -26.76742 21.697485 9.819911 -24.195555
5 24 24.761574 12.778551 -25.46327 23.96822 13.939758 -26.067699 26.421835 13.547194 -26.395058 21.441656 11.215569 -23.621241
5 24 26.512695 15.45695 -29.389816 23.96822 13.939758 -26.067699 23.18017 14.154305 -27.362341 27.264219 15.386355 -28.058134
3 16 23.96822 13.939758 -26.067699 27.264219 15.386355 -28.058134 26.512695 15.45695 -29.389816
3 16 26.512695 15.45695 -29.389816 23.18017 14.154305 -27.362341 23.96822 13.939758 -26.067699
5 24 26.266134 14.484984 -30.546377 23.18017 14.154305 -27.362341 22.859055 13.296514 -28.588808 26.512695 15.45695 -29.389816
3 16 23.18017 14.154305 -27.362341 26.512695 15.45695 -29.389816 26.266134 14.484984 -30.546377
3 16 26.266134 14.484984 -30.546377 22.859055 13.296514 -28.588808 23.18017 14.154305 -27.362341
5 24 26.668966 13.039824 -30.850325 22.859055 13.296514 -28.588808 23.192974 11.868866 -29.028656 26.266134 14.484984 -30.546377
3 16 22.859055 13.296514 -28.588808 26.266134 14.484984 -30.546377 26.668966 13.039824 -30.850325
3 16 26.668966 13.039824 -30.850325 23.192974 11.868866 -29.028656 22.859055 13.296514 -28.588808
5 24 27.485222 11.968024 -30.123606 23.192974 11.868866 -29.028656 23.986328 10.70766 -28.424225 26.668966 13.039824 -30.850325
3 16 23.192974 11.868866 -29.028656 26.668966 13.039824 -30.850325 27.485222 11.968024 -30.123606
3 16 27.485222 11.968024 -30.123606 23.986328 10.70766 -28.424225 23.192974 11.868866 -29.028656
5 24 28.236746 11.897429 -28.791924 23.986328 10.70766 -28.424225 24.774378 10.493112 -27.129585 27.485222 11.968024 -30.123606
3 16 23.986328 10.70766 -28.424225 27.485222 11.968024 -30.123606 28.236746 11.897429 -28.791924
3 16 28.236746 11.897429 -28.791924 24.774378 10.493112 -27.129585 23.986328 10.70766 -28.424225
5 24 28.483307 12.869395 -27.635363 24.774378 10.493112 -27.129585 25.095495 11.350904 -25.903116 28.236746 11.897429 -28.791924
3 16 24.774378 10.493112 -27.129585 28.236746 11.897429 -28.791924 28.483307 12.869395 -27.635363
3 16 28.483307 12.869395 -27.635363 25.095495 11.350904 -25.903116 24.774378 10.493112 -27.129585
5 24 28.080475 14.314556 -27.331415 25.095495 11.350904 -25.903116 24.761574 12.778551 -25.46327 28.483307 12.869395 -27.635363
3 16 25.095495 11.350904 -25.903116 28.483307 12.869395 -27.635363 28.080475 14.314556 -27.331415
3 16 28.080475 14.314556 -27.331415 24.761574 12.778551 -25.46327 25.095495 11.350904 -25.903116
5 24 27.264219 15.386355 -28.058134 24.761574 12.778551 -25.46327 23.96822 13.939758 -26.067699 28.080475 14.314556 -27.331415
3 16 24.761574 12.778551 -25.46327 28.080475 14.314556 -27.331415 27.264219 15.386355 -28.058134
3 16 27.264219 15.386355 -28.058134 23.96822 13.939758 -26.067699 24.761574 12.778551 -25.46327
5 24 27.264219 15.386355 -28.058134 23.96822 13.939758 -26.067699 28.080475 14.314556 -27.331415 26.512695 15.45695 -29.389816
5 24 26.512695 15.45695 -29.389816 23.18017 14.154305 -27.362341 27.264219 15.386355 -28.058134 26.266134 14.484984 -30.546377
5 24 26.266134 14.484984 -30.546377 22.859055 13.296514 -28.588808 26.512695 15.45695 -29.389816 26.668966 13.039824 -30.850325
5 24 26.668966 13.039824 -30.850325 23.192974 11.868866 -29.028656 26.266134 14.484984 -30.546377 27.485222 11.968024 -30.123606
5 24 27.485222 11.968024 -30.123606 23.986328 10.70766 -28.424225 26.668966 13.039824 -30.850325 28.236746 11.897429 -28.791924
5 24 28.236746 11.897429 -28.791924 24.774378 10.493112 -27.129585 27.485222 11.968024 -30.123606 28.483307 12.869395 -27.635363
5 24 28.483307 12.869395 -27.635363 25.095495 11.350904 -25.903116 28.236746 11.897429 -28.791924 28.080475 14.314556 -27.331415
5 24 28.080475 14.314556 -27.331415 24.761574 12.778551 -25.46327 28.483307 12.869395 -27.635363 27.264219 15.386355 -28.058134
5 24 27.264219 15.386355 -28.058134 26.512695 15.45695 -29.389816 30.606295 16.762701 -30.018517 23.96822 13.939758 -26.067699
5 24 26.512695 15.45695 -29.389816 26.266134 14.484984 -30.546377 29.884398 16.734221 -31.368034 23.180172 14.154305 -27.362341
5 24 26.266134 14.484984 -30.546377 26.668966 13.039824 -30.850325 29.687807 15.688571 -32.46854 22.859055 13.296514 -28.588808
5 24 26.668966 13.039824 -30.850325 27.485222 11.968024 -30.123606 30.131685 14.238282 -32.675377 23.192974 11.868866 -29.028656
5 24 27.485222 11.968024 -30.123606 28.236746 11.897429 -28.791924 30.956013 13.232913 -31.867378 23.986328 10.70766 -28.424225
5 24 28.236746 11.897429 -28.791924 28.483307 12.869395 -27.635363 31.677912 13.261395 -30.51786 24.774378 10.493112 -27.129585
5 24 28.483307 12.869395 -27.635363 28.080475 14.314556 -27.331415 31.8745 14.307043 -29.417353 25.095495 11.350904 -25.903116
5 24 28.080475 14.314556 -27.331415 27.264219 15.386355 -28.058134 31.430624 15.757333 -29.210518 24.761574 12.778551 -25.46327
5 24 33.260071 18.003124 -33.344112 27.264219 15.386355 -28.058134 26.512695 15.45695 -29.389816 33.9496 18.130802 -31.983454
3 16 27.264219 15.386355 -28.058134 33.9496 18.130802 -31.983454 33.260071 18.003124 -33.344112
3 16 33.260071 18.003124 -33.344112 26.512695 15.45695 -29.389816 27.264219 15.386355 -28.058134
5 24 33.113869 16.888573 -34.383125 26.512695 15.45695 -29.389816 26.266134 14.484984 -30.546377 33.260071 18.003124 -33.344112
3 16 26.512695 15.45695 -29.389816 33.260071 18.003124 -33.344112 33.113869 16.888573 -34.383125
3 16 33.113869 16.888573 -34.383125 26.266134 14.484984 -30.546377 26.512695 15.45695 -29.389816
5 24 33.596638 15.440035 -34.491848 26.266134 14.484984 -30.546377 26.668966 13.039824 -30.850325 33.113869 16.888573 -34.383125
3 16 26.266134 14.484984 -30.546377 33.113869 16.888573 -34.383125 33.596638 15.440035 -34.491848
3 16 33.596638 15.440035 -34.491848 26.668966 13.039824 -30.850325 26.266134 14.484984 -30.546377
5 24 34.425575 14.506047 -33.606594 26.668966 13.039824 -30.850325 27.485222 11.968024 -30.123606 33.596638 15.440035 -34.491848
3 16 26.668966 13.039824 -30.850325 33.596638 15.440035 -34.491848 34.425575 14.506047 -33.606594
3 16 34.425575 14.506047 -33.606594 27.485222 11.968024 -30.123606 26.668966 13.039824 -30.850325
5 24 35.115105 14.633725 -32.245937 27.485222 11.968024 -30.123606 28.236746 11.897429 -28.791924 34.425575 14.506047 -33.606594
3 16 27.485222 11.968024 -30.123606 34.425575 14.506047 -33.606594 35.115105 14.633725 -32.245937
3 16 35.115105 14.633725 -32.245937 28.236746 11.897429 -28.791924 27.485222 11.968024 -30.123606
5 24 35.261307 15.748278 -31.206926 28.236746 11.897429 -28.791924 28.483307 12.869395 -27.635363 35.115105 14.633725 -32.245937
3 16 28.236746 11.897429 -28.791924 35.115105 14.633725 -32.245937 35.261307 15.748278 -31.206926
3 16 35.261307 15.748278 -31.206926 28.483307 12.869395 -27.635363 28.236746 11.897429 -28.791924
5 24 34.778538 17.196815 -31.098202 28.483307 12.869395 -27.635363 28.080475 14.314556 -27.331415 35.261307 15.748278 -31.206926
3 16 28.483307 12.869395 -27.635363 35.261307 15.748278 -31.206926 34.778538 17.196815 -31.098202
3 16 34.778538 17.196815 -31.098202 28.080475 14.314556 -27.331415 28.483307 12.869395 -27.635363
5 24 33.9496 18.130802 -31.983454 28.080475 14.314556 -27.331415 27.264219 15.386355 -28.058134 34.778538 17.196815 -31.098202
3 16 28.080475 14.314556 -27.331415 34.778538 17.196815 -31.098202 33.9496 18.130802 -31.983454
3 16 33.9496 18.130802 -31.983454 27.264219 15.386355 -28.058134 28.080475 14.314556 -27.331415
5 24 33.9496 18.130802 -31.983454 27.264219 15.386355 -28.058134 34.778538 17.196815 -31.098202 33.260071 18.003124 -33.344112
5 24 33.260071 18.003124 -33.344112 26.512695 15.45695 -29.389816 33.9496 18.130802 -31.983454 33.113869 16.888573 -34.383125
5 24 33.113869 16.888573 -34.383125 26.266134 14.484984 -30.546377 33.260071 18.003124 -33.344112 33.596638 15.440035 -34.491848
5 24 33.596638 15.440035 -34.491848 26.668966 13.039824 -30.850325 33.113869 16.888573 -34.383125 34.425575 14.506047 -33.606594
5 24 34.425575 14.506047 -33.606594 27.485222 11.968024 -30.123606 33.596638 15.440035 -34.491848 35.115105 14.633725 -32.245937
5 24 35.115105 14.633725 -32.245937 28.236746 11.897429 -28.791924 34.425575 14.506047 -33.606594 35.261307 15.748278 -31.206926
5 24 35.261307 15.748278 -31.206926 28.483307 12.869395 -27.635363 35.115105 14.633725 -32.245937 34.778538 17.196815 -31.098202
5 24 34.778538 17.196815 -31.098202 28.080475 14.314556 -27.331415 35.261307 15.748278 -31.206926 33.9496 18.130802 -31.983454
5 24 33.9496 18.130802 -31.983454 33.260071 18.003124 -33.344112 37.328411 19.419641 -33.981468 27.264219 15.386355 -28.058134
5 24 33.260071 18.003124 -33.344112 33.113869 16.888573 -34.383125 36.681351 19.175518 -35.347065 26.512695 15.45695 -29.389816
5 24 33.113869 16.888573 -34.383125 33.596638 15.440035 -34.491848 36.586884 17.983265 -36.302448 26.266134 14.484984 -30.546377
5 24 33.596638 15.440035 -34.491848 34.425575 14.506047 -33.606594 37.100346 16.54129 -36.287968 26.668966 13.039824 -30.850325
5 24 34.425575 14.506047 -33.606594 35.115105 14.633725 -32.245937 37.920963 15.694283 -35.312099 27.485222 11.968024 -30.123606
5 24 35.115105 14.633725 -32.245937 35.261307 15.748278 -31.206926 38.568024 15.938407 -33.946503 28.236746 11.897429 -28.791924
5 24 35.261307 15.748278 -31.206926 34.778538 17.196815 -31.098202 38.662495 17.130659 -32.991119 28.483307 12.869395 -27.635363
5 24 34.778538 17.196815 -31.098202 33.9496 18.130802 -31.983454 38.149029 18.572636 -33.005604 28.080475 14.314556 -27.331415
5 24 40.108311 20.336428 -37.344963 33.9496 18.130802 -31.983454 33.260071 18.003124 -33.344112 40.710552 20.696108 -35.984417
3 16 33.9496 18.130802 -31.983454 40.710552 20.696108 -35.984417 40.108311 20.336428 -37.344963
3 16 40.108311 20.336428 -37.344963 33.260071 18.003124 -33.344112 33.9496 18.130802 -31.983454
5 24 40.064602 19.074093 -38.209686 33.260071 18.003124 -33.344112 33.113869 16.888573 -34.383125 40.108311 20.336428 -37.344963
3 16 33.260071 18.003124 -33.344112 40.108311 20.336428 -37.344963 40.064602 19.074093 -38.209686
3 16 40.064602 19.074093 -38.209686 33.113869 16.888573 -34.383125 33.260071 18.003124 -33.344112
5 24 40.605034 17.648563 -38.072048 33.113869 16.888573 -34.383125 33.596638 15.440035 -34.491848 40.064602 19.074093 -38.209686
3 16 33.113869 16.888573 -34.383125 40.064602 19.074093 -38.209686 40.605034 17.648563 -38.072048
3 16 40.605034 17.648563 -38.072048 33.596638 15.440035 -34.491848 33.113869 16.888573 -34.383125
5 24 41.413025 16.894894 -37.012669 33.596638 15.440035 -34.491848 34.425575 14.506047 -33.606594 40.605034 17.648563 -38.072048
3 16 33.596638 15.440035 -34.491848 40.605034 17.648563 -38.072048 41.413025 16.894894 -37.012669
3 16 41.413025 16.894894 -37.012669 34.425575 14.506047 -33.606594 33.596638 15.440035 -34.491848
5 24 42.015266 17.254574 -35.652126 34.425575 14.506047 -33.606594 35.115105 14.633724 -32.245937 41.413025 16.894894 -37.012669
3 16 34.425575 14.506047 -33.606594 41.413025 16.894894 -37.012669 42.015266 17.254574 -35.652126
3 16 42.015266 17.254574 -35.652126 35.115105 14.633724 -32.245937 34.425575 14.506047 -33.606594
5 24 42.058971 18.516909 -34.787399 35.115105 14.633724 -32.245937 35.261307 15.748278 -31.206926 42.015266 17.254574 -35.652126
3 16 35.115105 14.633724 -32.245937 42.015266 17.254574 -35.652126 42.058971 18.516909 -34.787399
3 16 42.058971 18.516909 -34.787399 35.261307 15.748278 -31.206926 35.115105 14.633724 -32.245937
5 24 41.518543 19.942438 -34.925041 35.261307 15.748278 -31.206926 34.778538 17.196815 -31.098202 42.058971 18.516909 -34.787399
3 16 35.261307 15.748278 -31.206926 42.058971 18.516909 -34.787399 41.518543 19.942438 -34.925041
3 16 41.518543 19.942438 -34.925041 34.778538 17.196815 -31.098202 35.261307 15.748278 -31.206926
5 24 40.710552 20.696108 -35.984417 34.778538 17.196815 -31.098202 33.9496 18.130802 -31.983454 41.518543 19.942438 -34.925041
3 16 34.778538 17.196815 -31.098202 41.518543 19.942438 -34.925041 40.710552 20.696108 -35.984417
3 16 40.710552 20.696108 -35.984417 33.9496 18.130802 -31.983454 34.778538 17.196815 -31.098202
5 24 40.710552 20.696108 -35.984417 33.9496 18.130802 -31.983454 41.518543 19.942438 -34.925041 40.108311 20.336428 -37.344963
5 24 40.108311 20.336428 -37.344963 33.260071 18.003124 -33.344112 40.710552 20.696108 -35.984417 40.064602 19.074093 -38.209686
5 24 40.064602 19.074093 -38.209686 33.113869 16.888573 -34.383125 40.108311 20.336428 -37.344963 40.605034 17.648563 -38.072048
5 24 40.605034 17.648563 -38.072048 33.596638 15.440035 -34.491848 40.064602 19.074093 -38.209686 41.413025 16.894894 -37.012669
5 24 41.413025 16.894894 -37.012669 34.425575 14.506047 -33.606594 40.605034 17.648563 -38.072048 42.015266 17.254574 -35.652126
5 24 42.015266 17.254574 -35.652126 35.115105 14.633724 -32.245937 41.413025 16.894894 -37.012669 42.058971 18.516909 -34.787399
5 24 42.058971 18.516909 -34.787399 35.261307 15.748278 -31.206926 42.015266 17.254574 -35.652126 41.518543 19.942438 -34.925041
5 24 41.518543 19.942438 -34.925041 34.778538 17.196815 -31.098202 42.058971 18.516909 -34.787399 40.710552 20.696108 -35.984417
5 24 40.710552 20.696108 -35.984417 40.108311 20.336428 -37.344963 42.535545 21.261578 -37.036327 33.9496 18.130802 -31.983454
5 24 40.108311 20.336428 -37.344963 40.064602 19.074093 -38.209686 41.907688 20.820982 -38.361023 33.260071 18.003124 -33.344112
5 24 40.064602 19.074093 -38.209686 40.605034 17.648563 -38.072048 41.814301 19.49955 -39.127995 33.113869 16.888573 -34.383125
5 24 40.605034 17.648563 -38.072048 41.413025 16.894894 -37.012669 42.310085 18.07136 -38.887959 33.596638 15.440035 -34.491848
5 24 41.413025 16.894894 -37.012669 42.015266 17.254574 -35.652126 43.104622 17.373026 -37.781525 34.425575 14.506047 -33.606594
5 24 42.015266 17.254574 -35.652126 42.058971 18.516909 -34.787399 43.732475 17.813622 -36.456829 35.115105 14.633724 -32.245937
5 24 42.058971 18.516909 -34.787399 41.518543 19.942438 -34.925041 43.825863 19.135054 -35.689861 35.261307 15.748278 -31.206926
5 24 41.518543 19.942438 -34.925041 40.710552 20.696108 -35.984417 43.330078 20.563244 -35.929893 34.778538 17.196815 -31.098202
5 24 43.704731 21.296398 -39.374313 40.710552 20.696108 -35.984417 40.108311 20.336428 -37.344963 44.360405 21.814112 -38.091656
3 16 40.710552 20.696108 -35.984417 44.360405 21.814112 -38.091656 43.704731 21.296398 -39.374313
3 16 43.704731 21.296398 -39.374313 40.108311 20.336428 -37.344963 40.710552 20.696108 -35.984417
5 24 43.560825 19.925018 -40.038963 40.108311 20.336428 -37.344963 40.064602 19.074093 -38.209686 43.704731 21.296398 -39.374313
3 16 40.108311 20.336428 -37.344963 43.704731 21.296398 -39.374313 43.560825 19.925018 -40.038963
3 16 43.560825 19.925018 -40.038963 40.064602 19.074093 -38.209686 40.108311 20.336428 -37.344963
5 24 44.012993 18.503311 -39.696262 40.064602 19.074093 -38.209686 40.605034 17.648563 -38.072048 43.560825 19.925018 -40.038963
3 16 40.064602 19.074093 -38.209686 43.560825 19.925018 -40.038963 44.012993 18.503311 -39.696262
3 16 44.012993 18.503311 -39.696262 40.605034 17.648563 -38.072048 40.064602 19.074093 -38.209686
5 24 44.796352 17.864094 -38.546959 40.605034 17.648563 -38.072048 41.413025 16.894894 -37.012669 44.012993 18.503311 -39.696262
3 16 40.605034 17.648563 -38.072048 44.012993 18.503311 -39.696262 44.796352 17.864094 -38.546959
3 16 44.796352 17.864094 -38.546959 41.413025 16.894894 -37.012669 40.605034 17.648563 -38.072048
5 24 45.452026 18.381809 -37.264305 41.413025 16.894894 -37.012669 42.015266 17.254574 -35.652126 44.796352 17.864094 -38.546959
3 16 41.413025 16.894894 -37.012669 44.796352 17.864094 -38.546959 45.452026 18.381809 -37.264305
3 16 45.452026 18.381809 -37.264305 42.015266 17.254574 -35.652126 41.413025 16.894894 -37.012669
5 24 45.595928 19.753189 -36.599655 42.015266 17.254574 -35.652126 42.058971 18.516909 -34.787399 45.452026 18.381809 -37.264305
3 16 42.015266 17.254574 -35.652126 45.452026 18.381809 -37.264305 45.595928 19.753189 -36.599655
3 16 45.595928 19.753189 -36.599655 42.058971 18.516909 -34.787399 42.015266 17.254574 -35.652126
5 24 45.143764 21.174894 -36.942356 42.058971 18.516909 -34.787399 41.518543 19.942438 -34.925041 45.595928 19.753189 -36.599655
3 16 42.058971 18.516909 -34.787399 45.595928 19.753189 -36.599655 45.143764 21.174894 -36.942356
3 16 45.143764 21.174894 -36.942356 41.518543 19.942438 -34.925041 42.058971 18.516909 -34.787399
5 24 44.360405 21.814112 -38.091656 41.518543 19.942438 -34.925041 40.710552 20.696108 -35.984417 45.143764 21.174894 -36.942356
3 16 41.518543 19.942438 -34.925041 45.143764 21.174894 -36.942356 44.360405 21.814112 -38.091656
3 16 44.360405 21.814112 -38.091656 40.710552 20.696108 -35.984417 41.518543 19.942438 -34.925041
5 24 44.360405 21.814112 -38.091656 40.710552 20.696108 -35.984417 45.143764 21.174894 -36.942356 43.704731 21.296398 -39.374313
5 24 43.704731 21.296398 -39.374313 40.108311 20.336428 -37.344963 44.360405 21.814112 -38.091656 43.560825 19.925018 -40.038963
5 24 43.560825 19.925018 -40.038963 40.064602 19.074093 -38.209686 43.704731 21.296398 -39.374313 44.012993 18.503311 -39.696262
5 24 44.012993 18.503311 -39.696262 40.605034 17.648563 -38.072048 43.560825 19.925018 -40.038963 44.796352 17.864094 -38.546959
5 24 44.796352 17.864094 -38.546959 41.413025 16.894894 -37.012669 44.012993 18.503311 -39.696262 45.452026 18.381809 -37.264305
5 24 45.452026 18.381809 -37.264305 42.015266 17.254574 -35.652126 44.796352 17.864094 -38.546959 45.595928 19.753189 -36.599655
5 24 45.595928 19.753189 -36.599655 42.058971 18.516909 -34.787399 45.452026 18.381809 -37.264305 45.143764 21.174894 -36.942356
5 24 45.143764 21.174894 -36.942356 41.518543 19.942438 -34.925041 45.595928 19.753189 -36.599655 44.360405 21.814112 -38.091656
5 24 44.360405 21.814112 -38.091656 43.704731 21.296398 -39.374313 45.955532 21.911077 -39.132244 40.710552 20.696108 -35.984417
5 24 43.704731 21.296398 -39.374313 43.560825 19.925018 -40.038963 45.02182 21.351555 -40.208469 40.108311 20.336428 -37.344963
5 24 43.560825 19.925018 -40.038963 44.012993 18.503311 -39.696262 44.699043 19.953184 -40.740932 40.064602 19.074093 -38.209686
5 24 44.012993 18.503311 -39.696262 44.796352 17.864094 -38.546959 45.176277 18.53511 -40.417725 40.605034 17.648563 -38.072048
5 24 44.796352 17.864094 -38.546959 45.452026 18.381809 -37.264305 46.173969 17.928026 -39.428177 41.413025 16.894894 -37.012669
5 24 45.452026 18.381809 -37.264305 45.595928 19.753189 -36.599655 47.107681 18.487549 -38.351952 42.015266 17.254574 -35.652126
5 24 45.595928 19.753189 -36.599655 45.143764 21.174894 -36.942356 47.430458 19.88592 -37.819489 42.058971 18.516909 -34.787399
5 24 45.143764 21.174894 -36.942356 44.360405 21.814112 -38.091656 46.953224 21.303993 -38.142693 41.518543 19.942438 -34.925041
5 24 46.370037 21.420351 -41.007694 44.360405 21.814112 -38.091656 43.704731 21.296398 -39.374313 47.531048 21.999374 -40.195328
3 16 44.360405 21.814112 -38.091656 47.531048 21.999374 -40.195328 46.370037 21.420351 -41.007694
3 16 46.370037 21.420351 -41.007694 43.704731 21.296398 -39.374313 44.360405 21.814112 -38.091656
5 24 45.900894 20.009304 -41.371002 43.704731 21.296398 -39.374313 43.560825 19.925018 -40.038963 46.370037 21.420351 -41.007694
3 16 43.704731 21.296398 -39.374313 46.370037 21.420351 -41.007694 45.900894 20.009304 -41.371002
3 16 45.900894 20.009304 -41.371002 43.560825 19.925018 -40.038963 43.704731 21.296398 -39.374313
4 16 46.398426 18.592806 -41.072437 44.012993 18.503311 -39.696262 43.560825 19.925018 -40.038963 45.900894 20.009304 -41.371002
4 16 47.571198 18.000626 -40.286892 44.796352 17.864094 -38.546959 44.012993 18.503311 -39.696262 46.398426 18.592806 -41.072437
4 16 48.732204 18.579649 -39.474525 45.452026 18.381809 -37.264305 44.796352 17.864094 -38.546959 47.571198 18.000626 -40.286892
4 16 49.201351 19.990696 -39.111217 45.595928 19.753189 -36.599655 45.452026 18.381809 -37.264305 48.732204 18.579649 -39.474525
4 16 48.703815 21.407194 -39.409782 45.143764 21.174894 -36.942356 45.595928 19.753189 -36.599655 49.201351 19.990696 -39.111217
4 16 47.531048 21.999374 -40.195328 44.360405 21.814112 -38.091656 45.143764 21.174894 -36.942356 48.703815 21.407194 -39.409782
5 24 47.531048 21.999374 -40.195328 44.360405 21.814112 -38.091656 48.703815 21.407194 -39.409782 46.370037 21.420351 -41.007694
5 24 46.370037 21.420351 -41.007694 43.704731 21.296398 -39.374313 47.531048 21.999374 -40.195328 45.900894 20.009304 -41.371002
5 24 45.900894 20.009304 -41.371002 43.560825 19.925018 -40.038963 46.370037 21.420351 -41.007694 46.398426 18.592806 -41.072437
5 24 46.398426 18.592806 -41.072437 44.012993 18.503311 -39.696262 45.900894 20.009304 -41.371002 47.571198 18.000626 -40.286892
5 24 47.571198 18.000626 -40.286892 44.796352 17.864094 -38.546959 46.398426 18.592806 -41.072437 48.732204 18.579649 -39.474525
5 24 48.732204 18.579649 -39.474525 45.452026 18.381809 -37.264305 47.571198 18.000626 -40.286892 49.201351 19.990696 -39.111217
5 24 49.201351 19.990696 -39.111217 45.595928 19.753189 -36.599655 48.732204 18.579649 -39.474525 48.703815 21.407194 -39.409782
5 24 48.703815 21.407194 -39.409782 45.143764 21.174894 -36.942356 49.201351 19.990696 -39.111217 47.531048 21.999374 -40.195328
5 24 47.531048 21.999374 -40.195328 46.370037 21.420351 -41.007694 47.947632 21.999836 -42.152405 44.360405 21.814112 -38.091656
5 24 46.370037 21.420351 -41.007694 45.900894 20.009304 -41.371002 46.556438 21.413635 -42.405571 43.704731 21.296398 -39.374313
5 24 45.900894 20.009304 -41.371002 46.398426 18.592806 -41.072437 45.98317 19.999344 -42.525116 43.560825 19.925018 -40.038963
5 24 46.398426 18.592806 -41.072437 47.571198 18.000626 -40.286892 46.563637 18.585438 -42.441013 44.012993 18.503311 -39.696262
5 24 47.571198 18.000626 -40.286892 48.732204 18.579649 -39.474525 47.957813 18.000164 -42.202526 44.796352 17.864094 -38.546959
5 24 48.732204 18.579649 -39.474525 49.201351 19.990696 -39.111217 49.349007 18.586365 -41.949364 45.452026 18.381809 -37.264305
5 24 49.201351 19.990696 -39.111217 48.703815 21.407194 -39.409782 49.922276 20.000656 -41.829819 45.595928 19.753189 -36.599655
5 24 48.703815 21.407194 -39.409782 47.531048 21.999374 -40.195328 49.341808 21.414562 -41.913921 45.143764 21.174894 -36.942356
4 16 46.984413 21.414213 -43.7626 46.370037 21.420351 -41.007694 47.531048 21.999374 -40.195328 48.354321 22 -44.113823
4 16 46.416981 20 -43.617119 45.900894 20.009304 -41.371002 46.370037 21.420351 -41.007694 46.984413 21.414213 -43.7626
4 16 46.984413 18.585787 -43.7626 46.398426 18.592806 -41.072437 45.900894 20.009304 -41.371002 46.416981 20 -43.617119
4 16 48.354321 18 -44.113823 47.571198 18.000626 -40.286888 46.398426 18.592806 -41.072437 46.984413 18.585787 -43.7626
4 16 49.724228 18.585787 -44.465046 48.732204 18.579649 -39.474525 47.571198 18.000626 -40.286888 48.354321 18 -44.113823
4 16 50.29166 20 -44.610531 49.201351 19.990696 -39.111217 48.732204 18.579649 -39.474525 49.724228 18.585787 -44.465046
4 16 49.724228 21.414213 -44.465046 48.703815 21.407194 -39.409782 49.201351 19.990696 -39.111217 50.29166 20 -44.610531
4 16 48.354321 22 -44.113823 47.531048 21.999374 -40.195328 48.703815 21.407194 -39.409782 49.724228 21.414213 -44.465046
5 24 48.354321 22 -44.113823 47.531048 21.999374 -40.195328 49.724228 21.414213 -44.465046 46.984413 21.414213 -43.7626
5 24 46.984413 21.414213 -43.7626 46.370037 21.420351 -41.007694 48.354321 22 -44.113823 46.416981 20 -43.617119
5 24 46.416981 20 -43.617119 45.900894 20.009304 -41.371002 46.984413 21.414213 -43.7626 46.984413 18.585787 -43.7626
5 24 46.984413 18.585787 -43.7626 46.398426 18.592806 -41.072437 46.416981 20 -43.617119 48.354321 18 -44.113823
5 24 48.354321 18 -44.113823 47.571198 18.000626 -40.286888 46.984413 18.585787 -43.7626 49.724228 18.585787 -44.465046
5 24 49.724228 18.585787 -44.465046 48.732204 18.579649 -39.474525 48.354321 18 -44.113823 50.29166 20 -44.610531
5 24 50.29166 20 -44.610531 49.201351 19.990696 -39.111217 49.724228 18.585787 -44.465046 49.724228 21.414213 -44.465046
5 24 49.724228 21.414213 -44.465046 48.703815 21.407194 -39.409782 50.29166 20 -44.610531 48.354321 22 -44.113823
5 24 48.354321 22 -44.113823 46.984413 21.414213 -43.7626 47.071289 22 -45.617275 47.531048 21.999374 -40.195328
5 24 46.984413 21.414213 -43.7626 46.416981 20 -43.617119 45.995441 21.414213 -44.699368 46.370037 21.420351 -41.007694
5 24 46.416981 20 -43.617119 46.984413 18.585787 -43.7626 45.549812 20 -44.31916 45.900894 20.009304 -41.371002
5 24 46.984413 18.585787 -43.7626 48.354321 18 -44.113823 45.995441 18.585787 -44.699368 46.398426 18.592806 -41.072437
5 24 48.354321 18 -44.113823 49.724228 18.585787 -44.465046 47.071289 18 -45.617275 47.571198 18.000626 -40.286892
5 24 49.724228 18.585787 -44.465046 50.29166 20 -44.610531 48.147137 18.585787 -46.535179 48.732204 18.579649 -39.474525
5 24 50.29166 20 -44.610531 49.724228 21.414213 -44.465046 48.59277 20 -46.91539 49.201351 19.990696 -39.111217
5 24 49.724228 21.414213 -44.465046 48.354321 22 -44.113823 48.147137 21.414213 -46.535179 48.703815 21.407194 -39.409782
4 16 45.225723 21.414213 -45.823208 46.984413 21.414213 -43.7626 48.354321 22 -44.113823 45.788258 22 -47.120728
4 16 44.992714 20 -45.285755 46.416981 20 -43.617119 46.984413 21.414213 -43.7626 45.225723 21.414213 -45.823208
4 16 45.225723 18.585787 -45.823208 46.984413 18.585787 -43.7626 46.416981 20 -43.617119 44.992714 20 -45.285755
4 16 45.788258 18 -47.120728 48.354321 18 -44.113823 46.984413 18.585787 -43.7626 45.225723 18.585787 -45.823208
4 16 46.350792 18.585787 -48.418247 49.724228 18.585787 -44.465046 48.354321 18 -44.113823 45.788258 18 -47.120728
4 16 46.583801 20 -48.955696 50.29166 20 -44.610531 49.724228 18.585787 -44.465046 46.350792 18.585787 -48.418247
4 16 46.350792 21.414213 -48.418247 49.724228 21.414213 -44.465046 50.29166 20 -44.610531 46.583801 20 -48.955696
4 16 45.788258 22 -47.120728 48.354321 22 -44.113823 49.724228 21.414213 -44.465046 46.350792 21.414213 -48.418247
5 24 45.788258 22 -47.120728 48.354321 22 -44.113823 46.350792 21.414213 -48.418247 45.225723 21.414213 -45.823208
5 24 45.225723 21.414213 -45.823208 46.984413 21.414213 -43.7626 45.788258 22 -47.120728 44.992714 20 -45.285755
5 24 44.992714 20 -45.285755 46.416981 20 -43.617119 45.225723 21.414213 -45.823208 45.225723 18.585787 -45.823208
5 24 45.225723 18.585787 -45.823208 46.984413 18.585787 -43.7626 44.992714 20 -45.285755 45.788258 18 -47.120728
5 24 45.788258 18 -47.120728 48.354321 18 -44.113823 45.225723 18.585787 -45.823208 46.350792 18.585787 -48.418247
5 24 46.350792 18.585787 -48.418247 49.724228 18.585787 -44.465046 45.788258 18 -47.120728 46.583801 20 -48.955696
5 24 46.583801 20 -48.955696 50.29166 20 -44.610531 46.350792 18.585787 -48.418247 46.350792 21.414213 -48.418247
5 24 46.350792 21.414213 -48.418247 49.724228 21.414213 -44.465046 46.583801 20 -48.955696 45.788258 22 -47.120728
5 24 45.788258 22 -47.120728 45.225723 21.414213 -45.823208 43.770668 21.999462 -47.01408 48.354321 22 -44.113823
5 24 45.225723 21.414213 -45.823208 44.992714 20 -45.285755 43.757374 21.40233 -45.604683 46.984413 21.414213 -43.7626
5 24 44.992714 20 -45.285755 45.225723 18.585787 -45.823208 43.777481 19.983732 -45.029945 46.416981 20 -43.617119
5 24 45.225723 18.585787 -45.823208 45.788258 18 -47.120728 43.81921 18.574663 -45.626545 46.984413 18.585787 -43.7626
5 24 45.788258 18 -47.120728 46.350792 18.585787 -48.418247 43.85812 18.000538 -47.044998 48.354321 18 -44.113823
5 24 46.350792 18.585787 -48.418247 46.583801 20 -48.955696 43.871414 18.59767 -48.454395 49.724228 18.585787 -44.465046
5 24 46.583801 20 -48.955696 46.350792 21.414213 -48.418247 43.851307 20.016268 -49.029133 50.29166 20 -44.610531
5 24 46.350792 21.414213 -48.418247 45.788258 22 -47.120728 43.809578 21.425337 -48.432533 49.724228 21.414213 -44.465046
4 16 42.299564 21.402308 -45.588234 45.225723 21.414213 -45.823208 45.788258 22 -47.120728 41.762276 21.997931 -46.89196
4 16 42.567955 19.985231 -45.07539 44.992714 20 -45.285755 45.225723 21.414213 -45.823208 42.299564 21.402308 -45.588234
4 16 42.410229 18.576807 -45.653843 45.225723 18.585787 -45.823208 44.992714 20 -45.285755 42.567955 19.985231 -45.07539
4 16 41.918781 18.002069 -46.984745 45.788258 18 -47.120728 45.225723 18.585787 -45.823208 42.410229 18.576807 -45.653843
4 16 41.381496 18.597692 -48.288471 46.350792 18.585787 -48.418243 45.788258 18 -47.120728 41.918781 18.002069 -46.984745
4 16 41.113106 20.014769 -48.801315 46.583801 20 -48.955696 46.350792 18.585787 -48.418243 41.381496 18.597692 -48.288471
4 16 41.270828 21.423193 -48.222862 46.350792 21.414213 -48.418243 46.583801 20 -48.955696 41.113106 20.014769 -48.801315
4 16 41.762276 21.997931 -46.89196 45.788258 22 -47.120728 46.350792 21.414213 -48.418243 41.270828 21.423193 -48.222862
5 24 41.762276 21.997931 -46.89196 45.788258 22 -47.120728 41.270828 21.423193 -48.222862 42.299564 21.402308 -45.588234
5 24 42.299564 21.402308 -45.588234 45.225723 21.414213 -45.823208 41.762276 21.997931 -46.89196 42.567955 19.985231 -45.07539
5 24 42.567955 19.985231 -45.07539 44.992714 20 -45.285755 42.299564 21.402308 -45.588234 42.410229 18.576807 -45.653843
5 24 42.410229 18.576807 -45.653843 45.225723 18.585787 -45.823208 42.567955 19.985231 -45.07539 41.918781 18.002069 -46.984745
5 24 41.918781 18.002069 -46.984745 45.788258 18 -47.120728 42.410229 18.576807 -45.653843 41.381496 18.597692 -48.288471
5 24 41.381496 18.597692 -48.288471 46.350792 18.585787 -48.418243 41.918781 18.002069 -46.984745 41.113106 20.014769 -48.801315
5 24 41.113106 20.014769 -48.801315 46.583801 20 -48.955696 41.381496 18.597692 -48.288471 41.270828 21.423193 -48.222862
5 24 41.270828 21.423193 -48.222862 46.350792 21.414213 -48.418243 41.113106 20.014769 -48.801315 41.762276 21.997931 -46.89196
5 24 41.762276 21.997931 -46.89196 42.299564 21.402308 -45.588234 40.152966 21.809164 -45.512608 45.788258 22 -47.120728
5 24 42.299564 21.402308 -45.588234 42.567955 19.985231 -45.07539 40.92543 21.201797 -44.338917 45.225723 21.414213 -45.823208
5 24 42.567955 19.985231 -45.07539 42.410229 18.576807 -45.653843 41.321884 19.783213 -43.922279 44.992714 20 -45.285755
5 24 42.410229 18.576807 -45.653843 41.918781 18.002069 -46.984745 41.110096 18.384398 -44.506752 45.225723 18.585787 -45.823208
5 24 41.918781 18.002069 -46.984745 41.381496 18.597692 -48.288471 40.414127 17.824762 -45.749966 45.788258 18 -47.120728
5 24 41.381496 18.597692 -48.288471 41.113106 20.014769 -48.801315 39.641663 18.432129 -46.923656 46.350792 18.585787 -48.418243
5 24 41.113106 20.014769 -48.801315 41.270828 21.423193 -48.222862 39.245209 19.850714 -47.340294 46.583801 20 -48.955696
5 24 41.270828 21.423193 -48.222862 41.762276 21.997931 -46.89196 39.456997 21.249527 -46.755821 46.350792 21.414213 -48.418243
4 16 39.539024 21.009178 -43.120647 42.299564 21.402308 -45.588234 41.762276 21.997931 -46.89196 38.557129 21.616808 -44.125542
4 16 40.044991 19.595945 -42.820789 42.567955 19.985231 -45.07539 42.299564 21.402308 -45.588234 39.539024 21.009178 -43.120647
5 24 39.778641 18.20496 -43.401619 42.567955 19.985231 -45.07539 42.410229 18.576807 -45.653843 40.044991 19.595945 -42.820789
3 16 42.567955 19.985231 -45.07539 40.044991 19.595945 -42.820789 39.778641 18.20496 -43.401619
3 16 39.778641 18.20496 -43.401619 42.410229 18.576807 -45.653843 42.567955 19.985231 -45.07539
5 24 38.895996 17.651045 -44.5229 42.410229 18.576807 -45.653843 41.918781 18.002069 -46.984745 39.778641 18.20496 -43.401619
3 16 42.410229 18.576807 -45.653843 39.778641 18.20496 -43.401619 38.895996 17.651045 -44.5229
3 16 38.895996 17.651045 -44.5229 41.918781 18.002069 -46.984745 42.410229 18.576807 -45.653843
4 16 37.914101 18.258673 -45.527794 41.381496 18.597692 -48.288471 41.918781 18.002069 -46.984745 38.895996 17.651045 -44.5229
4 16 37.408134 19.671907 -45.827652 41.113106 20.014769 -48.801315 41.381496 18.597692 -48.288471 37.914101 18.258673 -45.527794
4 16 37.674484 21.062893 -45.246822 41.270828 21.423193 -48.222862 41.113106 20.014769 -48.801315 37.408134 19.671907 -45.827652
5 24 38.557129 21.616808 -44.125542 41.270828 21.423193 -48.222862 41.762276 21.997931 -46.89196 37.674484 21.062893 -45.246822
3 16 41.270828 21.423193 -48.222862 37.674484 21.062893 -45.246822 38.557129 21.616808 -44.125542
3 16 38.557129 21.616808 -44.125542 41.762276 21.997931 -46.89196 41.270828 21.423193 -48.222862
5 24 38.557129 21.616808 -44.125542 41.762276 21.997931 -46.89196 37.674484 21.062893 -45.246822 39.539024 21.009178 -43.120647
5 24 39.539024 21.009178 -43.120647 42.299564 21.402308 -45.588234 38.557129 21.616808 -44.125542 40.044991 19.595945 -42.820789
5 24 40.044991 19.595945 -42.820789 42.567955 19.985231 -45.07539 39.539024 21.009178 -43.120647 39.778641 18.20496 -43.401619
5 24 39.778641 18.20496 -43.401619 42.410229 18.576807 -45.653843 40.044991 19.595945 -42.820789 38.895996 17.651045 -44.5229
5 24 38.895996 17.651045 -44.5229 41.918781 18.002069 -46.984745 39.778641 18.20496 -43.401619 37.914101 18.258673 -45.527794
5 24 37.914101 18.258673 -45.527794 41.381496 18.597692 -48.288471 38.895996 17.651045 -44.5229 37.408134 19.671907 -45.827652
5 24 37.408134 19.671907 -45.827652 41.113106 20.014769 -48.801315 37.914101 18.258673 -45.527794 37.674484 21.062893 -45.246822
5 24 37.674484 21.062893 -45.246822 41.270828 21.423193 -48.222862 37.408134 19.671907 -45.827652 38.557129 21.616808 -44.125542
5 24 38.557129 21.616808 -44.125542 39.539024 21.009178 -43.120647 35.586086 20.915331 -41.320827 41.762276 21.997931 -46.89196
5 24 39.539024 21.009178 -43.120647 40.044991 19.595945 -42.820789 36.572098 20.25194 -40.35603 42.299564 21.402308 -45.588234
5 24 40.044991 19.595945 -42.820789 39.778641 18.20496 -43.401619 37.067219 18.821507 -40.128292 42.567955 19.985231 -45.07539
5 24 39.778641 18.20496 -43.401619 38.895996 17.651045 -44.5229 36.781422 17.461964 -40.771027 42.410229 18.576807 -45.653843
5 24 38.895996 17.651045 -44.5229 37.914101 18.258673 -45.527794 35.882114 16.969709 -41.907722 41.918781 18.002069 -46.984745
5 24 37.914101 18.258673 -45.527794 37.408134 19.671907 -45.827652 34.896107 17.633101 -42.872524 41.381496 18.597692 -48.288471
5 24 37.408134 19.671907 -45.827652 37.674484 21.062893 -45.246822 34.400982 19.063534 -43.100262 41.113106 20.014769 -48.801315
5 24 37.674484 21.062893 -45.246822 38.557129 21.616808 -44.125542 34.686779 20.423077 -42.457527 41.270828 21.423193 -48.222862
5 24 33.605076 19.491962 -37.594837 38.557129 21.616808 -44.125542 39.539024 21.009178 -43.120647 32.615898 20.209202 -38.516926
3 16 38.557129 21.616808 -44.125542 32.615898 20.209202 -38.516926 33.605076 19.491962 -37.594837
3 16 33.605076 19.491962 -37.594837 39.539024 21.009178 -43.120647 38.557129 21.616808 -44.125542
5 24 34.088459 18.047852 -37.439835 39.539024 21.009178 -43.120647 40.044991 19.595945 -42.820789 33.605076 19.491962 -37.594837
3 16 39.539024 21.009178 -43.120647 33.605076 19.491962 -37.594837 34.088459 18.047852 -37.439835
3 16 34.088459 18.047852 -37.439835 40.044991 19.595945 -42.820789 39.539024 21.009178 -43.120647
5 24 33.782898 16.722809 -38.142715 40.044991 19.595945 -42.820789 39.778641 18.20496 -43.401619 34.088459 18.047852 -37.439835
3 16 40.044991 19.595945 -42.820789 34.088459 18.047852 -37.439835 33.782898 16.722809 -38.142715
3 16 33.782898 16.722809 -38.142715 39.778641 18.20496 -43.401619 40.044991 19.595945 -42.820789
5 24 32.867378 16.293028 -39.29174 39.778641 18.20496 -43.401619 38.895996 17.651045 -44.5229 33.782898 16.722809 -38.142715
3 16 39.778641 18.20496 -43.401619 33.782898 16.722809 -38.142715 32.867378 16.293028 -39.29174
3 16 32.867378 16.293028 -39.29174 38.895996 17.651045 -44.5229 39.778641 18.20496 -43.401619
5 24 31.878202 17.010267 -40.213829 38.895996 17.651045 -44.5229 37.914101 18.258673 -45.527794 32.867378 16.293028 -39.29174
3 16 38.895996 17.651045 -44.5229 32.867378 16.293028 -39.29174 31.878202 17.010267 -40.213829
3 16 31.878202 17.010267 -40.213829 37.914101 18.258673 -45.527794 38.895996 17.651045 -44.5229
5 24 31.394815 18.454378 -40.368832 37.914101 18.258673 -45.527794 37.408134 19.671907 -45.827652 31.878202 17.010267 -40.213829
3 16 37.914101 18.258673 -45.527794 31.878202 17.010267 -40.213829 31.394815 18.454378 -40.368832
3 16 31.394815 18.454378 -40.368832 37.408134 19.671907 -45.827652 37.914101 18.258673 -45.527794
5 24 31.70038 19.779421 -39.665951 37.408134 19.671907 -45.827652 37.674484 21.062893 -45.246822 31.394815 18.454378 -40.368832
3 16 37.408134 19.671907 -45.827652 31.394815 18.454378 -40.368832 31.70038 19.779421 -39.665951
3 16 31.70038 19.779421 -39.665951 37.674484 21.062893 -45.246822 37.408134 19.671907 -45.827652
5 24 32.615898 20.209202 -38.516926 37.674484 21.062893 -45.246822 38.557129 21.616808 -44.125542 31.70038 19.779421 -39.665951
3 16 37.674484 21.062893 -45.246822 31.70038 19.779421 -39.665951 32.615898 20.209202 -38.516926
3 16 32.615898 20.209202 -38.516926 38.557129 21.616808 -44.125542 37.674484 21.062893 -45.246822
5 24 32.615898 20.209202 -38.516926 38.557129 21.616808 -44.125542 31.70038 19.779421 -39.665951 33.605076 19.491962 -37.594837
5 24 33.605076 19.491962 -37.594837 39.539024 21.009178 -43.120647 32.615898 20.209202 -38.516926 34.088459 18.047852 -37.439835
5 24 34.088459 18.047852 -37.439835 40.044991 19.595945 -42.820789 33.605076 19.491962 -37.594837 33.782898 16.722809 -38.142715
5 24 33.782898 16.722809 -38.142715 39.778641 18.20496 -43.401619 34.088459 18.047852 -37.439835 32.867378 16.293028 -39.29174
5 24 32.867378 16.293028 -39.29174 38.895996 17.651045 -44.5229 33.782898 16.722809 -38.142715 31.878202 17.010267 -40.213829
5 24 31.878202 17.010267 -40.213829 37.914101 18.258673 -45.527794 32.867378 16.293028 -39.29174 31.394815 18.454378 -40.368832
5 24 31.394815 18.454378 -40.368832 37.408134 19.671907 -45.827652 31.878202 17.010267 -40.213829 31.70038 19.779421 -39.665951
5 24 31.70038 19.779421 -39.665951 37.674484 21.062893 -45.246822 31.394815 18.454378 -40.368832 32.615898 20.209202 -38.516926
5 24 32.615898 20.209202 -38.516926 33.605076 19.491962 -37.594837 29.659595 19.43593 -35.767769 38.557129 21.616808 -44.125542
5 24 33.605076 19.491962 -37.594837 34.088459 18.047852 -37.439835 30.617371 18.624319 -34.891926 39.539024 21.009178 -43.120647
5 24 34.088459 18.047852 -37.439835 33.782898 16.722809 -38.142715 31.037086 17.153925 -34.821743 40.044991 19.595945 -42.820789
5 24 33.782898 16.722809 -38.142715 32.867378 16.293028 -39.29174 30.672884 15.886086 -35.598328 39.778641 18.20496 -43.401619
5 24 32.867378 16.293028 -39.29174 31.878202 17.010267 -40.213829 29.738102 15.563486 -36.766773 38.895996 17.651045 -44.5229
5 24 31.878202 17.010267 -40.213829 31.394815 18.454378 -40.368832 28.780329 16.375097 -37.642616 37.914101 18.258673 -45.527794
5 24 31.394815 18.454378 -40.368832 31.70038 19.779421 -39.665951 28.360611 17.845491 -37.712799 37.408134 19.671907 -45.827652
5 24 31.70038 19.779421 -39.665951 32.615898 20.209202 -38.516926 28.724815 19.113331 -36.936211 37.674484 21.062893 -45.246822
5 24 27.624586 17.750788 -32.195988 32.615898 20.209202 -38.516926 33.605076 19.491962 -37.594837 26.702375 18.652494 -33.020367
3 16 32.615898 20.209202 -38.516926 26.702375 18.652494 -33.020367 27.624586 17.750788 -32.195988
3 16 27.624586 17.750788 -32.195988 33.605076 19.491962 -37.594837 32.615898 20.209202 -38.516926
5 24 27.979446 16.261837 -32.211758 33.605076 19.491962 -37.594837 34.088459 18.047852 -37.439835 27.624586 17.750788 -32.195988
3 16 33.605076 19.491962 -37.594837 27.624586 17.750788 -32.195988 27.979446 16.261837 -32.211758
3 16 27.979446 16.261837 -32.211758 34.088459 18.047852 -37.439835 33.605076 19.491962 -37.594837
5 24 27.559086 15.057852 -33.058437 34.088459 18.047852 -37.439835 33.782898 16.722809 -38.142715 27.979446 16.261837 -32.211758
3 16 34.088459 18.047852 -37.439835 27.979446 16.261837 -32.211758 27.559086 15.057852 -33.058437
3 16 27.559086 15.057852 -33.058437 33.782898 16.722809 -38.142715 34.088459 18.047852 -37.439835
5 24 26.609745 14.84411 -34.240051 33.782898 16.722809 -38.142715 32.867378 16.293028 -39.29174 27.559086 15.057852 -33.058437
3 16 33.782898 16.722809 -38.142715 27.559086 15.057852 -33.058437 26.609745 14.84411 -34.240051
3 16 26.609745 14.84411 -34.240051 32.867378 16.293028 -39.29174 33.782898 16.722809 -38.142715
5 24 25.687534 15.745818 -35.064426 32.867378 16.293028 -39.29174 31.878202 17.010267 -40.213829 26.609745 14.84411 -34.240051
3 16 32.867378 16.293028 -39.29174 26.609745 14.84411 -34.240051 25.687534 15.745818 -35.064426
3 16 25.687534 15.745818 -35.064426 31.878202 17.010267 -40.213829 32.867378 16.293028 -39.29174
5 24 25.332672 17.234768 -35.048656 31.878202 17.010267 -40.213829 31.394817 18.454378 -40.368832 25.687534 15.745818 -35.064426
3 16 31.878202 17.010267 -40.213829 25.687534 15.745818 -35.064426 25.332672 17.234768 -35.048656
3 16 25.332672 17.234768 -35.048656 31.394817 18.454378 -40.368832 31.878202 17.010267 -40.213829
5 24 25.753033 18.438753 -34.201981 31.394817 18.454378 -40.368832 31.70038 19.779421 -39.665951 25.332672 17.234768 -35.048656
3 16 31.394817 18.454378 -40.368832 25.332672 17.234768 -35.048656 25.753033 18.438753 -34.201981
3 16 25.753033 18.438753 -34.201981 31.70038 19.779421 -39.665951 31.394817 18.454378 -40.368832
5 24 26.702375 18.652494 -33.020367 31.70038 19.779421 -39.665951 32.615898 20.209202 -38.516926 25.753033 18.438753 -34.201981
3 16 31.70038 19.779421 -39.665951 25.753033 18.438753 -34.201981 26.702375 18.652494 -33.020367
3 16 26.702375 18.652494 -33.020367 32.615898 20.209202 -38.516926 31.70038 19.779421 -39.665951
5 24 26.702375 18.652494 -33.020367 32.615898 20.209202 -38.516926 25.753033 18.438753 -34.201981 27.624586 17.750788 -32.195988
5 24 27.624586 17.750788 -32.195988 33.605076 19.491962 -37.594837 26.702375 18.652494 -33.020367 27.979446 16.261837 -32.211758
5 24 27.979446 16.261837 -32.211758 34.088459 18.047852 -37.439835 27.624586 17.750788 -32.195988 27.559086 15.057852 -33.058437
5 24 27.559086 15.057852 -33.058437 33.782898 16.722809 -38.142715 27.979446 16.261837 -32.211758 26.609745 14.84411 -34.240051
5 24 26.609745 14.84411 -34.240051 32.867378 16.293028 -39.29174 27.559086 15.057852 -33.058437 25.687534 15.745818 -35.064426
5 24 25.687534 15.745818 -35.064426 31.878202 17.010267 -40.213829 26.609745 14.84411 -34.240051 25.332672 17.234768 -35.048656
5 24 25.332672 17.234768 -35.048656 31.394817 18.454378 -40.368832 25.687534 15.745818 -35.064426 25.753033 18.438753 -34.201981
5 24 25.753033 18.438753 -34.201981 31.70038 19.779421 -39.665951 25.332672 17.234768 -35.048656 26.702375 18.652494 -33.020367
5 24 26.702375 18.652494 -33.020367 27.624586 17.750788 -32.195988 25.22987 18.235592 -31.644054 32.615898 20.209202 -38.516926
5 24 27.624586 17.750788 -32.195988 27.979446 16.261837 -32.211758 26.116903 17.259323 -30.867384 33.605076 19.491962 -37.594837
5 24 27.979446 16.261837 -32.211758 27.559086 15.057852 -33.058437 26.412687 15.760081 -30.956459 34.088459 18.047852 -37.439835
5 24 27.559086 15.057852 -33.058437 26.609745 14.84411 -34.240051 25.94396 14.616104 -31.859097 33.782898 16.722809 -38.142715
5 24 26.609745 14.84411 -34.240051 25.687534 15.745818 -35.064426 24.985291 14.497519 -33.046547 32.867378 16.293028 -39.29174
5 24 25.687534 15.745818 -35.064426 25.332672 17.234768 -35.048656 24.098257 15.473788 -33.823215 31.878202 17.010267 -40.213829
5 24 25.332672 17.234768 -35.048656 25.753033 18.438753 -34.201981 23.802473 16.97303 -33.734142 31.394817 18.454378 -40.368832
5 24 25.753033 18.438753 -34.201981 26.702375 18.652494 -33.020367 24.2712 18.117006 -32.831505 31.70038 19.779421 -39.665951
5 24 24.604918 16.764345 -29.544283 26.702375 18.652494 -33.020367 27.624586 17.750788 -32.195988 23.756044 17.811331 -30.269806
3 16 26.702375 18.652494 -33.020367 23.756044 17.811331 -30.269806 24.604918 16.764345 -29.544283
3 16 24.604918 16.764345 -29.544283 27.624586 17.750788 -32.195988 26.702375 18.652494 -33.020367
5 24 24.841166 15.260717 -29.706879 27.624586 17.750788 -32.195988 27.979446 16.261837 -32.211758 24.604918 16.764345 -29.544283
3 16 27.624586 17.750788 -32.195988 24.604918 16.764345 -29.544283 24.841166 15.260717 -29.706879
3 16 24.841166 15.260717 -29.706879 27.979446 16.261837 -32.211758 27.624586 17.750788 -32.195988
5 24 24.326399 14.181252 -30.662346 27.979446 16.261837 -32.211758 27.559086 15.057852 -33.058437 24.841166 15.260717 -29.706879
3 16 27.979446 16.261837 -32.211758 24.841166 15.260717 -29.706879 24.326399 14.181252 -30.662346
3 16 24.326399 14.181252 -30.662346 27.559086 15.057852 -33.058437 27.979446 16.261837 -32.211758
5 24 23.362158 14.158286 -31.850983 27.559086 15.057852 -33.058437 26.609745 14.84411 -34.240051 24.326399 14.181252 -30.662346
3 16 27.559086 15.057852 -33.058437 24.326399 14.181252 -30.662346 23.362158 14.158286 -31.850983
3 16 23.362158 14.158286 -31.850983 26.609745 14.84411 -34.240051 27.559086 15.057852 -33.058437
5 24 22.513283 15.205271 -32.576504 26.609745 14.84411 -34.240051 25.687534 15.745818 -35.064426 23.362158 14.158286 -31.850983
3 16 26.609745 14.84411 -34.240051 23.362158 14.158286 -31.850983 22.513283 15.205271 -32.576504
3 16 22.513283 15.205271 -32.576504 25.687534 15.745818 -35.064426 26.609745 14.84411 -34.240051
5 24 22.277035 16.708899 -32.41391 25.687534 15.745818 -35.064426 25.332674 17.234768 -35.048656 22.513283 15.205271 -32.576504
3 16 25.687534 15.745818 -35.064426 22.513283 15.205271 -32.576504 22.277035 16.708899 -32.41391
3 16 22.277035 16.708899 -32.41391 25.332674 17.234768 -35.048656 25.687534 15.745818 -35.064426
5 24 22.791803 17.788364 -31.458443 25.332674 17.234768 -35.048656 25.753033 18.438753 -34.201981 22.277035 16.708899 -32.41391
3 16 25.332674 17.234768 -35.048656 22.277035 16.708899 -32.41391 22.791803 17.788364 -31.458443
3 16 22.791803 17.788364 -31.458443 25.753033 18.438753 -34.201981 25.332674 17.234768 -35.048656
5 24 23.756044 17.811331 -30.269806 25.753033 18.438753 -34.201981 26.702375 18.652494 -33.020367 22.791803 17.788364 -31.458443
3 16 25.753033 18.438753 -34.201981 22.791803 17.788364 -31.458443 23.756044 17.811331 -30.269806
3 16 23.756044 17.811331 -30.269806 26.702375 18.652494 -33.020367 25.753033 18.438753 -34.201981
5 24 23.756044 17.811331 -30.269806 26.702375 18.652494 -33.020367 22.791803 17.788364 -31.458443 24.604918 16.764345 -29.544283
5 24 24.604918 16.764345 -29.544283 27.624586 17.750788 -32.195988 23.756044 17.811331 -30.269806 24.841166 15.260717 -29.706879
5 24 24.841166 15.260717 -29.706879 27.979446 16.261837 -32.211758 24.604918 16.764345 -29.544283 24.326399 14.181252 -30.662346
5 24 24.326399 14.181252 -30.662346 27.559086 15.057852 -33.058437 24.841166 15.260717 -29.706879 23.362158 14.158286 -31.850983
5 24 23.362158 14.158286 -31.850983 26.609745 14.84411 -34.240051 24.326399 14.181252 -30.662346 22.513283 15.205271 -32.576504
5 24 22.513283 15.205271 -32.576504 25.687534 15.745818 -35.064426 23.362158 14.158286 -31.850983 22.277035 16.708899 -32.41391
5 24 22.277035 16.708899 -32.41391 25.332674 17.234768 -35.048656 22.513283 15.205271 -32.576504 22.791803 17.788364 -31.458443
5 24 22.791803 17.788364 -31.458443 25.753033 18.438753 -34.201981 22.277035 16.708899 -32.41391 23.756044 17.811331 -30.269806
5 24 23.756044 17.811331 -30.269806 24.604918 16.764345 -29.544283 22.240877 17.391716 -28.943928 26.702375 18.652494 -33.020367
5 24 24.604918 16.764345 -29.544283 24.841166 15.260717 -29.706879 23.058325 16.293873 -28.258602 27.624586 17.750788 -32.195988
5 24 24.841166 15.260717 -29.706879 24.326399 14.181252 -30.662346 23.249805 14.790944 -28.476971 27.979446 16.261837 -32.211758
5 24 24.326399 14.181252 -30.662346 23.362158 14.158286 -31.850983 22.703157 13.763323 -29.471111 27.559086 15.057852 -33.058437
5 24 23.362158 14.158286 -31.850983 22.513283 15.205271 -32.576504 21.738596 13.812978 -30.658672 26.609745 14.84411 -34.240051
5 24 22.513283 15.205271 -32.576504 22.277035 16.708899 -32.41391 20.92115 14.91082 -31.343998 25.687534 15.745818 -35.064426
5 24 22.277035 16.708899 -32.41391 22.791803 17.788364 -31.458443 20.729668 16.41375 -31.125631 25.332672 17.234768 -35.048656
5 24 22.791803 17.788364 -31.458443 23.756044 17.811331 -30.269806 21.276316 17.44137 -30.131489 25.753033 18.438753 -34.201981
5 24 21.509108 15.821841 -26.976221 23.756044 17.811331 -30.269806 24.604918 16.764345 -29.544283 20.724586 16.968063 -27.619534
3 16 23.756044 17.811331 -30.269806 20.724586 16.968063 -27.619534 21.509108 15.821841 -26.976221
3 16 21.509108 15.821841 -26.976221 24.604918 16.764345 -29.544283 23.756044 17.811331 -30.269806
5 24 21.655861 14.323002 -27.250244 24.604918 16.764345 -29.544283 24.841166 15.260717 -29.706879 21.509108 15.821841 -26.976221
3 16 24.604918 16.764345 -29.544283 21.509108 15.821841 -26.976221 21.655861 14.323002 -27.250244
3 16 21.655861 14.323002 -27.250244 24.841166 15.260717 -29.706879 24.604918 16.764345 -29.544283
5 24 21.078884 13.349544 -28.28108 24.841166 15.260717 -29.706879 24.326399 14.181252 -30.662346 21.655861 14.323002 -27.250244
3 16 24.841166 15.260717 -29.706879 21.655861 14.323002 -27.250244 21.078884 13.349544 -28.28108
3 16 21.078884 13.349544 -28.28108 24.326399 14.181252 -30.662346 24.841166 15.260717 -29.706879
5 24 20.116159 13.471707 -29.46488 24.326399 14.181252 -30.662346 23.362158 14.158286 -31.850983 21.078884 13.349544 -28.28108
3 16 24.326399 14.181252 -30.662346 21.078884 13.349544 -28.28108 20.116159 13.471707 -29.46488
3 16 20.116159 13.471707 -29.46488 23.362158 14.158286 -31.850983 24.326399 14.181252 -30.662346
5 24 19.331638 14.617929 -30.108192 23.362158 14.158286 -31.850983 22.513283 15.205271 -32.576504 20.116159 13.471707 -29.46488
3 16 23.362158 14.158286 -31.850983 20.116159 13.471707 -29.46488 19.331638 14.617929 -30.108192
3 16 19.331638 14.617929 -30.108192 22.513283 15.205271 -32.576504 23.362158 14.158286 -31.850983
5 24 19.184885 16.11677 -29.834169 22.513283 15.205271 -32.576504 22.277035 16.708899 -32.41391 19.331638 14.617929 -30.108192
3 16 22.513283 15.205271 -32.576504 19.331638 14.617929 -30.108192 19.184885 16.11677 -29.834169
3 16 19.184885 16.11677 -29.834169 22.277035 16.708899 -32.41391 22.513283 15.205271 -32.576504
5 24 19.761862 17.090227 -28.803333 22.277035 16.708899 -32.41391 22.791803 17.788364 -31.458443 19.184885 16.11677 -29.834169
3 16 22.277035 16.708899 -32.41391 19.184885 16.11677 -29.834169 19.761862 17.090227 -28.803333
3 16 19.761862 17.090227 -28.803333 22.791803 17.788364 -31.458443 22.277035 16.708899 -32.41391
5 24 20.724586 16.968063 -27.619534 22.791803 17.788364 -31.458443 23.756044 17.811331 -30.269806 19.761862 17.090227 -28.803333
3 16 22.791803 17.788364 -31.458443 19.761862 17.090227 -28.803333 20.724586 16.968063 -27.619534
3 16 20.724586 16.968063 -27.619534 23.756044 17.811331 -30.269806 22.791803 17.788364 -31.458443
5 24 20.724586 16.968063 -27.619534 23.756044 17.811331 -30.269806 19.761862 17.090227 -28.803333 21.509108 15.821841 -26.976221
5 24 21.509108 15.821841 -26.976221 24.604918 16.764345 -29.544283 20.724586 16.968063 -27.619534 21.655861 14.323002 -27.250244
5 24 21.655861 14.323002 -27.250244 24.841166 15.260717 -29.706879 21.509108 15.821841 -26.976221 21.078884 13.349544 -28.28108
5 24 21.078884 13.349544 -28.28108 24.326399 14.181252 -30.662346 21.655861 14.323002 -27.250244 20.116159 13.471707 -29.46488
5 24 20.116159 13.471707 -29.46488 23.362158 14.158286 -31.850983 21.078884 13.349544 -28.28108 19.331638 14.617929 -30.108192
5 24 19.331638 14.617929 -30.108192 22.513283 15.205271 -32.576504 20.116159 13.471707 -29.46488 19.184885 16.11677 -29.834169
5 24 19.184885 16.11677 -29.834169 22.277035 16.708899 -32.41391 19.331638 14.617929 -30.108192 19.761862 17.090227 -28.803333
5 24 19.761862 17.090227 -28.803333 22.791803 17.788364 -31.458443 19.184885 16.11677 -29.834169 20.724586 16.968063 -27.619534
5 24 20.724586 16.968063 -27.619534 21.509108 15.821841 -26.976221 19.382559 16.584642 -26.469513 23.756044 17.811331 -30.269806
5 24 21.509108 15.821841 -26.976221 21.655861 14.323002 -27.250244 20.13097 15.389792 -25.87339 24.604918 16.764345 -29.544283
5 24 21.655861 14.323002 -27.250244 21.078884 13.349544 -28.28108 20.230747 13.899188 -26.206993 24.841166 15.260717 -29.706879
5 24 21.078884 13.349544 -28.28108 20.116159 13.471707 -29.46488 19.623446 12.986005 -27.2749 24.326399 14.181252 -30.662346
5 24 20.116159 13.471707 -29.46488 19.331638 14.617929 -30.108192 18.66481 13.185174 -28.451548 23.362158 14.158286 -31.850983
5 24 19.331638 14.617929 -30.108192 19.184885 16.11677 -29.834169 17.916399 14.380024 -29.04767 22.513283 15.205271 -32.576504
5 24 19.184885 16.11677 -29.834169 19.761862 17.090227 -28.803333 17.816622 15.870627 -28.714067 22.277035 16.708899 -32.41391
5 24 19.761862 17.090227 -28.803333 20.724586 16.968063 -27.619534 18.423925 16.783812 -27.64616 22.791803 17.788364 -31.458443
5 24 18.749792 14.956447 -24.774462 20.724586 16.968063 -27.619534 21.509108 15.821841 -26.976221 18.039001 16.196856 -25.321552
3 16 20.724586 16.968063 -27.619534 18.039001 16.196856 -25.321552 18.749792 14.956447 -24.774462
3 16 18.749792 14.956447 -24.774462 21.509108 15.821841 -26.976221 20.724586 16.968063 -27.619534
5 24 18.802864 13.477905 -25.167204 21.509108 15.821841 -26.976221 21.655861 14.323002 -27.250244 18.749792 14.956447 -24.774462
3 16 21.509108 15.821841 -26.976221 18.749792 14.956447 -24.774462 18.802864 13.477905 -25.167204
3 16 18.802864 13.477905 -25.167204 21.655861 14.323002 -27.250244 21.509108 15.821841 -26.976221
5 24 18.16713 12.627341 -26.269714 21.655861 14.323002 -27.250244 21.078884 13.349544 -28.28108 18.802864 13.477905 -25.167204
3 16 21.655861 14.323002 -27.250244 18.802864 13.477905 -25.167204 18.16713 12.627341 -26.269714
3 16 18.16713 12.627341 -26.269714 21.078884 13.349544 -28.28108 21.655861 14.323002 -27.250244
5 24 17.214991 12.903005 -27.436157 21.078884 13.349544 -28.28108 20.116159 13.471707 -29.46488 18.16713 12.627341 -26.269714
3 16 21.078884 13.349544 -28.28108 18.16713 12.627341 -26.269714 17.214991 12.903005 -27.436157
3 16 17.214991 12.903005 -27.436157 20.116159 13.471707 -29.46488 21.078884 13.349544 -28.28108
5 24 16.5042 14.143414 -27.983248 20.116159 13.471707 -29.46488 19.331638 14.617929 -30.108192 17.214991 12.903005 -27.436157
3 16 20.116159 13.471707 -29.46488 17.214991 12.903005 -27.436157 16.5042 14.143414 -27.983248
3 16 16.5042 14.143414 -27.983248 19.331638 14.617929 -30.108192 20.116159 13.471707 -29.46488
5 24 16.451128 15.621955 -27.590506 19.331638 14.617929 -30.108192 19.184885 16.11677 -29.834169 16.5042 14.143414 -27.983248
3 16 19.331638 14.617929 -30.108192 16.5042 14.143414 -27.983248 16.451128 15.621955 -27.590506
3 16 16.451128 15.621955 -27.590506 19.184885 16.11677 -29.834169 19.331638 14.617929 -30.108192
5 24 17.086863 16.472519 -26.487995 19.184885 16.11677 -29.834169 19.761862 17.090227 -28.803333 16.451128 15.621955 -27.590506
3 16 19.184885 16.11677 -29.834169 16.451128 15.621955 -27.590506 17.086863 16.472519 -26.487995
3 16 17.086863 16.472519 -26.487995 19.761862 17.090227 -28.803333 19.184885 16.11677 -29.834169
5 24 18.039001 16.196856 -25.321552 19.761862 17.090227 -28.803333 20.724586 16.968063 -27.619534 17.086863 16.472519 -26.487995
3 16 19.761862 17.090227 -28.803333 17.086863 16.472519 -26.487995 18.039001 16.196856 -25.321552
3 16 18.039001 16.196856 -25.321552 20.724586 16.968063 -27.619534 19.761862 17.090227 -28.803333
5 24 18.039001 16.196856 -25.321552 20.724586 16.968063 -27.619534 17.086863 16.472519 -26.487995 18.749792 14.956447 -24.774462
5 24 18.749792 14.956447 -24.774462 21.509108 15.821841 -26.976221 18.039001 16.196856 -25.321552 18.802864 13.477905 -25.167204
5 24 18.802864 13.477905 -25.167204 21.655861 14.323002 -27.250244 18.749792 14.956447 -24.774462 18.16713 12.627341 -26.269714
5 24 18.16713 12.627341 -26.269714 21.078884 13.349544 -28.28108 18.802864 13.477905 -25.167204 17.214991 12.903005 -27.436157
5 24 17.214991 12.903005 -27.436157 20.116159 13.471707 -29.46488 18.16713 12.627341 -26.269714 16.5042 14.143414 -27.983248
5 24 16.5042 14.143414 -27.983248 19.331638 14.617929 -30.108192 17.214991 12.903005 -27.436157 16.451128 15.621955 -27.590506
5 24 16.451128 15.621955 -27.590506 19.184885 16.11677 -29.834169 16.5042 14.143414 -27.983248 17.086863 16.472519 -26.487995
5 24 17.086863 16.472519 -26.487995 19.761862 17.090227 -28.803333 16.451128 15.621955 -27.590506 18.039001 16.196856 -25.321552
5 24 18.039001 16.196856 -25.321552 18.749792 14.956447 -24.774462 16.477989 15.757221 -24.04994 20.724586 16.968063 -27.619534
5 24 18.749792 14.956447 -24.774462 18.802864 13.477905 -25.167204 17.14801 14.472549 -23.556143 21.509108 15.821841 -26.976221
5 24 18.802864 13.477905 -25.167204 18.16713 12.627341 -26.269714 17.153625 13.010952 -24.010948 21.655861 14.323002 -27.250244
5 24 18.16713 12.627341 -26.269714 17.214991 12.903005 -27.436157 16.491545 12.228612 -25.147936 21.078884 13.349544 -28.28108
5 24 17.214991 12.903005 -27.436157 16.5042 14.143414 -27.983248 15.549608 12.583815 -26.301075 20.116159 13.471707 -29.46488
5 24 16.5042 14.143414 -27.983248 16.451128 15.621955 -27.590506 14.879586 13.868486 -26.794872 19.331638 14.617929 -30.108192
5 24 16.451128 15.621955 -27.590506 17.086863 16.472519 -26.487995 14.873971 15.330084 -26.340069 19.184885 16.11677 -29.834169
5 24 17.086863 16.472519 -26.487995 18.039001 16.196856 -25.321552 15.536051 16.112425 -25.203081 19.761862 17.090227 -28.803333
5 24 15.542841 13.9878 -22.342253 18.039001 16.196856 -25.321552 18.749792 14.956447 -24.774462 14.914959 15.313107 -22.780966
3 16 18.039001 16.196856 -25.321552 14.914959 15.313107 -22.780966 15.542841 13.9878 -22.342253
3 16 15.542841 13.9878 -22.342253 18.749792 14.956447 -24.774462 18.039001 16.196856 -25.321552
5 24 15.501614 12.547271 -22.858318 18.749792 14.956447 -24.774462 18.802864 13.477905 -25.167204 15.542841 13.9878 -22.342253
3 16 18.749792 14.956447 -24.774462 15.542841 13.9878 -22.342253 15.501614 12.547271 -22.858318
3 16 15.501614 12.547271 -22.858318 18.802864 13.477905 -25.167204 18.749792 14.956447 -24.774462
5 24 14.815428 11.835363 -24.026857 18.802864 13.477905 -25.167204 18.16713 12.627341 -26.269714 15.501614 12.547271 -22.858318
3 16 18.802864 13.477905 -25.167204 15.501614 12.547271 -22.858318 14.815428 11.835363 -24.026857
3 16 14.815428 11.835363 -24.026857 18.16713 12.627341 -26.269714 18.802864 13.477905 -25.167204
5 24 13.886242 12.269103 -25.163355 18.16713 12.627341 -26.269714 17.214991 12.903005 -27.436157 14.815428 11.835363 -24.026857
3 16 18.16713 12.627341 -26.269714 14.815428 11.835363 -24.026857 13.886242 12.269103 -25.163355
3 16 13.886242 12.269103 -25.163355 17.214991 12.903005 -27.436157 18.16713 12.627341 -26.269714
5 24 13.258359 13.594411 -25.602068 17.214991 12.903005 -27.436157 16.5042 14.143414 -27.983248 13.886242 12.269103 -25.163355
3 16 17.214991 12.903005 -27.436157 13.886242 12.269103 -25.163355 13.258359 13.594411 -25.602068
3 16 13.258359 13.594411 -25.602068 16.5042 14.143414 -27.983248 17.214991 12.903005 -27.436157
5 24 13.299586 15.03494 -25.086002 16.5042 14.143414 -27.983248 16.451128 15.621955 -27.590506 13.258359 13.594411 -25.602068
3 16 16.5042 14.143414 -27.983248 13.258359 13.594411 -25.602068 13.299586 15.03494 -25.086002
3 16 13.299586 15.03494 -25.086002 16.451128 15.621955 -27.590506 16.5042 14.143414 -27.983248
5 24 13.985772 15.746848 -23.917465 16.451128 15.621955 -27.590506 17.086863 16.472519 -26.487995 13.299586 15.03494 -25.086002
3 16 16.451128 15.621955 -27.590506 13.299586 15.03494 -25.086002 13.985772 15.746848 -23.917465
3 16 13.985772 15.746848 -23.917465 17.086863 16.472519 -26.487995 16.451128 15.621955 -27.590506
5 24 14.914959 15.313107 -22.780966 17.086863 16.472519 -26.487995 18.039001 16.196856 -25.321552 13.985772 15.746848 -23.917465
3 16 17.086863 16.472519 -26.487995 13.985772 15.746848 -23.917465 14.914959 15.313107 -22.780966
3 16 14.914959 15.313107 -22.780966 18.039001 16.196856 -25.321552 17.086863 16.472519 -26.487995
5 24 14.914959 15.313107 -22.780966 18.039001 16.196856 -25.321552 13.985772 15.746848 -23.917465 15.542841 13.9878 -22.342253
5 24 15.542841 13.9878 -22.342253 18.749792 14.956447 -24.774462 14.914959 15.313107 -22.780966 15.501614 12.547271 -22.858318
5 24 15.501614 12.547271 -22.858318 18.802864 13.477905 -25.167204 15.542841 13.9878 -22.342253 14.815428 11.835363 -24.026857
5 24 14.815428 11.835363 -24.026857 18.16713 12.627341 -26.269714 15.501614 12.547271 -22.858318 13.886242 12.269103 -25.163355
5 24 13.886242 12.269103 -25.163355 17.214991 12.903005 -27.436157 14.815428 11.835363 -24.026857 13.258359 13.594411 -25.602068
5 24 13.258359 13.594411 -25.602068 16.5042 14.143414 -27.983248 13.886242 12.269103 -25.163355 13.299586 15.03494 -25.086002
5 24 13.299586 15.03494 -25.086002 16.451128 15.621955 -27.590506 13.258359 13.594411 -25.602068 13.985772 15.746848 -23.917465
5 24 13.985772 15.746848 -23.917465 17.086863 16.472519 -26.487995 13.299586 15.03494 -25.086002 14.914959 15.313107 -22.780966
5 24 14.914959 15.313107 -22.780966 15.542841 13.9878 -22.342253 13.321643 14.86604 -21.54698 18.039001 16.196856 -25.321552
5 24 15.542841 13.9878 -22.342253 15.501614 12.547271 -22.858318 13.905116 13.502988 -21.166462 18.749792 14.956447 -24.774462
5 24 15.501614 12.547271 -22.858318 14.815428 11.835363 -24.026857 13.818191 12.088617 -21.74538 18.802864 13.477905 -25.167204
5 24 14.815428 11.835363 -24.026857 13.886242 12.269103 -25.163355 13.111786 11.451447 -22.944611 18.16713 12.627341 -26.269714
5 24 13.886242 12.269103 -25.163355 13.258359 13.594411 -25.602068 12.199705 11.964724 -24.061661 17.214991 12.903005 -27.436157
5 24 13.258359 13.594411 -25.602068 13.299586 15.03494 -25.086002 11.616231 13.327775 -24.442179 16.5042 14.143414 -27.983248
5 24 13.299586 15.03494 -25.086002 13.985772 15.746848 -23.917465 11.703156 14.742146 -23.86326 16.451128 15.621955 -27.590506
5 24 13.985772 15.746848 -23.917465 14.914959 15.313107 -22.780966 12.409561 15.379316 -22.66403 17.086863 16.472519 -26.487995
5 24 12.263824 13.017919 -19.995472 14.914959 15.313107 -22.780966 15.542841 13.9878 -22.342253 11.725835 14.414656 -20.316158
3 16 14.914959 15.313107 -22.780966 11.725835 14.414656 -20.316158 12.263824 13.017919 -19.995472
3 16 12.263824 13.017919 -19.995472 15.542841 13.9878 -22.342253 14.914959 15.313107 -22.780966
5 24 12.132214 11.633916 -20.636066 15.542841 13.9878 -22.342253 15.501614 12.547271 -22.858318 12.263824 13.017919 -19.995472
3 16 15.542841 13.9878 -22.342253 12.263824 13.017919 -19.995472 12.132214 11.633916 -20.636066
3 16 12.132214 11.633916 -20.636066 15.501614 12.547271 -22.858318 15.542841 13.9878 -22.342253
5 24 11.4081 11.073377 -21.862688 15.501614 12.547271 -22.858318 14.815429 11.835363 -24.026857 12.132214 11.633916 -20.636066
3 16 15.501614 12.547271 -22.858318 12.132214 11.633916 -20.636066 11.4081 11.073377 -21.862688
3 16 11.4081 11.073377 -21.862688 14.815429 11.835363 -24.026857 15.501614 12.547271 -22.858318
5 24 10.515658 11.66466 -22.9568 14.815429 11.835363 -24.026857 13.886242 12.269103 -25.163355 11.4081 11.073377 -21.862688
3 16 14.815429 11.835363 -24.026857 11.4081 11.073377 -21.862688 10.515658 11.66466 -22.9568
3 16 10.515658 11.66466 -22.9568 13.886242 12.269103 -25.163355 14.815429 11.835363 -24.026857
5 24 9.97767 13.061397 -23.277485 13.886242 12.269103 -25.163355 13.25836 13.594411 -25.602068 10.515658 11.66466 -22.9568
3 16 13.886242 12.269103 -25.163355 10.515658 11.66466 -22.9568 9.97767 13.061397 -23.277485
3 16 9.97767 13.061397 -23.277485 13.25836 13.594411 -25.602068 13.886242 12.269103 -25.163355
5 24 10.10928 14.445399 -22.63689 13.25836 13.594411 -25.602068 13.299587 15.03494 -25.086002 9.97767 13.061397 -23.277485
3 16 13.25836 13.594411 -25.602068 9.97767 13.061397 -23.277485 10.10928 14.445399 -22.63689
3 16 10.10928 14.445399 -22.63689 13.299587 15.03494 -25.086002 13.25836 13.594411 -25.602068
5 24 10.833394 15.005939 -21.410269 13.299587 15.03494 -25.086002 13.985772 15.746848 -23.917465 10.10928 14.445399 -22.63689
3 16 13.299587 15.03494 -25.086002 10.10928 14.445399 -22.63689 10.833394 15.005939 -21.410269
3 16 10.833394 15.005939 -21.410269 13.985772 15.746848 -23.917465 13.299587 15.03494 -25.086002
5 24 11.725835 14.414656 -20.316158 13.985772 15.746848 -23.917465 14.914959 15.313107 -22.780966 10.833394 15.005939 -21.410269
3 16 13.985772 15.746848 -23.917465 10.833394 15.005939 -21.410269 11.725835 14.414656 -20.316158
3 16 11.725835 14.414656 -20.316158 14.914959 15.313107 -22.780966 13.985772 15.746848 -23.917465
5 24 11.725835 14.414656 -20.316158 14.914959 15.313107 -22.780966 10.833394 15.005939 -21.410269 12.263824 13.017919 -19.995472
5 24 12.263824 13.017919 -19.995472 15.542841 13.9878 -22.342253 11.725835 14.414656 -20.316158 12.132214 11.633916 -20.636066
5 24 12.132214 11.633916 -20.636066 15.501614 12.547271 -22.858318 12.263824 13.017919 -19.995472 11.4081 11.073377 -21.862688
5 24 11.4081 11.073377 -21.862688 14.815429 11.835363 -24.026857 12.132214 11.633916 -20.636066 10.515658 11.66466 -22.9568
5 24 10.515658 11.66466 -22.9568 13.886242 12.269103 -25.163355 11.4081 11.073377 -21.862688 9.97767 13.061397 -23.277485
5 24 9.97767 13.061397 -23.277485 13.25836 13.594411 -25.602068 10.515658 11.66466 -22.9568 10.10928 14.445399 -22.63689
5 24 10.10928 14.445399 -22.63689 13.299587 15.03494 -25.086002 9.97767 13.061397 -23.277485 10.833394 15.005939 -21.410269
5 24 10.833394 15.005939 -21.410269 13.985772 15.746848 -23.917465 10.10928 14.445399 -22.63689 11.725835 14.414656 -20.316158
5 24 11.725835 14.414656 -20.316158 12.263824 13.017919 -19.995472 10.095272 13.963659 -19.127092 14.914959 15.313107 -22.780966
5 24 12.263824 13.017919 -19.995472 12.132214 11.633916 -20.636066 10.587286 12.537489 -18.868044 15.542841 13.9878 -22.342253
5 24 12.132214 11.633916 -20.636066 11.4081 11.073377 -21.862688 10.414045 11.188418 -19.570284 15.501614 12.547271 -22.858318
5 24 11.4081 11.073377 -21.862688 10.515658 11.66466 -22.9568 9.677033 10.706714 -20.822451 14.815428 11.835363 -24.026857
5 24 10.515658 11.66466 -22.9568 9.97767 13.061397 -23.277485 8.807981 11.374554 -21.891041 13.886242 12.269103 -25.163355
5 24 9.97767 13.061397 -23.277485 10.10928 14.445399 -22.63689 8.315967 12.800724 -22.150089 13.25836 13.594411 -25.602068
5 24 10.10928 14.445399 -22.63689 10.833394 15.005939 -21.410269 8.489207 14.149795 -21.447847 13.299586 15.03494 -25.086002
5 24 10.833394 15.005939 -21.410269 11.725835 14.414656 -20.316158 9.226219 14.631499 -20.195683 13.985772 15.746848 -23.917465
5 24 8.907251 12.057462 -17.745554 11.725835 14.414656 -20.316158 12.263824 13.017919 -19.995472 8.461896 13.508796 -17.941603
3 16 11.725835 14.414656 -20.316158 8.461896 13.508796 -17.941603 8.907251 12.057462 -17.745554
3 16 8.907251 12.057462 -17.745554 12.263824 13.017919 -19.995472 11.725835 14.414656 -20.316158
5 24 8.693746 10.747357 -18.50791 12.263824 13.017919 -19.995472 12.132214 11.633916 -20.636066 8.907251 12.057462 -17.745554
3 16 12.263824 13.017919 -19.995472 8.907251 12.057462 -17.745554 8.693746 10.747357 -18.50791
3 16 8.693746 10.747357 -18.50791 12.132214 11.633916 -20.636066 12.263824 13.017919 -19.995472
5 24 7.946448 10.345923 -19.782093 12.132214 11.633916 -20.636066 11.4081 11.073377 -21.862688 8.693746 10.747357 -18.50791
3 16 12.132214 11.633916 -20.636066 8.693746 10.747357 -18.50791 7.946448 10.345923 -19.782093
3 16 7.946448 10.345923 -19.782093 11.4081 11.073377 -21.862688 12.132214 11.633916 -20.636066
5 24 7.103116 11.088315 -20.821705 11.4081 11.073377 -21.862688 10.515658 11.66466 -22.9568 7.946448 10.345923 -19.782093
3 16 11.4081 11.073377 -21.862688 7.946448 10.345923 -19.782093 7.103116 11.088315 -20.821705
3 16 7.103116 11.088315 -20.821705 10.515658 11.66466 -22.9568 11.4081 11.073377 -21.862688
5 24 6.657761 12.539649 -21.017754 10.515658 11.66466 -22.9568 9.97767 13.061397 -23.277487 7.103116 11.088315 -20.821705
3 16 10.515658 11.66466 -22.9568 7.103116 11.088315 -20.821705 6.657761 12.539649 -21.017754
3 16 6.657761 12.539649 -21.017754 9.97767 13.061397 -23.277487 10.515658 11.66466 -22.9568
5 24 6.871266 13.849753 -20.255396 9.97767 13.061397 -23.277487 10.109281 14.445399 -22.63689 6.657761 12.539649 -21.017754
3 16 9.97767 13.061397 -23.277487 6.657761 12.539649 -21.017754 6.871266 13.849753 -20.255396
3 16 6.871266 13.849753 -20.255396 10.109281 14.445399 -22.63689 9.97767 13.061397 -23.277487
5 24 7.618564 14.251187 -18.981213 10.109281 14.445399 -22.63689 10.833394 15.005939 -21.410269 6.871266 13.849753 -20.255396
3 16 10.109281 14.445399 -22.63689 6.871266 13.849753 -20.255396 7.618564 14.251187 -18.981213
3 16 7.618564 14.251187 -18.981213 10.833394 15.005939 -21.410269 10.109281 14.445399 -22.63689
5 24 8.461896 13.508796 -17.941603 10.833394 15.005939 -21.410269 11.725835 14.414656 -20.316158 7.618564 14.251187 -18.981213
3 16 10.833394 15.005939 -21.410269 7.618564 14.251187 -18.981213 8.461896 13.508796 -17.941603
3 16 8.461896 13.508796 -17.941603 11.725835 14.414656 -20.316158 10.833394 15.005939 -21.410269
5 24 8.461896 13.508796 -17.941603 11.725835 14.414656 -20.316158 7.618564 14.251187 -18.981213 8.907251 12.057462 -17.745554
5 24 8.907251 12.057462 -17.745554 12.263824 13.017919 -19.995472 8.461896 13.508796 -17.941603 8.693746 10.747357 -18.50791
5 24 8.693746 10.747357 -18.50791 12.132214 11.633916 -20.636066 8.907251 12.057462 -17.745554 7.946448 10.345923 -19.782093
5 24 7.946448 10.345923 -19.782093 11.4081 11.073377 -21.862688 8.693746 10.747357 -18.50791 7.103116 11.088315 -20.821705
5 24 7.103116 11.088315 -20.821705 10.515658 11.66466 -22.9568 7.946448 10.345923 -19.782093 6.657761 12.539649 -21.017754
5 24 6.657761 12.539649 -21.017754 9.97767 13.061397 -23.277487 7.103116 11.088315 -20.821705 6.871266 13.849753 -20.255396
5 24 6.871266 13.849753 -20.255396 10.109281 14.445399 -22.63689 6.657761 12.539649 -21.017754 7.618564 14.251187 -18.981213
5 24 7.618564 14.251187 -18.981213 10.833394 15.005939 -21.410269 6.871266 13.849753 -20.255396 8.461896 13.508796 -17.941603
5 24 8.461896 13.508796 -17.941603 8.907251 12.057462 -17.745554 6.788793 13.058259 -16.804647 11.725835 14.414656 -20.316158
5 24 8.907251 12.057462 -17.745554 8.693746 10.747357 -18.50791 7.188573 11.586654 -16.671602 12.263824 13.017919 -19.995472
5 24 8.693746 10.747357 -18.50791 7.946448 10.345923 -19.782093 6.939899 10.318977 -17.492762 12.132214 11.633916 -20.636066
5 24 7.946448 10.345923 -19.782093 7.103116 11.088315 -20.821705 6.188441 9.997815 -18.7871 11.4081 11.073377 -21.862688
5 24 7.103116 11.088315 -20.821705 6.657761 12.539649 -21.017754 5.374393 10.811302 -19.796412 10.515658 11.66466 -22.9568
5 24 6.657761 12.539649 -21.017754 6.871266 13.849753 -20.255396 4.974613 12.282907 -19.929457 9.97767 13.061397 -23.277485
5 24 6.871266 13.849753 -20.255396 7.618564 14.251187 -18.981213 5.223287 13.550584 -19.108297 10.10928 14.445399 -22.63689
5 24 7.618564 14.251187 -18.981213 8.461896 13.508796 -17.941603 5.974745 13.871746 -17.813959 10.833394 15.005939 -21.410269
5 24 5.466689 11.116867 -15.602512 8.461896 13.508796 -17.941603 8.907251 12.057462 -17.745554 5.112698 12.604509 -15.671498
3 16 8.461896 13.508796 -17.941603 5.112698 12.604509 -15.671498 5.466689 11.116867 -15.602512
3 16 5.466689 11.116867 -15.602512 8.907251 12.057462 -17.745554 8.461896 13.508796 -17.941603
5 24 5.18451 9.895254 -16.480682 8.907251 12.057462 -17.745554 8.693746 10.747357 -18.50791 5.466689 11.116867 -15.602512
3 16 8.907251 12.057462 -17.745554 5.466689 11.116867 -15.602512 5.18451 9.895254 -16.480682
3 16 5.18451 9.895254 -16.480682 8.693746 10.747357 -18.50791 8.907251 12.057462 -17.745554
5 24 4.431458 9.655272 -17.791586 8.693746 10.747357 -18.50791 7.946448 10.345923 -19.782093 5.18451 9.895254 -16.480682
3 16 8.693746 10.747357 -18.50791 5.18451 9.895254 -16.480682 4.431458 9.655272 -17.791586
3 16 4.431458 9.655272 -17.791586 7.946448 10.345923 -19.782093 8.693746 10.747357 -18.50791
5 24 3.648661 10.537502 -18.767315 7.946448 10.345923 -19.782093 7.103116 11.088315 -20.821705 4.431458 9.655272 -17.791586
3 16 7.946448 10.345923 -19.782093 4.431458 9.655272 -17.791586 3.648661 10.537502 -18.767315
3 16 3.648661 10.537502 -18.767315 7.103116 11.088315 -20.821705 7.946448 10.345923 -19.782093
5 24 3.294671 12.025145 -18.8363 7.103116 11.088315 -20.821705 6.657761 12.539649 -21.017754 3.648661 10.537502 -18.767315
3 16 7.103116 11.088315 -20.821705 3.648661 10.537502 -18.767315 3.294671 12.025145 -18.8363
3 16 3.294671 12.025145 -18.8363 6.657761 12.539649 -21.017754 7.103116 11.088315 -20.821705
5 24 3.57685 13.246758 -17.95813 6.657761 12.539649 -21.017754 6.871266 13.849753 -20.255396 3.294671 12.025145 -18.8363
3 16 6.657761 12.539649 -21.017754 3.294671 12.025145 -18.8363 3.57685 13.246758 -17.95813
3 16 3.57685 13.246758 -17.95813 6.871266 13.849753 -20.255396 6.657761 12.539649 -21.017754
5 24 4.329901 13.486739 -16.647226 6.871266 13.849753 -20.255396 7.618564 14.251187 -18.981213 3.57685 13.246758 -17.95813
3 16 6.871266 13.849753 -20.255396 3.57685 13.246758 -17.95813 4.329901 13.486739 -16.647226
3 16 4.329901 13.486739 -16.647226 7.618564 14.251187 -18.981213 6.871266 13.849753 -20.255396
5 24 5.112698 12.604509 -15.671498 7.618564 14.251187 -18.981213 8.461896 13.508796 -17.941603 4.329901 13.486739 -16.647226
3 16 7.618564 14.251187 -18.981213 4.329901 13.486739 -16.647226 5.112698 12.604509 -15.671498
3 16 5.112698 12.604509 -15.671498 8.461896 13.508796 -17.941603 7.618564 14.251187 -18.981213
5 24 5.112698 12.604509 -15.671498 8.461896 13.508796 -17.941603 4.329901 13.486739 -16.647226 5.466689 11.116867 -15.602512
5 24 5.466689 11.116867 -15.602512 8.907251 12.057462 -17.745554 5.112698 12.604509 -15.671498 5.18451 9.895254 -16.480682
5 24 5.18451 9.895254 -16.480682 8.693746 10.747357 -18.50791 5.466689 11.116867 -15.602512 4.431458 9.655272 -17.791586
5 24 4.431458 9.655272 -17.791586 7.946448 10.345923 -19.782093 5.18451 9.895254 -16.480682 3.648661 10.537502 -18.767315
5 24 3.648661 10.537502 -18.767315 7.103116 11.088315 -20.821705 4.431458 9.655272 -17.791586 3.294671 12.025145 -18.8363
5 24 3.294671 12.025145 -18.8363 6.657761 12.539649 -21.017754 3.648661 10.537502 -18.767315 3.57685 13.246758 -17.95813
5 24 3.57685 13.246758 -17.95813 6.871266 13.849753 -20.255396 3.294671 12.025145 -18.8363 4.329901 13.486739 -16.647226
5 24 4.329901 13.486739 -16.647226 7.618564 14.251187 -18.981213 3.57685 13.246758 -17.95813 5.112698 12.604509 -15.671498
5 24 5.112698 12.604509 -15.671498 5.466689 11.116867 -15.602512 3.391335 12.159932 -14.596536 8.461896 13.508796 -17.941603
5 24 5.466689 11.116867 -15.602512 5.18451 9.895254 -16.480682 3.702362 10.661143 -14.589972 8.907251 12.057462 -17.745554
5 24 5.18451 9.895254 -16.480682 4.431458 9.655272 -17.791586 3.393407 9.487482 -15.522823 8.693746 10.747357 -18.50791
5 24 4.431458 9.655272 -17.791586 3.648661 10.537502 -18.767315 2.645453 9.326462 -16.848639 7.946448 10.345923 -19.782093
5 24 3.648661 10.537502 -18.767315 3.294671 12.025145 -18.8363 1.89664 10.272407 -17.79077 7.103116 11.088315 -20.821705
5 24 3.294671 12.025145 -18.8363 3.57685 13.246758 -17.95813 1.585613 11.771195 -17.797333 6.657761 12.539649 -21.017754
5 24 3.57685 13.246758 -17.95813 4.329901 13.486739 -16.647226 1.894568 12.944857 -16.864481 6.871266 13.849753 -20.255396
5 24 4.329901 13.486739 -16.647226 5.112698 12.604509 -15.671498 2.642522 13.105877 -15.538668 7.618564 14.251187 -18.981213
5 24 1.935302 10.206925 -13.582039 5.112699 12.604509 -15.671498 5.466689 11.116868 -15.602512 1.666985 11.712895 -13.525428
3 16 5.112699 12.604509 -15.671498 1.666985 11.712895 -13.525428 1.935302 10.206925 -13.582039
3 16 1.935302 10.206925 -13.582039 5.466689 11.116868 -15.602512 5.112699 12.604509 -15.671498
5 24 1.601426 9.084298 -14.567625 5.466689 11.116868 -15.602512 5.18451 9.895254 -16.480682 1.935302 10.206925 -13.582039
3 16 5.466689 11.116868 -15.602512 1.935302 10.206925 -13.582039 1.601426 9.084298 -14.567625
3 16 1.601426 9.084298 -14.567625 5.18451 9.895254 -16.480682 5.466689 11.116868 -15.602512
5 24 0.860938 9.002633 -15.904844 5.18451 9.895254 -16.480682 4.431458 9.655272 -17.791586 1.601426 9.084298 -14.567625
3 16 5.18451 9.895254 -16.480682 1.601426 9.084298 -14.567625 0.860938 9.002633 -15.904844
3 16 0.860938 9.002633 -15.904844 4.431458 9.655272 -17.791586 5.18451 9.895254 -16.480682
5 24 0.147605 10.009769 -16.810371 4.431458 9.655272 -17.791586 3.648661 10.537502 -18.767315 0.860938 9.002633 -15.904844
3 16 4.431458 9.655272 -17.791586 0.860938 9.002633 -15.904844 0.147605 10.009769 -16.810371
3 16 0.147605 10.009769 -16.810371 3.648661 10.537502 -18.767315 4.431458 9.655272 -17.791586
5 24 -0.120712 11.51574 -16.753759 3.648661 10.537502 -18.767315 3.294671 12.025145 -18.8363 0.147605 10.009769 -16.810371
3 16 3.648661 10.537502 -18.767315 0.147605 10.009769 -16.810371 -0.120712 11.51574 -16.753759
3 16 -0.120712 11.51574 -16.753759 3.294671 12.025145 -18.8363 3.648661 10.537502 -18.767315
5 24 0.213163 12.638368 -15.768173 3.294671 12.025145 -18.8363 3.57685 13.246758 -17.95813 -0.120712 11.51574 -16.753759
3 16 3.294671 12.025145 -18.8363 -0.120712 11.51574 -16.753759 0.213163 12.638368 -15.768173
3 16 0.213163 12.638368 -15.768173 3.57685 13.246758 -17.95813 3.294671 12.025145 -18.8363
5 24 0.953652 12.720033 -14.430955 3.57685 13.246758 -17.95813 4.329902 13.486739 -16.647226 0.213163 12.638368 -15.768173
3 16 3.57685 13.246758 -17.95813 0.213163 12.638368 -15.768173 0.953652 12.720033 -14.430955
3 16 0.953652 12.720033 -14.430955 4.329902 13.486739 -16.647226 3.57685 13.246758 -17.95813
5 24 1.666985 11.712895 -13.525428 4.329902 13.486739 -16.647226 5.112699 12.604509 -15.671498 0.953652 12.720033 -14.430955
3 16 4.329902 13.486739 -16.647226 0.953652 12.720033 -14.430955 1.666985 11.712895 -13.525428
3 16 1.666985 11.712895 -13.525428 5.112699 12.604509 -15.671498 4.329902 13.486739 -16.647226
5 24 1.666985 11.712895 -13.525428 5.112699 12.604509 -15.671498 0.953652 12.720033 -14.430955 1.935302 10.206925 -13.582039
5 24 1.935302 10.206925 -13.582039 5.466689 11.116868 -15.602512 1.666985 11.712895 -13.525428 1.601426 9.084298 -14.567625
5 24 1.601426 9.084298 -14.567625 5.18451 9.895254 -16.480682 1.935302 10.206925 -13.582039 0.860938 9.002633 -15.904844
5 24 0.860938 9.002633 -15.904844 4.431458 9.655272 -17.791586 1.601426 9.084298 -14.567625 0.147605 10.009769 -16.810371
5 24 0.147605 10.009769 -16.810371 3.648661 10.537502 -18.767315 0.860938 9.002633 -15.904844 -0.120712 11.51574 -16.753759
5 24 -0.120712 11.51574 -16.753759 3.294671 12.025145 -18.8363 0.147605 10.009769 -16.810371 0.213163 12.638368 -15.768173
5 24 0.213163 12.638368 -15.768173 3.57685 13.246758 -17.95813 -0.120712 11.51574 -16.753759 0.953652 12.720033 -14.430955
5 24 0.953652 12.720033 -14.430955 4.329902 13.486739 -16.647226 0.213163 12.638368 -15.768173 1.666985 11.712895 -13.525428
5 24 1.666985 11.712895 -13.525428 1.935302 10.206925 -13.582039 -0.107182 11.279417 -12.520366 5.112698 12.604509 -15.671498
5 24 1.935302 10.206925 -13.582039 1.601426 9.084298 -14.567625 0.122664 9.770552 -12.637166 5.466689 11.116868 -15.602512
5 24 1.601426 9.084298 -14.567625 0.860938 9.002633 -15.904844 -0.227627 8.699292 -13.672949 5.18451 9.895254 -16.480682
5 24 0.860938 9.002633 -15.904844 0.147605 10.009769 -16.810371 -0.952858 8.693167 -15.020966 4.431458 9.655272 -17.791586
5 24 0.147605 10.009769 -16.810371 -0.120712 11.51574 -16.753759 -1.6282 9.755765 -15.891565 3.648661 10.537502 -18.767315
5 24 -0.120712 11.51574 -16.753759 0.213163 12.638368 -15.768173 -1.858046 11.26463 -15.774765 3.294671 12.025145 -18.8363
5 24 0.213163 12.638368 -15.768173 0.953652 12.720033 -14.430955 -1.507755 12.33589 -14.738983 3.57685 13.246758 -17.95813
5 24 0.953652 12.720033 -14.430955 1.666985 11.712895 -13.525428 -0.782523 12.342015 -13.390966 4.329901 13.486739 -16.647226
5 24 -1.692145 9.335999 -11.696614 1.666985 11.712896 -13.525429 1.935302 10.206925 -13.582039 -1.884229 10.844225 -11.519111
3 16 1.666985 11.712896 -13.525429 -1.884229 10.844225 -11.519111 -1.692145 9.335999 -11.696614
3 16 -1.692145 9.335999 -11.696614 1.935302 10.206925 -13.582039 1.666985 11.712896 -13.525429
5 24 -2.056871 8.318576 -12.780575 1.935302 10.206925 -13.582039 1.601426 9.084298 -14.567625 -1.692145 9.335999 -11.696614
3 16 1.935302 10.206925 -13.582039 -1.692145 9.335999 -11.696614 -2.056871 8.318576 -12.780575
3 16 -2.056871 8.318576 -12.780575 1.601426 9.084298 -14.567625 1.935302 10.206925 -13.582039
5 24 -2.764753 8.387945 -14.136022 1.601426 9.084298 -14.567625 0.860938 9.002633 -15.904844 -2.056871 8.318576 -12.780575
3 16 1.601426 9.084298 -14.567625 -2.056871 8.318576 -12.780575 -2.764753 8.387945 -14.136022
3 16 -2.764753 8.387945 -14.136022 0.860938 9.002633 -15.904844 1.601426 9.084298 -14.567625
5 24 -3.401125 9.503473 -14.968953 0.860938 9.002633 -15.904844 0.147605 10.009769 -16.810371 -2.764753 8.387945 -14.136022
3 16 0.860938 9.002633 -15.904844 -2.764753 8.387945 -14.136022 -3.401125 9.503473 -14.968953
3 16 -3.401125 9.503473 -14.968953 0.147605 10.009769 -16.810371 0.860938 9.002633 -15.904844
5 24 -3.593209 11.011698 -14.79145 0.147605 10.009769 -16.810371 -0.120712 11.51574 -16.753759 -3.401125 9.503473 -14.968953
3 16 0.147605 10.009769 -16.810371 -3.401125 9.503473 -14.968953 -3.593209 11.011698 -14.79145
3 16 -3.593209 11.011698 -14.79145 -0.120712 11.51574 -16.753759 0.147605 10.009769 -16.810371
5 24 -3.228483 12.029122 -13.707489 -0.120712 11.51574 -16.753759 0.213164 12.638368 -15.768173 -3.593209 11.011698 -14.79145
3 16 -0.120712 11.51574 -16.753759 -3.593209 11.011698 -14.79145 -3.228483 12.029122 -13.707489
3 16 -3.228483 12.029122 -13.707489 0.213164 12.638368 -15.768173 -0.120712 11.51574 -16.753759
5 24 -2.520601 11.959753 -12.352042 0.213164 12.638368 -15.768173 0.953652 12.720033 -14.430955 -3.228483 12.029122 -13.707489
3 16 0.213164 12.638368 -15.768173 -3.228483 12.029122 -13.707489 -2.520601 11.959753 -12.352042
3 16 -2.520601 11.959753 -12.352042 0.953652 12.720033 -14.430955 0.213164 12.638368 -15.768173
5 24 -1.884229 10.844225 -11.519111 0.953652 12.720033 -14.430955 1.666985 11.712896 -13.525429 -2.520601 11.959753 -12.352042
3 16 0.953652 12.720033 -14.430955 -2.520601 11.959753 -12.352042 -1.884229 10.844225 -11.519111
3 16 -1.884229 10.844225 -11.519111 1.666985 11.712896 -13.525429 0.953652 12.720033 -14.430955
5 24 -1.884229 10.844225 -11.519111 1.666985 11.712896 -13.525429 -2.520601 11.959753 -12.352042 -1.692145 9.335999 -11.696614
5 24 -1.692145 9.335999 -11.696614 1.935302 10.206925 -13.582039 -1.884229 10.844225 -11.519111 -2.056871 8.318576 -12.780575
5 24 -2.056871 8.318576 -12.780575 1.601426 9.084298 -14.567625 -1.692145 9.335999 -11.696614 -2.764753 8.387945 -14.136022
5 24 -2.764753 8.387945 -14.136022 0.860938 9.002633 -15.904844 -2.056871 8.318576 -12.780575 -3.401125 9.503473 -14.968953
5 24 -3.401125 9.503473 -14.968953 0.147605 10.009769 -16.810371 -2.764753 8.387945 -14.136022 -3.593209 11.011698 -14.79145
5 24 -3.593209 11.011698 -14.79145 -0.120712 11.51574 -16.753759 -3.401125 9.503473 -14.968953 -3.228483 12.029122 -13.707489
5 24 -3.228483 12.029122 -13.707489 0.213164 12.638368 -15.768173 -3.593209 11.011698 -14.79145 -2.520601 11.959753 -12.352042
5 24 -2.520601 11.959753 -12.352042 0.953652 12.720033 -14.430955 -3.228483 12.029122 -13.707489 -1.884229 10.844225 -11.519111
5 24 -1.884229 10.844225 -11.519111 -1.692145 9.335999 -11.696614 -3.718786 10.428196 -10.600156 1.666985 11.712896 -13.525429
5 24 -1.692145 9.335999 -11.696614 -2.056871 8.318576 -12.780575 -3.55897 8.923976 -10.834525 1.935302 10.206925 -13.582039
5 24 -2.056871 8.318576 -12.780575 -2.764753 8.387945 -14.136022 -3.92809 7.959311 -11.964268 1.601426 9.084298 -14.567625
5 24 -2.764753 8.387945 -14.136022 -3.401125 9.503473 -14.968953 -4.60992 8.099287 -13.327595 0.860938 9.002633 -15.904844
5 24 -3.401125 9.503473 -14.968953 -3.593209 11.011698 -14.79145 -5.205052 9.261909 -14.125889 0.147605 10.009769 -16.810371
5 24 -3.593209 11.011698 -14.79145 -3.228483 12.029122 -13.707489 -5.364868 10.766129 -13.89152 -0.120712 11.51574 -16.753759
5 24 -3.228483 12.029122 -13.707489 -2.520601 11.959753 -12.352042 -4.995748 11.730794 -12.761777 0.213163 12.638368 -15.768173
5 24 -2.520601 11.959753 -12.352042 -1.884229 10.844225 -11.519111 -4.313919 11.590818 -11.398449 0.953652 12.720033 -14.430955
5 24 -5.427389 8.513937 -9.976544 -1.884229 10.844225 -11.519111 -1.692145 9.335999 -11.696614 -5.556056 10.011128 -9.68498
3 16 -1.884229 10.844225 -11.519111 -5.556056 10.011128 -9.68498 -5.427389 8.513937 -9.976544
3 16 -5.427389 8.513937 -9.976544 -1.692145 9.335999 -11.696614 -1.884229 10.844225 -11.519111
5 24 -5.79885 7.603891 -11.149992 -1.692145 9.335999 -11.696614 -2.05687 8.318576 -12.780575 -5.427389 8.513937 -9.976544
3 16 -1.692145 9.335999 -11.696614 -5.427389 8.513937 -9.976544 -5.79885 7.603891 -11.149992
3 16 -5.79885 7.603891 -11.149992 -2.05687 8.318576 -12.780575 -1.692145 9.335999 -11.696614
5 24 -6.452843 7.814082 -12.517933 -2.05687 8.318576 -12.780575 -2.764753 8.387945 -14.136022 -5.79885 7.603891 -11.149992
3 16 -2.05687 8.318576 -12.780575 -5.79885 7.603891 -11.149992 -6.452843 7.814082 -12.517933
3 16 -6.452843 7.814082 -12.517933 -2.764753 8.387945 -14.136022 -2.05687 8.318576 -12.780575
5 24 -7.006266 9.021383 -13.279044 -2.764753 8.387945 -14.136022 -3.401125 9.503473 -14.968953 -6.452843 7.814082 -12.517933
3 16 -2.764753 8.387945 -14.136022 -6.452843 7.814082 -12.517933 -7.006266 9.021383 -13.279044
3 16 -7.006266 9.021383 -13.279044 -3.401125 9.503473 -14.968953 -2.764753 8.387945 -14.136022
5 24 -7.134933 10.518575 -12.98748 -3.401125 9.503473 -14.968953 -3.593209 11.011698 -14.79145 -7.006266 9.021383 -13.279044
3 16 -3.401125 9.503473 -14.968953 -7.006266 9.021383 -13.279044 -7.134933 10.518575 -12.98748
3 16 -7.134933 10.518575 -12.98748 -3.593209 11.011698 -14.79145 -3.401125 9.503473 -14.968953
5 24 -6.763472 11.428621 -11.814033 -3.593209 11.011698 -14.79145 -3.228483 12.029122 -13.707489 -7.134933 10.518575 -12.98748
3 16 -3.593209 11.011698 -14.79145 -7.134933 10.518575 -12.98748 -6.763472 11.428621 -11.814033
3 16 -6.763472 11.428621 -11.814033 -3.228483 12.029122 -13.707489 -3.593209 11.011698 -14.79145
5 24 -6.10948 11.218431 -10.446092 -3.228483 12.029122 -13.707489 -2.520601 11.959753 -12.352042 -6.763472 11.428621 -11.814033
3 16 -3.228483 12.029122 -13.707489 -6.763472 11.428621 -11.814033 -6.10948 11.218431 -10.446092
3 16 -6.10948 11.218431 -10.446092 -2.520601 11.959753 -12.352042 -3.228483 12.029122 -13.707489
5 24 -5.556056 10.011128 -9.68498 -2.520601 11.959753 -12.352042 -1.884229 10.844225 -11.519111 -6.10948 11.218431 -10.446092
3 16 -2.520601 11.959753 -12.352042 -6.10948 11.218431 -10.446092 -5.556056 10.011128 -9.68498
3 16 -5.556056 10.011128 -9.68498 -1.884229 10.844225 -11.519111 -2.520601 11.959753 -12.352042
5 24 -5.556056 10.011128 -9.68498 -1.884229 10.844225 -11.519111 -6.10948 11.218431 -10.446092 -5.427389 8.513937 -9.976544
5 24 -5.427389 8.513937 -9.976544 -1.692145 9.335999 -11.696614 -5.556056 10.011128 -9.68498 -5.79885 7.603891 -11.149992
5 24 -5.79885 7.603891 -11.149992 -2.05687 8.318576 -12.780575 -5.427389 8.513937 -9.976544 -6.452843 7.814082 -12.517933
5 24 -6.452843 7.814082 -12.517933 -2.764753 8.387945 -14.136022 -5.79885 7.603891 -11.149992 -7.006266 9.021383 -13.279044
5 24 -7.006266 9.021383 -13.279044 -3.401125 9.503473 -14.968953 -6.452843 7.814082 -12.517933 -7.134933 10.518575 -12.98748
5 24 -7.134933 10.518575 -12.98748 -3.593209 11.011698 -14.79145 -7.006266 9.021383 -13.279044 -6.763472 11.428621 -11.814033
5 24 -6.763472 11.428621 -11.814033 -3.228483 12.029122 -13.707489 -7.134933 10.518575 -12.98748 -6.10948 11.218431 -10.446092
5 24 -6.10948 11.218431 -10.446092 -2.520601 11.959753 -12.352042 -6.763472 11.428621 -11.814033 -5.556056 10.011128 -9.68498
5 24 -5.556056 10.011128 -9.68498 -5.427389 8.513937 -9.976544 -7.455507 9.618585 -8.868324 -1.884229 10.844225 -11.519111
5 24 -5.427389 8.513937 -9.976544 -5.79885 7.603891 -11.149992 -7.351295 8.130765 -9.212825 -1.692145 9.335999 -11.696614
5 24 -5.79885 7.603891 -11.149992 -6.452843 7.814082 -12.517933 -7.71366 7.273105 -10.427838 -2.05687 8.318576 -12.780575
5 24 -6.452843 7.814082 -12.517933 -7.006266 9.021383 -13.279044 -8.330331 7.548008 -11.801625 -2.764753 8.387945 -14.136022
5 24 -7.006266 9.021383 -13.279044 -7.134933 10.518575 -12.98748 -8.840072 8.794442 -12.52944 -3.401125 9.503473 -14.968953
5 24 -7.134933 10.518575 -12.98748 -6.763472 11.428621 -11.814033 -8.944283 10.282261 -12.18494 -3.593209 11.011698 -14.79145
5 24 -6.763472 11.428621 -11.814033 -6.10948 11.218431 -10.446092 -8.581919 11.139921 -10.969927 -3.228483 12.029122 -13.707489
5 24 -6.10948 11.218431 -10.446092 -5.556056 10.011128 -9.68498 -7.965247 10.865018 -9.596139 -2.520601 11.959753 -12.352042
5 24 -9.276248 7.749629 -8.45316 -5.556056 10.011128 -9.68498 -5.427389 8.513937 -9.976544 -9.357472 9.225592 -8.055564
3 16 -5.556056 10.011128 -9.68498 -9.357472 9.225592 -8.055564 -9.276248 7.749629 -8.45316
3 16 -9.276248 7.749629 -8.45316 -5.427389 8.513937 -9.976544 -5.556056 10.011128 -9.68498
5 24 -9.627433 6.945646 -9.707524 -5.427389 8.513937 -9.976544 -5.79885 7.603891 -11.149992 -9.276248 7.749629 -8.45316
3 16 -5.427389 8.513937 -9.976544 -9.276248 7.749629 -8.45316 -9.627433 6.945646 -9.707524
3 16 -9.627433 6.945646 -9.707524 -5.79885 7.603891 -11.149992 -5.427389 8.513937 -9.976544
5 24 -10.205308 7.284605 -11.083865 -5.79885 7.603891 -11.149992 -6.452842 7.814082 -12.517933 -9.627433 6.945646 -9.707524
3 16 -5.79885 7.603891 -11.149992 -9.627433 6.945646 -9.707524 -10.205308 7.284605 -11.083865
3 16 -10.205308 7.284605 -11.083865 -6.452842 7.814082 -12.517933 -5.79885 7.603891 -11.149992
5 24 -10.671362 8.567948 -11.775941 -6.452842 7.814082 -12.517933 -7.006266 9.021383 -13.279044 -10.205308 7.284605 -11.083865
3 16 -6.452842 7.814082 -12.517933 -10.205308 7.284605 -11.083865 -10.671362 8.567948 -11.775941
3 16 -10.671362 8.567948 -11.775941 -7.006266 9.021383 -13.279044 -6.452842 7.814082 -12.517933
5 24 -10.752586 10.043912 -11.378345 -7.006266 9.021383 -13.279044 -7.134933 10.518575 -12.98748 -10.671362 8.567948 -11.775941
3 16 -7.006266 9.021383 -13.279044 -10.671362 8.567948 -11.775941 -10.752586 10.043912 -11.378345
3 16 -10.752586 10.043912 -11.378345 -7.134933 10.518575 -12.98748 -7.006266 9.021383 -13.279044
5 24 -10.401402 10.847894 -10.123981 -7.134933 10.518575 -12.98748 -6.763472 11.428621 -11.814033 -10.752586 10.043912 -11.378345
3 16 -7.134933 10.518575 -12.98748 -10.752586 10.043912 -11.378345 -10.401402 10.847894 -10.123981
3 16 -10.401402 10.847894 -10.123981 -6.763472 11.428621 -11.814033 -7.134933 10.518575 -12.98748
5 24 -9.823526 10.508935 -8.747641 -6.763472 11.428621 -11.814033 -6.10948 11.218431 -10.446092 -10.401402 10.847894 -10.123981
3 16 -6.763472 11.428621 -11.814033 -10.401402 10.847894 -10.123981 -9.823526 10.508935 -8.747641
3 16 -9.823526 10.508935 -8.747641 -6.10948 11.218431 -10.446092 -6.763472 11.428621 -11.814033
5 24 -9.357472 9.225592 -8.055564 -6.10948 11.218431 -10.446092 -5.556056 10.011128 -9.68498 -9.823526 10.508935 -8.747641
3 16 -6.10948 11.218431 -10.446092 -9.823526 10.508935 -8.747641 -9.357472 9.225592 -8.055564
3 16 -9.357472 9.225592 -8.055564 -5.556056 10.011128 -9.68498 -6.10948 11.218431 -10.446092
5 24 -9.357472 9.225592 -8.055564 -5.556056 10.011128 -9.68498 -9.823526 10.508935 -8.747641 -9.276248 7.749629 -8.45316
5 24 -9.276248 7.749629 -8.45316 -5.427389 8.513937 -9.976544 -9.357472 9.225592 -8.055564 -9.627433 6.945646 -9.707524
5 24 -9.627433 6.945646 -9.707524 -5.79885 7.603891 -11.149992 -9.276248 7.749629 -8.45316 -10.205308 7.284605 -11.083865
5 24 -10.205308 7.284605 -11.083865 -6.452842 7.814082 -12.517933 -9.627433 6.945646 -9.707524 -10.671362 8.567948 -11.775941
5 24 -10.671362 8.567948 -11.775941 -7.006266 9.021383 -13.279044 -10.205308 7.284605 -11.083865 -10.752586 10.043912 -11.378345
5 24 -10.752586 10.043912 -11.378345 -7.134933 10.518575 -12.98748 -10.671362 8.567948 -11.775941 -10.401402 10.847894 -10.123981
5 24 -10.401402 10.847894 -10.123981 -6.763472 11.428621 -11.814033 -10.752586 10.043912 -11.378345 -9.823526 10.508935 -8.747641
5 24 -9.823526 10.508935 -8.747641 -6.10948 11.218431 -10.446092 -10.401402 10.847894 -10.123981 -9.357472 9.225592 -8.055564
5 24 -9.357472 9.225592 -8.055564 -9.276248 7.749629 -8.45316 -11.326712 8.864324 -7.367001 -5.556056 10.011128 -9.68498
5 24 -9.276248 7.749629 -8.45316 -9.627433 6.945646 -9.707524 -11.257351 7.402018 -7.814211 -5.427389 8.513937 -9.976544
5 24 -9.627433 6.945646 -9.707524 -10.205308 7.284605 -11.083865 -11.583237 6.648661 -9.106263 -5.79885 7.603891 -11.149992
5 24 -10.205308 7.284605 -11.083865 -10.671362 8.567948 -11.775941 -12.11347 7.045557 -10.486289 -6.452842 7.814082 -12.517933
5 24 -10.671362 8.567948 -11.775941 -10.752586 10.043912 -11.378345 -12.537448 8.360213 -11.145888 -7.006266 9.021383 -13.279044
5 24 -10.752586 10.043912 -11.378345 -10.401402 10.847894 -10.123981 -12.606809 9.822518 -10.698678 -7.134933 10.518575 -12.98748
5 24 -10.401402 10.847894 -10.123981 -9.823526 10.508935 -8.747641 -12.280922 10.575875 -9.406626 -6.763472 11.428621 -11.814033
5 24 -9.823526 10.508935 -8.747641 -9.357472 9.225592 -8.055564 -11.750689 10.178979 -8.0266 -6.10948 11.218431 -10.446092
5 24 -13.238819 7.056262 -7.179373 -9.357472 9.225592 -8.055564 -9.276247 7.749629 -8.45316 -13.298052 8.502978 -6.682734
3 16 -9.357472 9.225592 -8.055564 -13.298052 8.502978 -6.682734 -13.238819 7.056262 -7.179373
3 16 -13.238819 7.056262 -7.179373 -9.276247 7.749629 -8.45316 -9.357472 9.225592 -8.055564
5 24 -13.537457 6.354376 -8.506519 -9.276247 7.749629 -8.45316 -9.627433 6.945646 -9.707524 -13.238819 7.056262 -7.179373
3 16 -9.276247 7.749629 -8.45316 -13.238819 7.056262 -7.179373 -13.537457 6.354376 -8.506519
3 16 -13.537457 6.354376 -8.506519 -9.627433 6.945646 -9.707524 -9.276247 7.749629 -8.45316
5 24 -14.019028 6.808475 -9.886748 -9.627433 6.945646 -9.707524 -10.205308 7.284605 -11.083865 -13.537457 6.354376 -8.506519
3 16 -9.627433 6.945646 -9.707524 -13.537457 6.354376 -8.506519 -14.019028 6.808475 -9.886748
3 16 -14.019028 6.808475 -9.886748 -10.205308 7.284605 -11.083865 -9.627433 6.945646 -9.707524
5 24 -14.401433 8.152554 -10.511539 -10.205308 7.284605 -11.083865 -10.671362 8.567948 -11.775941 -14.019028 6.808475 -9.886748
3 16 -10.205308 7.284605 -11.083865 -14.019028 6.808475 -9.886748 -14.401433 8.152554 -10.511539
3 16 -14.401433 8.152554 -10.511539 -10.671362 8.567948 -11.775941 -10.205308 7.284605 -11.083865
5 24 -14.460665 9.59927 -10.0149 -10.671362 8.567948 -11.775941 -10.752586 10.043912 -11.378345 -14.401433 8.152554 -10.511539
3 16 -10.671362 8.567948 -11.775941 -14.401433 8.152554 -10.511539 -14.460665 9.59927 -10.0149
3 16 -14.460665 9.59927 -10.0149 -10.752586 10.043912 -11.378345 -10.671362 8.567948 -11.775941
5 24 -14.162027 10.301155 -8.687754 -10.752586 10.043912 -11.378345 -10.401402 10.847894 -10.123981 -14.460665 9.59927 -10.0149
3 16 -10.752586 10.043912 -11.378345 -14.460665 9.59927 -10.0149 -14.162027 10.301155 -8.687754
3 16 -14.162027 10.301155 -8.687754 -10.401402 10.847894 -10.123981 -10.752586 10.043912 -11.378345
5 24 -13.680457 9.847057 -7.307525 -10.401402 10.847894 -10.123981 -9.823526 10.508936 -8.747641 -14.162027 10.301155 -8.687754
3 16 -10.401402 10.847894 -10.123981 -14.162027 10.301155 -8.687754 -13.680457 9.847057 -7.307525
3 16 -13.680457 9.847057 -7.307525 -9.823526 10.508936 -8.747641 -10.401402 10.847894 -10.123981
5 24 -13.298052 8.502978 -6.682734 -9.823526 10.508936 -8.747641 -9.357472 9.225592 -8.055564 -13.680457 9.847057 -7.307525
3 16 -9.823526 10.508936 -8.747641 -13.680457 9.847057 -7.307525 -13.298052 8.502978 -6.682734
3 16 -13.298052 8.502978 -6.682734 -9.357472 9.225592 -8.055564 -9.823526 10.508936 -8.747641
5 24 -13.298052 8.502978 -6.682734 -9.357472 9.225592 -8.055564 -13.680457 9.847057 -7.307525 -13.238819 7.056262 -7.179373
5 24 -13.238819 7.056262 -7.179373 -9.276247 7.749629 -8.45316 -13.298052 8.502978 -6.682734 -13.537457 6.354376 -8.506519
5 24 -13.537457 6.354376 -8.506519 -9.627433 6.945646 -9.707524 -13.238819 7.056262 -7.179373 -14.019028 6.808475 -9.886748
5 24 -14.019028 6.808475 -9.886748 -10.205308 7.284605 -11.083865 -13.537457 6.354376 -8.506519 -14.401433 8.152554 -10.511539
5 24 -14.401433 8.152554 -10.511539 -10.671362 8.567948 -11.775941 -14.019028 6.808475 -9.886748 -14.460665 9.59927 -10.0149
5 24 -14.460665 9.59927 -10.0149 -10.752586 10.043912 -11.378345 -14.401433 8.152554 -10.511539 -14.162027 10.301155 -8.687754
5 24 -14.162027 10.301155 -8.687754 -10.401402 10.847894 -10.123981 -14.460665 9.59927 -10.0149 -13.680457 9.847057 -7.307525
5 24 -13.680457 9.847057 -7.307525 -9.823526 10.508936 -8.747641 -14.162027 10.301155 -8.687754 -13.298052 8.502978 -6.682734
5 24 -13.298052 8.502978 -6.682734 -13.238819 7.056262 -7.179373 -15.068288 8.204377 -6.21721 -9.357472 9.225592 -8.055564
5 24 -13.238819 7.056262 -7.179373 -13.537457 6.354376 -8.506519 -14.864758 6.800399 -6.79216 -9.276248 7.749629 -8.45316
5 24 -13.537457 6.354376 -8.506519 -14.019028 6.808475 -9.886748 -15.07646 6.150488 -8.161811 -9.627433 6.945646 -9.707524
5 24 -14.019028 6.808475 -9.886748 -14.401433 8.152554 -10.511539 -15.579382 6.635352 -9.52384 -10.205308 7.284605 -11.083865
5 24 -14.401433 8.152554 -10.511539 -14.460665 9.59927 -10.0149 -16.07892 7.970966 -10.080387 -10.671362 8.567948 -11.775941
5 24 -14.460665 9.59927 -10.0149 -14.162027 10.301155 -8.687754 -16.282452 9.374944 -9.505438 -10.752586 10.043912 -11.378345
5 24 -14.162027 10.301155 -8.687754 -13.680457 9.847057 -7.307525 -16.070749 10.024855 -8.135786 -10.401402 10.847894 -10.123981
5 24 -13.680457 9.847057 -7.307525 -13.298052 8.502978 -6.682734 -15.567826 9.53999 -6.773757 -9.823526 10.508936 -8.747641
5 24 -16.488783 6.55734 -6.403804 -13.298052 8.502978 -6.682734 -13.238819 7.056262 -7.179373 -16.832993 7.900786 -5.75587
3 16 -13.298052 8.502978 -6.682734 -16.832993 7.900786 -5.75587 -16.488783 6.55734 -6.403804
3 16 -16.488783 6.55734 -6.403804 -13.238819 7.056262 -7.179373 -13.298052 8.502978 -6.682734
5 24 -16.61829 5.969697 -7.811302 -13.238819 7.056262 -7.179373 -13.537457 6.354376 -8.506519 -16.488783 6.55734 -6.403804
3 16 -13.238819 7.056262 -7.179373 -16.488783 6.55734 -6.403804 -16.61829 5.969697 -7.811302
3 16 -16.61829 5.969697 -7.811302 -13.537457 6.354376 -8.506519 -13.238819 7.056262 -7.179373
4 16 -17.145649 6.48209 -9.153871 -14.019028 6.808475 -9.886748 -13.537457 6.354376 -8.506519 -16.61829 5.969697 -7.811302
4 16 -17.76194 7.794368 -9.645052 -14.401432 8.152554 -10.511539 -14.019028 6.808475 -9.886748 -17.145649 6.48209 -9.153871
5 24 -18.10615 9.137815 -8.997118 -14.401432 8.152554 -10.511539 -14.460665 9.59927 -10.0149 -17.76194 7.794368 -9.645052
3 16 -14.401432 8.152554 -10.511539 -17.76194 7.794368 -9.645052 -18.10615 9.137815 -8.997118
3 16 -18.10615 9.137815 -8.997118 -14.460665 9.59927 -10.0149 -14.401432 8.152554 -10.511539
5 24 -17.976645 9.725457 -7.58962 -14.460665 9.59927 -10.0149 -14.162027 10.301155 -8.687754 -18.10615 9.137815 -8.997118
3 16 -14.460665 9.59927 -10.0149 -18.10615 9.137815 -8.997118 -17.976645 9.725457 -7.58962
3 16 -17.976645 9.725457 -7.58962 -14.162027 10.301155 -8.687754 -14.460665 9.59927 -10.0149
4 16 -17.449284 9.213063 -6.247051 -13.680457 9.847057 -7.307525 -14.162027 10.301155 -8.687754 -17.976645 9.725457 -7.58962
4 16 -16.832993 7.900786 -5.75587 -13.298052 8.502978 -6.682734 -13.680457 9.847057 -7.307525 -17.449284 9.213063 -6.247051
5 24 -16.832993 7.900786 -5.75587 -13.298052 8.502978 -6.682734 -17.449284 9.213063 -6.247051 -16.488783 6.55734 -6.403804
5 24 -16.488783 6.55734 -6.403804 -13.238819 7.056262 -7.179373 -16.832993 7.900786 -5.75587 -16.61829 5.969697 -7.811302
5 24 -16.61829 5.969697 -7.811302 -13.537457 6.354376 -8.506519 -16.488783 6.55734 -6.403804 -17.145649 6.48209 -9.153871
5 24 -17.145649 6.48209 -9.153871 -14.019028 6.808475 -9.886748 -16.61829 5.969697 -7.811302 -17.76194 7.794368 -9.645052
5 24 -17.76194 7.794368 -9.645052 -14.401432 8.152554 -10.511539 -17.145649 6.48209 -9.153871 -18.10615 9.137815 -8.997118
5 24 -18.10615 9.137815 -8.997118 -14.460665 9.59927 -10.0149 -17.76194 7.794368 -9.645052 -17.976645 9.725457 -7.58962
5 24 -17.976645 9.725457 -7.58962 -14.162027 10.301155 -8.687754 -18.10615 9.137815 -8.997118 -17.449284 9.213063 -6.247051
5 24 -17.449284 9.213063 -6.247051 -13.680457 9.847057 -7.307525 -17.976645 9.725457 -7.58962 -16.832993 7.900786 -5.75587
5 24 -16.832993 7.900786 -5.75587 -16.488783 6.55734 -6.403804 -18.495308 6.798346 -5.371507 -13.298052 8.502978 -6.682734
5 24 -16.488783 6.55734 -6.403804 -16.61829 5.969697 -7.811302 -17.817478 5.644384 -6.114517 -13.238819 7.056262 -7.179373
5 24 -16.61829 5.969697 -7.811302 -17.145649 6.48209 -9.153871 -17.802446 5.150197 -7.563206 -13.537457 6.354376 -8.506519
5 24 -17.145649 6.48209 -9.153871 -17.76194 7.794368 -9.645052 -18.459015 5.605271 -8.868951 -14.019028 6.808475 -9.886748
5 24 -17.76194 7.794368 -9.645052 -18.10615 9.137815 -8.997118 -19.402578 6.743032 -9.266863 -14.401432 8.152554 -10.511539
5 24 -18.10615 9.137815 -8.997118 -17.976645 9.725457 -7.58962 -20.080408 7.896994 -8.523853 -14.460665 9.59927 -10.0149
5 24 -17.976645 9.725457 -7.58962 -17.449284 9.213063 -6.247051 -20.095442 8.391182 -7.075165 -14.162027 10.301155 -8.687754
5 24 -17.449284 9.213063 -6.247051 -16.832993 7.900786 -5.75587 -19.438871 7.936107 -5.76942 -13.680457 9.847057 -7.307525
4 16 -19.201361 4.816698 -5.809494 -16.488783 6.55734 -6.403804 -16.832993 7.900786 -5.75587 -20.150518 5.693802 -4.989169
4 16 -19.071754 4.453389 -7.29083 -16.61829 5.969697 -7.811302 -16.488783 6.55734 -6.403804 -19.201361 4.816698 -5.809494
4 16 -19.83762 4.816697 -8.56543 -17.145649 6.48209 -9.153871 -16.61829 5.969697 -7.811302 -19.071754 4.453389 -7.29083
4 16 -21.050323 5.6938 -8.886649 -17.76194 7.794368 -9.645052 -17.145649 6.48209 -9.153871 -19.83762 4.816697 -8.56543
4 16 -21.999481 6.570905 -8.066324 -18.10615 9.137815 -8.997118 -17.76194 7.794368 -9.645052 -21.050323 5.6938 -8.886649
4 16 -22.129087 6.934214 -6.584988 -17.976643 9.725457 -7.58962 -18.10615 9.137815 -8.997118 -21.999481 6.570905 -8.066324
4 16 -21.363222 6.570906 -5.310389 -17.449284 9.213063 -6.247051 -17.976643 9.725457 -7.58962 -22.129087 6.934214 -6.584988
4 16 -20.150518 5.693802 -4.989169 -16.832993 7.900786 -5.75587 -17.449284 9.213063 -6.247051 -21.363222 6.570906 -5.310389
5 24 -20.150518 5.693802 -4.989169 -16.832993 7.900786 -5.75587 -21.363222 6.570906 -5.310389 -19.201361 4.816698 -5.809494
5 24 -19.201361 4.816698 -5.809494 -16.488783 6.55734 -6.403804 -20.150518 5.693802 -4.989169 -19.071754 4.453389 -7.29083
5 24 -19.071754 4.453389 -7.29083 -16.61829 5.969697 -7.811302 -19.201361 4.816698 -5.809494 -19.83762 4.816697 -8.56543
5 24 -19.83762 4.816697 -8.56543 -17.145649 6.48209 -9.153871 -19.071754 4.453389 -7.29083 -21.050323 5.6938 -8.886649
5 24 -21.050323 5.6938 -8.886649 -17.76194 7.794368 -9.645052 -19.83762 4.816697 -8.56543 -21.999481 6.570905 -8.066324
5 24 -21.999481 6.570905 -8.066324 -18.10615 9.137815 -8.997118 -21.050323 5.6938 -8.886649 -22.129087 6.934214 -6.584988
5 24 -22.129087 6.934214 -6.584988 -17.976643 9.725457 -7.58962 -21.999481 6.570905 -8.066324 -21.363222 6.570906 -5.310389
5 24 -21.363222 6.570906 -5.310389 -17.449284 9.213063 -6.247051 -22.129087 6.934214 -6.584988 -20.150518 5.693802 -4.989169
5 24 -20.150518 5.693802 -4.989169 -19.201361 4.816698 -5.809494 -20.773418 3.846901 -4.845361 -16.832993 7.900786 -5.75587
5 24 -19.201361 4.816698 -5.809494 -19.071754 4.453389 -7.29083 -19.6036 3.382615 -5.71663 -16.488783 6.55734 -6.403804
5 24 -19.071754 4.453389 -7.29083 -19.83762 4.816697 -8.56543 -19.382591 3.190302 -7.219068 -16.61829 5.969697 -7.811302
5 24 -19.83762 4.816697 -8.56543 -21.050323 5.6938 -8.886649 -20.239859 3.382615 -8.472566 -17.145649 6.48209 -9.153871
5 24 -21.050323 5.6938 -8.886649 -21.999481 6.570905 -8.066324 -21.673223 3.8469 -8.742842 -17.76194 7.794368 -9.645052
5 24 -21.999481 6.570905 -8.066324 -22.129087 6.934214 -6.584988 -22.843042 4.311186 -7.871573 -18.10615 9.137815 -8.997118
5 24 -22.129087 6.934214 -6.584988 -21.363222 6.570906 -5.310389 -23.064049 4.5035 -6.369135 -17.976643 9.725457 -7.58962
5 24 -21.363222 6.570906 -5.310389 -20.150518 5.693802 -4.989169 -22.206783 4.311187 -5.115637 -17.449284 9.213063 -6.247051
4 16 -20.150124 2 -5.590455 -19.201361 4.816698 -5.809494 -20.150518 5.693802 -4.989169 -21.396318 2 -4.701553
4 16 -19.89748 2 -7.100196 -19.071753 4.453389 -7.29083 -19.201361 4.816698 -5.809494 -20.150124 2 -5.590455
4 16 -20.786381 2 -8.346391 -19.83762 4.816697 -8.56543 -19.071753 4.453389 -7.29083 -19.89748 2 -7.100196
4 16 -22.296122 2 -8.599033 -21.050323 5.6938 -8.886649 -19.83762 4.816697 -8.56543 -20.786381 2 -8.346391
4 16 -23.542316 2 -7.710133 -21.999481 6.570905 -8.066324 -21.050323 5.6938 -8.886649 -22.296122 2 -8.599033
4 16 -23.79496 2 -6.200392 -22.129087 6.934214 -6.584988 -21.999481 6.570905 -8.066324 -23.542316 2 -7.710133
4 16 -22.906059 2 -4.954197 -21.363222 6.570906 -5.310389 -22.129087 6.934214 -6.584988 -23.79496 2 -6.200392
4 16 -21.396318 2 -4.701553 -20.150518 5.693802 -4.989169 -21.363222 6.570906 -5.310389 -22.906059 2 -4.954197
5 24 -21.396318 2 -4.701553 -20.150518 5.693802 -4.989169 -22.906059 2 -4.954197 -20.150124 2 -5.590455
5 24 -20.150124 2 -5.590455 -19.201361 4.816698 -5.809494 -21.396318 2 -4.701553 -19.89748 2 -7.100196
5 24 -19.89748 2 -7.100196 -19.071753 4.453389 -7.29083 -20.150124 2 -5.590455 -20.786381 2 -8.346391
5 24 -20.786381 2 -8.346391 -19.83762 4.816697 -8.56543 -19.89748 2 -7.100196 -22.296122 2 -8.599033
5 24 -22.296122 2 -8.599033 -21.050323 5.6938 -8.886649 -20.786381 2 -8.346391 -23.542316 2 -7.710133
5 24 -23.542316 2 -7.710133 -21.999481 6.570905 -8.066324 -22.296122 2 -8.599033 -23.79496 2 -6.200392
5 24 -23.79496 2 -6.200392 -22.129087 6.934214 -6.584988 -23.542316 2 -7.710133 -22.906059 2 -4.954197
5 24 -22.906059 2 -4.954197 -21.363222 6.570906 -5.310389 -23.79496 2 -6.200392 -21.396318 2 -4.701553
5 24 -21.396318 2 -4.701553 -20.150124 2 -5.590455 -21.715033 1.05501 -4.627973 -20.150518 5.693802 -4.989169
5 24 -20.150124 2 -5.590455 -19.89748 2 -7.100196 -20.468838 1.05501 -5.516874 -19.201361 4.816698 -5.809494
5 24 -19.89748 2 -7.100196 -20.786381 2 -8.346391 -20.216194 1.05501 -7.026615 -19.071754 4.453389 -7.29083
5 24 -20.786381 2 -8.346391 -22.296122 2 -8.599033 -21.105097 1.05501 -8.272809 -19.83762 4.816697 -8.56543
5 24 -22.296122 2 -8.599033 -23.542316 2 -7.710133 -22.614838 1.05501 -8.525453 -21.050323 5.6938 -8.886649
5 24 -23.542316 2 -7.710133 -23.79496 2 -6.200392 -23.861032 1.05501 -7.636551 -21.999481 6.570905 -8.066324
5 24 -23.79496 2 -6.200392 -22.906059 2 -4.954197 -24.113676 1.05501 -6.126811 -22.129087 6.934214 -6.584988
5 24 -22.906059 2 -4.954197 -21.396318 2 -4.701553 -23.224773 1.05501 -4.880616 -21.363222 6.570906 -5.310389
