4 16 -5.459467 6.448328 -3.425661 -6.251979 11.293988 -5.135313 -4.972577 11.401085 -5.968863 -4.131599 6.33642 -4.178914
4 16 -5.891401 7.018008 -2.072131 -6.564107 11.18467 -3.640732 -6.251979 11.293988 -5.135313 -5.459467 6.448328 -3.425661
5 24 -5.174381 7.711749 -0.911203 -6.564107 11.18467 -3.640732 -5.726122 11.137167 -2.360626 -5.891401 7.018008 -2.072131
3 16 -6.564107 11.18467 -3.640732 -5.891401 7.018008 -2.072131 -5.174381 7.711749 -0.911203
3 16 -5.174381 7.711749 -0.911203 -5.726122 11.137167 -2.360626 -6.564107 11.18467 -3.640732
5 24 -3.728426 8.123165 -0.622935 -5.726122 11.137167 -2.360626 -4.228902 11.179307 -2.044865 -5.174381 7.711749 -0.911203
3 16 -5.726122 11.137167 -2.360626 -5.174381 7.711749 -0.911203 -3.728426 8.123165 -0.622935
3 16 -3.728426 8.123165 -0.622935 -4.228902 11.179307 -2.044865 -5.726122 11.137167 -2.360626
4 16 -2.400558 8.011257 -1.376188 -2.9495 11.286404 -2.878415 -4.228902 11.179307 -2.044865 -3.728426 8.123165 -0.622935
4 16 -1.968625 7.441576 -2.729718 -2.637372 11.395721 -4.372996 -2.9495 11.286404 -2.878415 -2.400558 8.011257 -1.376188
5 24 -2.685645 6.747836 -3.890646 -2.637372 11.395721 -4.372996 -3.475358 11.443225 -5.653102 -1.968625 7.441576 -2.729718
3 16 -2.637372 11.395721 -4.372996 -1.968625 7.441576 -2.729718 -2.685645 6.747836 -3.890646
3 16 -2.685645 6.747836 -3.890646 -3.475358 11.443225 -5.653102 -2.637372 11.395721 -4.372996
5 24 -4.131599 6.33642 -4.178914 -3.475358 11.443225 -5.653102 -4.972577 11.401085 -5.968863 -2.685645 6.747836 -3.890646
3 16 -3.475358 11.443225 -5.653102 -2.685645 6.747836 -3.890646 -4.131599 6.33642 -4.178914
3 16 -4.131599 6.33642 -4.178914 -4.972577 11.401085 -5.968863 -3.475358 11.443225 -5.653102
5 24 -4.131599 6.33642 -4.178914 -4.972577 11.401085 -5.968863 -2.685645 6.747836 -3.890646 -5.459467 6.448328 -3.425661
5 24 -5.459467 6.448328 -3.425661 -6.251979 11.293988 -5.135313 -4.131599 6.33642 -4.178914 -5.891401 7.018008 -2.072131
5 24 -5.891401 7.018008 -2.072131 -6.564107 11.18467 -3.640732 -5.459467 6.448328 -3.425661 -5.174381 7.711749 -0.911203
5 24 -5.174381 7.711749 -0.911203 -5.726122 11.137167 -2.360626 -5.891401 7.018008 -2.072131 -3.728426 8.123165 -0.622935
5 24 -3.728426 8.123165 -0.622935 -4.228902 11.179307 -2.044865 -5.174381 7.711749 -0.911203 -2.400558 8.011257 -1.376188
5 24 -2.400558 8.011257 -1.376188 -2.9495 11.286404 -2.878415 -3.728426 8.123165 -0.622935 -1.968625 7.441576 -2.729718
5 24 -1.968625 7.441576 -2.729718 -2.637372 11.395721 -4.372996 -2.400558 8.011257 -1.376188 -2.685645 6.747836 -3.890646
5 24 -2.685645 6.747836 -3.890646 -3.475358 11.443225 -5.653102 -1.968625 7.441576 -2.729718 -4.131599 6.33642 -4.178914
5 24 -4.131599 6.33642 -4.178914 -5.459467 6.448328 -3.425661 -3.696365 4.58309 -3.183405 -4.972577 11.401085 -5.968863
5 24 -5.459467 6.448328 -3.425661 -5.891401 7.018008 -2.072131 -5.049995 4.687593 -2.476361 -6.251979 11.293988 -5.135313
5 24 -5.891401 7.018008 -2.072131 -5.174381 7.711749 -0.911203 -5.539133 5.295155 -1.159258 -6.564107 11.18467 -3.640732
5 24 -5.174381 7.711749 -0.911203 -3.728426 8.123165 -0.622935 -4.877251 6.049876 -0.00364 -5.726122 11.137167 -2.360626
5 24 -3.728426 8.123165 -0.622935 -2.400558 8.011257 -1.376188 -3.452068 6.509649 0.313549 -4.228902 11.179307 -2.044865
5 24 -2.400558 8.011257 -1.376188 -1.968625 7.441576 -2.729718 -2.098438 6.405147 -0.393495 -2.9495 11.286404 -2.878415
5 24 -1.968625 7.441576 -2.729718 -2.685645 6.747836 -3.890646 -1.6093 5.797585 -1.710597 -2.637372 11.395721 -4.372996
5 24 -2.685645 6.747836 -3.890646 -4.131599 6.33642 -4.178914 -2.271182 5.042864 -2.866216 -3.475358 11.443225 -5.653102
5 24 -4.972577 11.401085 -5.968863 -6.251979 11.293988 -5.135313 -4.131599 6.33642 -4.178914 -5.124405 12.320213 -6.332389
5 24 -6.251979 11.293988 -5.135313 -6.564107 11.18467 -3.640732 -5.459467 6.448328 -3.425661 -6.403808 12.213117 -5.498839
5 24 -6.564107 11.18467 -3.640732 -5.726122 11.137167 -2.360626 -5.891401 7.018008 -2.072131 -6.715935 12.103798 -4.004258
5 24 -5.726122 11.137167 -2.360626 -4.228902 11.179307 -2.044865 -5.174381 7.711749 -0.911203 -5.87795 12.056295 -2.724152
5 24 -4.228902 11.179307 -2.044865 -2.9495 11.286404 -2.878415 -3.728426 8.123165 -0.622935 -4.380731 12.098435 -2.408391
5 24 -2.9495 11.286404 -2.878415 -2.637372 11.395721 -4.372996 -2.400558 8.011257 -1.376188 -3.101328 12.205532 -3.241942
5 24 -2.637372 11.395721 -4.372996 -3.475358 11.443225 -5.653102 -1.968625 7.441576 -2.729718 -2.789201 12.31485 -4.736523
5 24 -3.475358 11.443225 -5.653102 -4.972577 11.401085 -5.968863 -2.685645 6.747836 -3.890646 -3.627186 12.362352 -6.016628
5 24 -4.638084 2.927738 -1.522468 -4.131599 6.33642 -4.178914 -5.459467 6.448328 -3.425661 -3.260375 2.833017 -2.18284
3 16 -4.131599 6.33642 -4.178914 -3.260375 2.833017 -2.18284 -4.638084 2.927738 -1.522468
3 16 -4.638084 2.927738 -1.522468 -5.459467 6.448328 -3.425661 -4.131599 6.33642 -4.178914
5 24 -5.184173 3.570292 -0.244947 -5.459467 6.448328 -3.425661 -5.891401 7.018008 -2.072131 -4.638084 2.927738 -1.522468
3 16 -5.459467 6.448328 -3.425661 -4.638084 2.927738 -1.522468 -5.184173 3.570292 -0.244947
3 16 -5.184173 3.570292 -0.244947 -5.891401 7.018008 -2.072131 -5.459467 6.448328 -3.425661
5 24 -4.578751 4.38428 0.901366 -5.891401 7.018008 -2.072131 -5.174381 7.711749 -0.911203 -5.184173 3.570292 -0.244947
3 16 -5.891401 7.018008 -2.072131 -5.184173 3.570292 -0.244947 -4.578751 4.38428 0.901366
3 16 -4.578751 4.38428 0.901366 -5.174381 7.711749 -0.911203 -5.891401 7.018008 -2.072131
5 24 -3.176464 4.892878 1.244978 -5.174381 7.711749 -0.911203 -3.728426 8.123165 -0.622935 -4.578751 4.38428 0.901366
3 16 -5.174381 7.711749 -0.911203 -4.578751 4.38428 0.901366 -3.176464 4.892878 1.244978
3 16 -3.176464 4.892878 1.244978 -3.728426 8.123165 -0.622935 -5.174381 7.711749 -0.911203
5 24 -1.798755 4.798156 0.584605 -3.728426 8.123165 -0.622935 -2.400558 8.011257 -1.376188 -3.176464 4.892878 1.244978
3 16 -3.728426 8.123165 -0.622935 -3.176464 4.892878 1.244978 -1.798755 4.798156 0.584605
3 16 -1.798755 4.798156 0.584605 -2.400558 8.011257 -1.376188 -3.728426 8.123165 -0.622935
5 24 -1.252667 4.155602 -0.692915 -2.400558 8.011257 -1.376188 -1.968625 7.441576 -2.729718 -1.798755 4.798156 0.584605
3 16 -2.400558 8.011257 -1.376188 -1.798755 4.798156 0.584605 -1.252667 4.155602 -0.692915
3 16 -1.252667 4.155602 -0.692915 -1.968625 7.441576 -2.729718 -2.400558 8.011257 -1.376188
5 24 -1.858089 3.341614 -1.839229 -1.968625 7.441576 -2.729718 -2.685645 6.747836 -3.890646 -1.252667 4.155602 -0.692915
3 16 -1.968625 7.441576 -2.729718 -1.252667 4.155602 -0.692915 -1.858089 3.341614 -1.839229
3 16 -1.858089 3.341614 -1.839229 -2.685645 6.747836 -3.890646 -1.968625 7.441576 -2.729718
5 24 -3.260375 2.833017 -2.18284 -2.685645 6.747836 -3.890646 -4.131599 6.33642 -4.178914 -1.858089 3.341614 -1.839229
3 16 -2.685645 6.747836 -3.890646 -1.858089 3.341614 -1.839229 -3.260375 2.833017 -2.18284
3 16 -3.260375 2.833017 -2.18284 -4.131599 6.33642 -4.178914 -2.685645 6.747836 -3.890646
5 24 -3.260375 2.833017 -2.18284 -4.131599 6.33642 -4.178914 -1.858089 3.341614 -1.839229 -4.638084 2.927738 -1.522468
5 24 -4.638084 2.927738 -1.522468 -5.459467 6.448328 -3.425661 -3.260375 2.833017 -2.18284 -5.184173 3.570292 -0.244947
5 24 -5.184173 3.570292 -0.244947 -5.891401 7.018008 -2.072131 -4.638084 2.927738 -1.522468 -4.578751 4.38428 0.901366
5 24 -4.578751 4.38428 0.901366 -5.174381 7.711749 -0.911203 -5.184173 3.570292 -0.244947 -3.176464 4.892878 1.244978
5 24 -3.176464 4.892878 1.244978 -3.728426 8.123165 -0.622935 -4.578751 4.38428 0.901366 -1.798755 4.798156 0.584605
5 24 -1.798755 4.798156 0.584605 -2.400558 8.011257 -1.376188 -3.176464 4.892878 1.244978 -1.252667 4.155602 -0.692915
5 24 -1.252667 4.155602 -0.692915 -1.968625 7.441576 -2.729718 -1.798755 4.798156 0.584605 -1.858089 3.341614 -1.839229
5 24 -1.858089 3.341614 -1.839229 -2.685645 6.747836 -3.890646 -1.252667 4.155602 -0.692915 -3.260375 2.833017 -2.18284
5 24 -3.260375 2.833017 -2.18284 -4.638084 2.927738 -1.522468 -2.815426 1.171617 -1.156378 -4.131599 6.33642 -4.178914
5 24 -4.638084 2.927738 -1.522468 -5.184173 3.570292 -0.244947 -4.215909 1.23958 -0.542233 -5.459467 6.448328 -3.425661
5 24 -5.184173 3.570292 -0.244947 -4.578751 4.38428 0.901366 -4.817976 1.877983 0.712002 -5.891401 7.018008 -2.072131
5 24 -4.578751 4.38428 0.901366 -3.176464 4.892878 1.244978 -4.268944 2.712857 1.871612 -5.174381 7.711749 -0.911203
5 24 -3.176464 4.892878 1.244978 -1.798755 4.798156 0.584605 -2.890429 3.255145 2.257313 -3.728426 8.123165 -0.622935
5 24 -1.798755 4.798156 0.584605 -1.252667 4.155602 -0.692915 -1.489945 3.187182 1.643168 -2.400558 8.011257 -1.376188
5 24 -1.252667 4.155602 -0.692915 -1.858089 3.341614 -1.839229 -0.887879 2.548779 0.388933 -1.968625 7.441576 -2.729718
5 24 -1.858089 3.341614 -1.839229 -3.260375 2.833017 -2.18284 -1.43691 1.713905 -0.770677 -2.685645 6.747836 -3.890646
5 24 -3.791628 -0.447546 0.440162 -3.260375 2.833017 -2.18284 -4.638084 2.927738 -1.522468 -2.370508 -0.487944 -0.127229
3 16 -3.260375 2.833017 -2.18284 -2.370508 -0.487944 -0.127229 -3.791628 -0.447546 0.440162
3 16 -3.791628 -0.447546 0.440162 -4.638084 2.927738 -1.522468 -3.260375 2.833017 -2.18284
5 24 -4.448768 0.185293 1.669319 -4.638084 2.927738 -1.522468 -5.184173 3.570292 -0.244947 -3.791628 -0.447546 0.440162
3 16 -4.638084 2.927738 -1.522468 -3.791628 -0.447546 0.440162 -4.448768 0.185293 1.669319
3 16 -4.448768 0.185293 1.669319 -5.184173 3.570292 -0.244947 -4.638084 2.927738 -1.522468
5 24 -3.956987 1.039865 2.840218 -5.184173 3.570292 -0.244947 -4.578751 4.38428 0.901366 -4.448768 0.185293 1.669319
3 16 -5.184173 3.570292 -0.244947 -4.448768 0.185293 1.669319 -3.956987 1.039865 2.840218
3 16 -3.956987 1.039865 2.840218 -4.578751 4.38428 0.901366 -5.184173 3.570292 -0.244947
5 24 -2.604361 1.615573 3.266961 -4.578751 4.38428 0.901366 -3.176464 4.892878 1.244978 -3.956987 1.039865 2.840218
3 16 -4.578751 4.38428 0.901366 -3.956987 1.039865 2.840218 -2.604361 1.615573 3.266961
3 16 -2.604361 1.615573 3.266961 -3.176464 4.892878 1.244978 -4.578751 4.38428 0.901366
5 24 -1.183241 1.575176 2.69957 -3.176464 4.892878 1.244978 -1.798755 4.798156 0.584605 -2.604361 1.615573 3.266961
3 16 -3.176464 4.892878 1.244978 -2.604361 1.615573 3.266961 -1.183241 1.575176 2.69957
3 16 -1.183241 1.575176 2.69957 -1.798755 4.798156 0.584605 -3.176464 4.892878 1.244978
5 24 -0.526101 0.942336 1.470413 -1.798755 4.798156 0.584605 -1.252667 4.155602 -0.692915 -1.183241 1.575176 2.69957
3 16 -1.798755 4.798156 0.584605 -1.183241 1.575176 2.69957 -0.526101 0.942336 1.470413
3 16 -0.526101 0.942336 1.470413 -1.252667 4.155602 -0.692915 -1.798755 4.798156 0.584605
5 24 -1.017882 0.087764 0.299514 -1.252667 4.155602 -0.692915 -1.858089 3.341614 -1.839229 -0.526101 0.942336 1.470413
3 16 -1.252667 4.155602 -0.692915 -0.526101 0.942336 1.470413 -1.017882 0.087764 0.299514
3 16 -1.017882 0.087764 0.299514 -1.858089 3.341614 -1.839229 -1.252667 4.155602 -0.692915
5 24 -2.370508 -0.487944 -0.127229 -1.858089 3.341614 -1.839229 -3.260375 2.833017 -2.18284 -1.017882 0.087764 0.299514
3 16 -1.858089 3.341614 -1.839229 -1.017882 0.087764 0.299514 -2.370508 -0.487944 -0.127229
3 16 -2.370508 -0.487944 -0.127229 -3.260375 2.833017 -2.18284 -1.858089 3.341614 -1.839229
5 24 -2.370508 -0.487944 -0.127229 -3.260375 2.833017 -2.18284 -1.017882 0.087764 0.299514 -3.791628 -0.447546 0.440162
5 24 -3.791628 -0.447546 0.440162 -4.638084 2.927738 -1.522468 -2.370508 -0.487944 -0.127229 -4.448768 0.185293 1.669319
5 24 -4.448768 0.185293 1.669319 -5.184173 3.570292 -0.244947 -3.791628 -0.447546 0.440162 -3.956987 1.039865 2.840218
5 24 -3.956987 1.039865 2.840218 -4.578751 4.38428 0.901366 -4.448768 0.185293 1.669319 -2.604361 1.615573 3.266961
5 24 -2.604361 1.615573 3.266961 -3.176464 4.892878 1.244978 -3.956987 1.039865 2.840218 -1.183241 1.575176 2.69957
5 24 -1.183241 1.575176 2.69957 -1.798755 4.798156 0.584605 -2.604361 1.615573 3.266961 -0.526101 0.942336 1.470413
5 24 -0.526101 0.942336 1.470413 -1.252667 4.155602 -0.692915 -1.183241 1.575176 2.69957 -1.017882 0.087764 0.299514
5 24 -1.017882 0.087764 0.299514 -1.858089 3.341614 -1.839229 -0.526101 0.942336 1.470413 -2.370508 -0.487944 -0.127229
5 24 -2.370508 -0.487944 -0.127229 -3.791628 -0.447546 0.440162 -1.492332 -3.722493 2.000007 -3.260375 2.833017 -2.18284
5 24 -3.791628 -0.447546 0.440162 -4.448768 0.185293 1.669319 -2.944107 -3.738376 2.485026 -4.638084 2.927738 -1.522468
5 24 -4.448768 0.185293 1.669319 -3.956987 1.039865 2.840218 -3.694298 -3.135446 3.675335 -5.184173 3.570292 -0.244947
5 24 -3.956987 1.039865 2.840218 -2.604361 1.615573 3.266961 -3.303453 -2.266891 4.873667 -4.578751 4.38428 0.901366
5 24 -2.604361 1.615573 3.266961 -1.183241 1.575176 2.69957 -2.000524 -1.641499 5.378055 -3.176464 4.892878 1.244978
5 24 -1.183241 1.575176 2.69957 -0.526101 0.942336 1.470413 -0.548749 -1.625617 4.893037 -1.798755 4.798156 0.584605
5 24 -0.526101 0.942336 1.470413 -1.017882 0.087764 0.299514 0.201442 -2.228547 3.702728 -1.252667 4.155602 -0.692915
5 24 -1.017882 0.087764 0.299514 -2.370508 -0.487944 -0.127229 -0.189402 -3.097102 2.504395 -1.858089 3.341614 -1.839229
5 24 -2.090861 -7.024844 4.536059 -2.370508 -0.487944 -0.127229 -3.791628 -0.447546 0.440162 -0.615375 -6.951845 4.135112
3 16 -2.370508 -0.487944 -0.127229 -0.615375 -6.951845 4.135112 -2.090861 -7.024844 4.536059
3 16 -2.090861 -7.024844 4.536059 -3.791628 -0.447546 0.440162 -2.370508 -0.487944 -0.127229
5 24 -2.930511 -6.455214 5.682207 -3.791628 -0.447546 0.440162 -4.448768 0.185293 1.669319 -2.090861 -7.024844 4.536059
3 16 -3.791628 -0.447546 0.440162 -2.090861 -7.024844 4.536059 -2.930511 -6.455214 5.682207
3 16 -2.930511 -6.455214 5.682207 -4.448768 0.185293 1.669319 -3.791628 -0.447546 0.440162
5 24 -2.64247 -5.576636 6.902158 -4.448768 0.185293 1.669319 -3.956987 1.039865 2.840218 -2.930511 -6.455214 5.682207
3 16 -4.448768 0.185293 1.669319 -2.930511 -6.455214 5.682207 -2.64247 -5.576636 6.902158
3 16 -2.64247 -5.576636 6.902158 -3.956987 1.039865 2.840218 -4.448768 0.185293 1.669319
5 24 -1.395468 -4.90377 7.481281 -3.956987 1.039865 2.840218 -2.604361 1.615573 3.266961 -2.64247 -5.576636 6.902158
3 16 -3.956987 1.039865 2.840218 -2.64247 -5.576636 6.902158 -1.395468 -4.90377 7.481281
3 16 -1.395468 -4.90377 7.481281 -2.604361 1.615573 3.266961 -3.956987 1.039865 2.840218
5 24 0.080019 -4.830771 7.080334 -2.604361 1.615573 3.266961 -1.183241 1.575176 2.69957 -1.395468 -4.90377 7.481281
3 16 -2.604361 1.615573 3.266961 -1.395468 -4.90377 7.481281 0.080019 -4.830771 7.080334
3 16 0.080019 -4.830771 7.080334 -1.183241 1.575176 2.69957 -2.604361 1.615573 3.266961
5 24 0.919668 -5.400401 5.934186 -1.183241 1.575176 2.69957 -0.526101 0.942336 1.470413 0.080019 -4.830771 7.080334
3 16 -1.183241 1.575176 2.69957 0.080019 -4.830771 7.080334 0.919668 -5.400401 5.934186
3 16 0.919668 -5.400401 5.934186 -0.526101 0.942336 1.470413 -1.183241 1.575176 2.69957
5 24 0.631628 -6.278979 4.714235 -0.526101 0.942336 1.470413 -1.017882 0.087764 0.299514 0.919668 -5.400401 5.934186
3 16 -0.526101 0.942336 1.470413 0.919668 -5.400401 5.934186 0.631628 -6.278979 4.714235
3 16 0.631628 -6.278979 4.714235 -1.017882 0.087764 0.299514 -0.526101 0.942336 1.470413
5 24 -0.615375 -6.951845 4.135112 -1.017882 0.087764 0.299514 -2.370508 -0.487944 -0.127229 0.631628 -6.278979 4.714235
3 16 -1.017882 0.087764 0.299514 0.631628 -6.278979 4.714235 -0.615375 -6.951845 4.135112
3 16 -0.615375 -6.951845 4.135112 -2.370508 -0.487944 -0.127229 -1.017882 0.087764 0.299514
5 24 -0.615375 -6.951845 4.135112 -2.370508 -0.487944 -0.127229 0.631628 -6.278979 4.714235 -2.090861 -7.024844 4.536059
5 24 -2.090861 -7.024844 4.536059 -3.791628 -0.447546 0.440162 -0.615375 -6.951845 4.135112 -2.930511 -6.455214 5.682207
5 24 -2.930511 -6.455214 5.682207 -4.448768 0.185293 1.669319 -2.090861 -7.024844 4.536059 -2.64247 -5.576636 6.902158
5 24 -2.64247 -5.576636 6.902158 -3.956987 1.039865 2.840218 -2.930511 -6.455214 5.682207 -1.395468 -4.90377 7.481281
5 24 -1.395468 -4.90377 7.481281 -2.604361 1.615573 3.266961 -2.64247 -5.576636 6.902158 0.080019 -4.830771 7.080334
5 24 0.080019 -4.830771 7.080334 -1.183241 1.575176 2.69957 -1.395468 -4.90377 7.481281 0.919668 -5.400401 5.934186
5 24 0.919668 -5.400401 5.934186 -0.526101 0.942336 1.470413 0.080019 -4.830771 7.080334 0.631628 -6.278979 4.714235
5 24 0.631628 -6.278979 4.714235 -1.017882 0.087764 0.299514 0.919668 -5.400401 5.934186 -0.615375 -6.951845 4.135112
5 24 -0.615375 -6.951845 4.135112 -2.090861 -7.024844 4.536059 0.330203 -10.108779 6.34228 -2.370508 -0.487944 -0.127229
5 24 -2.090861 -7.024844 4.536059 -2.930511 -6.455214 5.682207 -1.167597 -10.273212 6.611916 -3.791628 -0.447546 0.440162
5 24 -2.930511 -6.455214 5.682207 -2.64247 -5.576636 6.902158 -2.13558 -9.770805 7.686039 -4.448768 0.185293 1.669319
5 24 -2.64247 -5.576636 6.902158 -1.395468 -4.90377 7.481281 -2.006716 -8.89586 8.935444 -3.956987 1.039865 2.840218
5 24 -1.395468 -4.90377 7.481281 0.080019 -4.830771 7.080334 -0.85649 -8.160909 9.628244 -2.604361 1.615573 3.266961
5 24 0.080019 -4.830771 7.080334 0.919668 -5.400401 5.934186 0.64131 -7.996474 9.358609 -1.183241 1.575176 2.69957
5 24 0.919668 -5.400401 5.934186 0.631628 -6.278979 4.714235 1.609293 -8.498882 8.284486 -0.526101 0.942336 1.470413
5 24 0.631628 -6.278979 4.714235 -0.615375 -6.951845 4.135112 1.480429 -9.373827 7.035081 -1.017882 0.087764 0.299514
5 24 -0.234119 -13.509477 8.703566 -0.615375 -6.951845 4.135112 -2.090861 -7.024844 4.536059 1.269094 -13.254497 8.56762
3 16 -0.615375 -6.951845 4.135112 1.269094 -13.254497 8.56762 -0.234119 -13.509477 8.703566
3 16 -0.234119 -13.509477 8.703566 -2.090861 -7.024844 4.536059 -0.615375 -6.951845 4.135112
5 24 -1.319518 -13.080494 9.694036 -2.090861 -7.024844 4.536059 -2.930511 -6.455214 5.682207 -0.234119 -13.509477 8.703566
3 16 -2.090861 -7.024844 4.536059 -0.234119 -13.509477 8.703566 -1.319518 -13.080494 9.694036
3 16 -1.319518 -13.080494 9.694036 -2.930511 -6.455214 5.682207 -2.090861 -7.024844 4.536059
5 24 -1.351292 -12.218842 10.958824 -2.930511 -6.455214 5.682207 -2.64247 -5.576636 6.902158 -1.319518 -13.080494 9.694036
3 16 -2.930511 -6.455214 5.682207 -1.319518 -13.080494 9.694036 -1.351292 -12.218842 10.958824
3 16 -1.351292 -12.218842 10.958824 -2.64247 -5.576636 6.902158 -2.930511 -6.455214 5.682207
5 24 -0.310826 -11.429263 11.757037 -2.64247 -5.576636 6.902158 -1.395468 -4.90377 7.481281 -1.351292 -12.218842 10.958824
3 16 -2.64247 -5.576636 6.902158 -1.351292 -12.218842 10.958824 -0.310826 -11.429263 11.757037
3 16 -0.310826 -11.429263 11.757037 -1.395468 -4.90377 7.481281 -2.64247 -5.576636 6.902158
5 24 1.192388 -11.174283 11.621092 -1.395468 -4.90377 7.481281 0.080019 -4.830771 7.080334 -0.310826 -11.429263 11.757037
3 16 -1.395468 -4.90377 7.481281 -0.310826 -11.429263 11.757037 1.192388 -11.174283 11.621092
3 16 1.192388 -11.174283 11.621092 0.080019 -4.830771 7.080334 -1.395468 -4.90377 7.481281
5 24 2.277787 -11.603266 10.630622 0.080019 -4.830771 7.080334 0.919668 -5.400401 5.934186 1.192388 -11.174283 11.621092
3 16 0.080019 -4.830771 7.080334 1.192388 -11.174283 11.621092 2.277787 -11.603266 10.630622
3 16 2.277787 -11.603266 10.630622 0.919668 -5.400401 5.934186 0.080019 -4.830771 7.080334
5 24 2.30956 -12.464918 9.365833 0.919668 -5.400401 5.934186 0.631628 -6.278979 4.714235 2.277787 -11.603266 10.630622
3 16 0.919668 -5.400401 5.934186 2.277787 -11.603266 10.630622 2.30956 -12.464918 9.365833
3 16 2.30956 -12.464918 9.365833 0.631628 -6.278979 4.714235 0.919668 -5.400401 5.934186
5 24 1.269094 -13.254497 8.56762 0.631628 -6.278979 4.714235 -0.615375 -6.951845 4.135112 2.30956 -12.464918 9.365833
3 16 0.631628 -6.278979 4.714235 2.30956 -12.464918 9.365833 1.269094 -13.254497 8.56762
3 16 1.269094 -13.254497 8.56762 -0.615375 -6.951845 4.135112 0.631628 -6.278979 4.714235
5 24 1.269094 -13.254497 8.56762 -0.615375 -6.951845 4.135112 2.30956 -12.464918 9.365833 -0.234119 -13.509477 8.703566
5 24 -0.234119 -13.509477 8.703566 -2.090861 -7.024844 4.536059 1.269094 -13.254497 8.56762 -1.319518 -13.080494 9.694036
5 24 -1.319518 -13.080494 9.694036 -2.930511 -6.455214 5.682207 -0.234119 -13.509477 8.703566 -1.351292 -12.218842 10.958824
5 24 -1.351292 -12.218842 10.958824 -2.64247 -5.576636 6.902158 -1.319518 -13.080494 9.694036 -0.310826 -11.429263 11.757037
5 24 -0.310826 -11.429263 11.757037 -1.395468 -4.90377 7.481281 -1.351292 -12.218842 10.958824 1.192388 -11.174283 11.621092
5 24 1.192388 -11.174283 11.621092 0.080019 -4.830771 7.080334 -0.310826 -11.429263 11.757037 2.277787 -11.603266 10.630622
5 24 2.277787 -11.603266 10.630622 0.919668 -5.400401 5.934186 1.192388 -11.174283 11.621092 2.30956 -12.464918 9.365833
5 24 2.30956 -12.464918 9.365833 0.631628 -6.278979 4.714235 2.277787 -11.603266 10.630622 1.269094 -13.254497 8.56762
5 24 1.269094 -13.254497 8.56762 -0.234119 -13.509477 8.703566 2.216949 -16.350304 10.853728 -0.615375 -6.951845 4.135112
5 24 -0.234119 -13.509477 8.703566 -1.319518 -13.080494 9.694036 0.728314 -16.706429 10.836863 -2.090861 -7.024844 4.536059
5 24 -1.319518 -13.080494 9.694036 -1.351292 -12.218842 10.958824 -0.475019 -16.370728 11.721419 -2.930511 -6.455214 5.682207
5 24 -1.351292 -12.218842 10.958824 -0.310826 -11.429263 11.757037 -0.688155 -15.539846 12.989236 -2.64247 -5.576636 6.902158
5 24 -0.310826 -11.429263 11.757037 1.192388 -11.174283 11.621092 0.213761 -14.700506 13.897642 -1.395468 -4.90377 7.481281
5 24 1.192388 -11.174283 11.621092 2.277787 -11.603266 10.630622 1.702397 -14.344379 13.914508 0.080019 -4.830771 7.080334
5 24 2.277787 -11.603266 10.630622 2.30956 -12.464918 9.365833 2.90573 -14.680082 13.029951 0.919668 -5.400401 5.934186
5 24 2.30956 -12.464918 9.365833 1.269094 -13.254497 8.56762 3.118865 -15.510962 11.762135 0.631628 -6.278979 4.714235
5 24 1.697866 -19.886782 12.992703 1.269094 -13.254497 8.56762 -0.234119 -13.509478 8.703566 3.150288 -19.433928 13.161642
3 16 1.269094 -13.254497 8.56762 3.150288 -19.433928 13.161642 1.697866 -19.886782 12.992703
3 16 1.697866 -19.886782 12.992703 -0.234119 -13.509478 8.703566 1.269094 -13.254497 8.56762
5 24 0.394065 -19.649666 13.758879 -0.234119 -13.509478 8.703566 -1.319518 -13.080494 9.694036 1.697866 -19.886782 12.992703
3 16 -0.234119 -13.509478 8.703566 1.697866 -19.886782 12.992703 0.394065 -19.649666 13.758879
3 16 0.394065 -19.649666 13.758879 -1.319518 -13.080494 9.694036 -0.234119 -13.509478 8.703566
5 24 0.002632 -18.861481 15.011353 -1.319518 -13.080494 9.694036 -1.351292 -12.218842 10.958824 0.394065 -19.649666 13.758879
3 16 -1.319518 -13.080494 9.694036 0.394065 -19.649666 13.758879 0.002632 -18.861481 15.011353
3 16 0.002632 -18.861481 15.011353 -1.351292 -12.218842 10.958824 -1.319518 -13.080494 9.694036
5 24 0.752865 -17.983932 16.016441 -1.351292 -12.218842 10.958824 -0.310826 -11.429263 11.757037 0.002632 -18.861481 15.011353
3 16 -1.351292 -12.218842 10.958824 0.002632 -18.861481 15.011353 0.752865 -17.983932 16.016441
3 16 0.752865 -17.983932 16.016441 -0.310826 -11.429263 11.757037 -1.351292 -12.218842 10.958824
5 24 2.205287 -17.531076 16.185381 -0.310826 -11.429263 11.757037 1.192388 -11.174283 11.621092 0.752865 -17.983932 16.016441
3 16 -0.310826 -11.429263 11.757037 0.752865 -17.983932 16.016441 2.205287 -17.531076 16.185381
3 16 2.205287 -17.531076 16.185381 1.192388 -11.174283 11.621092 -0.310826 -11.429263 11.757037
5 24 3.509088 -17.768192 15.419205 1.192388 -11.174283 11.621092 2.277787 -11.603266 10.630622 2.205287 -17.531076 16.185381
3 16 1.192388 -11.174283 11.621092 2.205287 -17.531076 16.185381 3.509088 -17.768192 15.419205
3 16 3.509088 -17.768192 15.419205 2.277787 -11.603266 10.630622 1.192388 -11.174283 11.621092
5 24 3.900521 -18.556377 14.166732 2.277787 -11.603266 10.630622 2.30956 -12.464918 9.365833 3.509088 -17.768192 15.419205
3 16 2.277787 -11.603266 10.630622 3.509088 -17.768192 15.419205 3.900521 -18.556377 14.166732
3 16 3.900521 -18.556377 14.166732 2.30956 -12.464918 9.365833 2.277787 -11.603266 10.630622
5 24 3.150288 -19.433928 13.161642 2.30956 -12.464918 9.365833 1.269094 -13.254497 8.56762 3.900521 -18.556377 14.166732
3 16 2.30956 -12.464918 9.365833 3.900521 -18.556377 14.166732 3.150288 -19.433928 13.161642
3 16 3.150288 -19.433928 13.161642 1.269094 -13.254497 8.56762 2.30956 -12.464918 9.365833
5 24 3.150288 -19.433928 13.161642 1.269094 -13.254497 8.56762 3.900521 -18.556377 14.166732 1.697866 -19.886782 12.992703
5 24 1.697866 -19.886782 12.992703 -0.234119 -13.509478 8.703566 3.150288 -19.433928 13.161642 0.394065 -19.649666 13.758879
5 24 0.394065 -19.649666 13.758879 -1.319518 -13.080494 9.694036 1.697866 -19.886782 12.992703 0.002632 -18.861481 15.011353
5 24 0.002632 -18.861481 15.011353 -1.351292 -12.218842 10.958824 0.394065 -19.649666 13.758879 0.752865 -17.983932 16.016441
5 24 0.752865 -17.983932 16.016441 -0.310826 -11.429263 11.757037 0.002632 -18.861481 15.011353 2.205287 -17.531076 16.185381
5 24 2.205287 -17.531076 16.185381 1.192388 -11.174283 11.621092 0.752865 -17.983932 16.016441 3.509088 -17.768192 15.419205
5 24 3.509088 -17.768192 15.419205 2.277787 -11.603266 10.630622 2.205287 -17.531076 16.185381 3.900521 -18.556377 14.166732
5 24 3.900521 -18.556377 14.166732 2.30956 -12.464918 9.365833 3.509088 -17.768192 15.419205 3.150288 -19.433928 13.161642
5 24 3.150288 -19.433928 13.161642 1.697866 -19.886782 12.992703 4.057492 -22.487381 15.518164 1.269094 -13.254497 8.56762
5 24 1.697866 -19.886782 12.992703 0.394065 -19.649666 13.758879 2.663846 -23.032877 15.196709 -0.234119 -13.509478 8.703566
5 24 0.394065 -19.649666 13.758879 0.002632 -18.861481 15.011353 1.277069 -22.901173 15.831256 -1.319518 -13.080494 9.694036
5 24 0.002632 -18.861481 15.011353 0.752865 -17.983932 16.016441 0.709516 -22.16942 17.050095 -1.351292 -12.218842 10.958824
5 24 0.752865 -17.983932 16.016441 2.205287 -17.531076 16.185381 1.293652 -21.26627 18.139246 -0.310826 -11.429263 11.757037
5 24 2.205287 -17.531076 16.185381 3.509088 -17.768192 15.419205 2.687297 -20.720776 18.460701 1.192388 -11.174283 11.621092
5 24 3.509088 -17.768192 15.419205 3.900521 -18.556377 14.166732 4.074074 -20.852478 17.826155 2.277787 -11.603266 10.630622
5 24 3.900521 -18.556377 14.166732 3.150288 -19.433928 13.161642 4.641628 -21.58423 16.607315 2.30956 -12.464918 9.365833
5 24 3.630085 -26.161966 17.425617 3.150288 -19.433928 13.161642 1.697866 -19.886782 12.992703 4.943821 -25.531441 17.894321
3 16 3.150288 -19.433928 13.161642 4.943821 -25.531441 17.894321 3.630085 -26.161966 17.425617
3 16 3.630085 -26.161966 17.425617 1.697866 -19.886782 12.992703 3.150288 -19.433928 13.161642
5 24 2.181315 -26.138025 17.919216 1.697866 -19.886782 12.992703 0.394065 -19.649666 13.758879 3.630085 -26.161966 17.425617
3 16 1.697866 -19.886782 12.992703 3.630085 -26.161966 17.425617 2.181315 -26.138025 17.919216
3 16 2.181315 -26.138025 17.919216 0.394065 -19.649666 13.758879 1.697866 -19.886782 12.992703
5 24 1.44618 -25.473642 19.085972 0.394065 -19.649666 13.758879 0.002632 -18.861481 15.011353 2.181315 -26.138025 17.919216
3 16 0.394065 -19.649666 13.758879 2.181315 -26.138025 17.919216 1.44618 -25.473642 19.085972
3 16 1.44618 -25.473642 19.085972 0.002632 -18.861481 15.011353 0.394065 -19.649666 13.758879
5 24 1.855313 -24.558002 20.242414 0.002632 -18.861481 15.011353 0.752865 -17.983932 16.016441 1.44618 -25.473642 19.085972
3 16 0.002632 -18.861481 15.011353 1.44618 -25.473642 19.085972 1.855313 -24.558002 20.242414
3 16 1.855313 -24.558002 20.242414 0.752865 -17.983932 16.016441 0.002632 -18.861481 15.011353
5 24 3.169049 -23.927477 20.711119 0.752865 -17.983932 16.016441 2.205287 -17.531076 16.185381 1.855313 -24.558002 20.242414
3 16 0.752865 -17.983932 16.016441 1.855313 -24.558002 20.242414 3.169049 -23.927477 20.711119
3 16 3.169049 -23.927477 20.711119 2.205287 -17.531076 16.185381 0.752865 -17.983932 16.016441
5 24 4.617819 -23.95142 20.217522 2.205287 -17.531076 16.185381 3.509088 -17.768192 15.419205 3.169049 -23.927477 20.711119
3 16 2.205287 -17.531076 16.185381 3.169049 -23.927477 20.711119 4.617819 -23.95142 20.217522
3 16 4.617819 -23.95142 20.217522 3.509088 -17.768192 15.419205 2.205287 -17.531076 16.185381
5 24 5.352954 -24.615803 19.050766 3.509088 -17.768192 15.419205 3.900521 -18.556379 14.166732 4.617819 -23.95142 20.217522
3 16 3.509088 -17.768192 15.419205 4.617819 -23.95142 20.217522 5.352954 -24.615803 19.050766
3 16 5.352954 -24.615803 19.050766 3.900521 -18.556379 14.166732 3.509088 -17.768192 15.419205
5 24 4.943821 -25.531441 17.894321 3.900521 -18.556379 14.166732 3.150288 -19.433928 13.161642 5.352954 -24.615803 19.050766
3 16 3.900521 -18.556379 14.166732 5.352954 -24.615803 19.050766 4.943821 -25.531441 17.894321
3 16 4.943821 -25.531441 17.894321 3.150288 -19.433928 13.161642 3.900521 -18.556379 14.166732
5 24 4.943821 -25.531441 17.894321 3.150288 -19.433928 13.161642 5.352954 -24.615803 19.050766 3.630085 -26.161966 17.425617
5 24 3.630085 -26.161966 17.425617 1.697866 -19.886782 12.992703 4.943821 -25.531441 17.894321 2.181315 -26.138025 17.919216
5 24 2.181315 -26.138025 17.919216 0.394065 -19.649666 13.758879 3.630085 -26.161966 17.425617 1.44618 -25.473642 19.085972
5 24 1.44618 -25.473642 19.085972 0.002632 -18.861481 15.011353 2.181315 -26.138025 17.919216 1.855313 -24.558002 20.242414
5 24 1.855313 -24.558002 20.242414 0.752865 -17.983932 16.016441 1.44618 -25.473642 19.085972 3.169049 -23.927477 20.711119
5 24 3.169049 -23.927477 20.711119 2.205287 -17.531076 16.185381 1.855313 -24.558002 20.242414 4.617819 -23.95142 20.217522
5 24 4.617819 -23.95142 20.217522 3.509088 -17.768192 15.419205 3.169049 -23.927477 20.711119 5.352954 -24.615803 19.050766
5 24 5.352954 -24.615803 19.050766 3.900521 -18.556379 14.166732 4.617819 -23.95142 20.217522 4.943821 -25.531441 17.894321
5 24 4.943821 -25.531441 17.894321 3.630085 -26.161966 17.425617 5.775982 -28.57029 20.296694 3.150288 -19.433928 13.161642
5 24 3.630085 -26.161966 17.425617 2.181315 -26.138025 17.919216 4.552582 -29.270027 19.699362 1.697866 -19.886782 12.992703
5 24 2.181315 -26.138025 17.919216 1.44618 -25.473642 19.085972 3.066041 -29.344072 20.056938 0.394065 -19.649666 13.758879
5 24 1.44618 -25.473642 19.085972 1.855313 -24.558002 20.242414 2.187155 -28.749048 21.159958 0.002632 -18.861481 15.011353
5 24 1.855313 -24.558002 20.242414 3.169049 -23.927477 20.711119 2.430764 -27.833515 22.362289 0.752865 -17.983932 16.016441
5 24 3.169049 -23.927477 20.711119 4.617819 -23.95142 20.217522 3.654164 -27.133778 22.959621 2.205287 -17.531076 16.185381
5 24 4.617819 -23.95142 20.217522 5.352954 -24.615803 19.050766 5.140705 -27.059734 22.602045 3.509088 -17.768192 15.419205
5 24 5.352954 -24.615803 19.050766 4.943821 -25.531441 17.894321 6.019591 -27.654757 21.499025 3.900521 -18.556377 14.166732
5 24 5.469512 -32.365147 21.994007 4.943821 -25.531441 17.894321 3.630085 -26.161966 17.425619 6.587038 -31.604401 22.712025
3 16 4.943821 -25.531441 17.894321 6.587038 -31.604401 22.712025 5.469512 -32.365147 21.994007
3 16 5.469512 -32.365147 21.994007 3.630085 -26.161966 17.425619 4.943821 -25.531441 17.894321
5 24 3.964 -32.536556 22.211264 3.630085 -26.161966 17.425619 2.181315 -26.138025 17.919216 5.469512 -32.365147 21.994007
3 16 3.630085 -26.161966 17.425619 5.469512 -32.365147 21.994007 3.964 -32.536556 22.211264
3 16 3.964 -32.536556 22.211264 2.181315 -26.138025 17.919216 3.630085 -26.161966 17.425619
5 24 2.95241 -32.018215 23.236523 2.181315 -26.138025 17.919216 1.44618 -25.473642 19.085972 3.964 -32.536556 22.211264
3 16 2.181315 -26.138025 17.919216 3.964 -32.536556 22.211264 2.95241 -32.018215 23.236523
3 16 2.95241 -32.018215 23.236523 1.44618 -25.473642 19.085972 2.181315 -26.138025 17.919216
5 24 3.02732 -31.113768 24.469206 1.44618 -25.473642 19.085972 1.855313 -24.558002 20.242414 2.95241 -32.018215 23.236523
3 16 1.44618 -25.473642 19.085972 2.95241 -32.018215 23.236523 3.02732 -31.113768 24.469206
3 16 3.02732 -31.113768 24.469206 1.855313 -24.558002 20.242414 1.44618 -25.473642 19.085972
5 24 4.144846 -30.35302 25.187222 1.855313 -24.558002 20.242414 3.169049 -23.927477 20.711119 3.02732 -31.113768 24.469206
3 16 1.855313 -24.558002 20.242414 3.02732 -31.113768 24.469206 4.144846 -30.35302 25.187222
3 16 4.144846 -30.35302 25.187222 3.169049 -23.927477 20.711119 1.855313 -24.558002 20.242414
5 24 5.650358 -30.181612 24.969967 3.169049 -23.927477 20.711119 4.617819 -23.95142 20.217522 4.144846 -30.35302 25.187222
3 16 3.169049 -23.927477 20.711119 4.144846 -30.35302 25.187222 5.650358 -30.181612 24.969967
3 16 5.650358 -30.181612 24.969967 4.617819 -23.95142 20.217522 3.169049 -23.927477 20.711119
5 24 6.661947 -30.699951 23.944706 4.617819 -23.95142 20.217522 5.352954 -24.615803 19.050766 5.650358 -30.181612 24.969967
3 16 4.617819 -23.95142 20.217522 5.650358 -30.181612 24.969967 6.661947 -30.699951 23.944706
3 16 6.661947 -30.699951 23.944706 5.352954 -24.615803 19.050766 4.617819 -23.95142 20.217522
5 24 6.587038 -31.604401 22.712025 5.352954 -24.615803 19.050766 4.943821 -25.531441 17.894321 6.661947 -30.699951 23.944706
3 16 5.352954 -24.615803 19.050766 6.661947 -30.699951 23.944706 6.587038 -31.604401 22.712025
3 16 6.587038 -31.604401 22.712025 4.943821 -25.531441 17.894321 5.352954 -24.615803 19.050766
5 24 6.587038 -31.604401 22.712025 4.943821 -25.531441 17.894321 6.661947 -30.699951 23.944706 5.469512 -32.365147 21.994007
5 24 5.469512 -32.365147 21.994007 3.630085 -26.161966 17.425619 6.587038 -31.604401 22.712025 3.964 -32.536556 22.211264
5 24 3.964 -32.536556 22.211264 2.181315 -26.138025 17.919216 5.469512 -32.365147 21.994007 2.95241 -32.018215 23.236523
5 24 2.95241 -32.018215 23.236523 1.44618 -25.473642 19.085972 3.964 -32.536556 22.211264 3.02732 -31.113768 24.469206
5 24 3.02732 -31.113768 24.469206 1.855313 -24.558002 20.242414 2.95241 -32.018215 23.236523 4.144846 -30.35302 25.187222
5 24 4.144846 -30.35302 25.187222 3.169049 -23.927477 20.711119 3.02732 -31.113768 24.469206 5.650358 -30.181612 24.969967
5 24 5.650358 -30.181612 24.969967 4.617819 -23.95142 20.217522 4.144846 -30.35302 25.187222 6.661947 -30.699951 23.944706
5 24 6.661947 -30.699951 23.944706 5.352954 -24.615803 19.050766 5.650358 -30.181612 24.969967 6.587038 -31.604401 22.712025
5 24 6.587038 -31.604401 22.712025 5.469512 -32.365147 21.994007 7.329705 -34.65517 25.135128 4.943821 -25.531441 17.894321
5 24 5.469512 -32.365147 21.994007 3.964 -32.536556 22.211264 6.311389 -35.458115 24.321827 3.630085 -26.161966 17.425619
5 24 3.964 -32.536556 22.211264 2.95241 -32.018215 23.236523 4.803719 -35.705353 24.416441 2.181315 -26.138025 17.919216
5 24 2.95241 -32.018215 23.236523 3.02732 -31.113768 24.469206 3.689868 -35.252052 25.363543 1.44618 -25.473642 19.085972
5 24 3.02732 -31.113768 24.469206 4.144846 -30.35302 25.187222 3.622315 -34.36375 26.608334 1.855313 -24.558002 20.242414
5 24 4.144846 -30.35302 25.187222 5.650358 -30.181612 24.969967 4.640632 -33.560802 27.421633 3.169049 -23.927477 20.711119
5 24 5.650358 -30.181612 24.969967 6.661947 -30.699951 23.944706 6.148302 -33.313568 27.327019 4.617819 -23.95142 20.217522
5 24 6.661947 -30.699951 23.944706 6.587038 -31.604401 22.712025 7.262153 -33.766869 26.379917 5.352954 -24.615803 19.050766
5 24 7.145985 -38.543499 26.663935 6.587038 -31.604401 22.712025 5.469512 -32.365147 21.994007 8.055905 -37.704639 27.564772
3 16 6.587038 -31.604401 22.712025 8.055905 -37.704639 27.564772 7.145985 -38.543499 26.663935
3 16 7.145985 -38.543499 26.663935 5.469512 -32.365147 21.994007 6.587038 -31.604401 22.712025
5 24 5.649608 -38.864719 26.635283 5.469512 -32.365147 21.994007 3.964 -32.536556 22.211264 7.145985 -38.543499 26.663935
3 16 5.469512 -32.365147 21.994007 7.145985 -38.543499 26.663935 5.649608 -38.864719 26.635283
3 16 5.649608 -38.864719 26.635283 3.964 -32.536556 22.211264 5.469512 -32.365147 21.994007
5 24 4.443333 -38.480137 27.495596 3.964 -32.536556 22.211264 2.95241 -32.018215 23.236523 5.649608 -38.864719 26.635283
3 16 3.964 -32.536556 22.211264 5.649608 -38.864719 26.635283 4.443333 -38.480137 27.495596
3 16 4.443333 -38.480137 27.495596 2.95241 -32.018215 23.236523 3.964 -32.536556 22.211264
5 24 4.233778 -37.615032 28.740919 2.95241 -32.018215 23.236523 3.02732 -31.113768 24.469206 4.443333 -38.480137 27.495596
3 16 2.95241 -32.018215 23.236523 4.443333 -38.480137 27.495596 4.233778 -37.615032 28.740919
3 16 4.233778 -37.615032 28.740919 3.02732 -31.113768 24.469206 2.95241 -32.018215 23.236523
5 24 5.143699 -36.776173 29.641756 3.02732 -31.113768 24.469206 4.144846 -30.35302 25.187222 4.233778 -37.615032 28.740919
3 16 3.02732 -31.113768 24.469206 4.233778 -37.615032 28.740919 5.143699 -36.776173 29.641756
3 16 5.143699 -36.776173 29.641756 4.144846 -30.35302 25.187222 3.02732 -31.113768 24.469206
5 24 6.640075 -36.454952 29.670408 4.144846 -30.35302 25.187222 5.650358 -30.181612 24.969967 5.143699 -36.776173 29.641756
3 16 4.144846 -30.35302 25.187222 5.143699 -36.776173 29.641756 6.640075 -36.454952 29.670408
3 16 6.640075 -36.454952 29.670408 5.650358 -30.181612 24.969967 4.144846 -30.35302 25.187222
5 24 7.846351 -36.839535 28.810095 5.650358 -30.181612 24.969967 6.661947 -30.699951 23.944706 6.640075 -36.454952 29.670408
3 16 5.650358 -30.181612 24.969967 6.640075 -36.454952 29.670408 7.846351 -36.839535 28.810095
3 16 7.846351 -36.839535 28.810095 6.661947 -30.699951 23.944706 5.650358 -30.181612 24.969967
5 24 8.055905 -37.704639 27.564772 6.661947 -30.699951 23.944706 6.587038 -31.604401 22.712025 7.846351 -36.839535 28.810095
3 16 6.661947 -30.699951 23.944706 7.846351 -36.839535 28.810095 8.055905 -37.704639 27.564772
3 16 8.055905 -37.704639 27.564772 6.587038 -31.604401 22.712025 6.661947 -30.699951 23.944706
5 24 8.055905 -37.704639 27.564772 6.587038 -31.604401 22.712025 7.846351 -36.839535 28.810095 7.145985 -38.543499 26.663935
5 24 7.145985 -38.543499 26.663935 5.469512 -32.365147 21.994007 8.055905 -37.704639 27.564772 5.649608 -38.864719 26.635283
5 24 5.649608 -38.864719 26.635283 3.964 -32.536556 22.211264 7.145985 -38.543499 26.663935 4.443333 -38.480137 27.495596
5 24 4.443333 -38.480137 27.495596 2.95241 -32.018215 23.236523 5.649608 -38.864719 26.635283 4.233778 -37.615032 28.740919
5 24 4.233778 -37.615032 28.740919 3.02732 -31.113768 24.469206 4.443333 -38.480137 27.495596 5.143699 -36.776173 29.641756
5 24 5.143699 -36.776173 29.641756 4.144846 -30.35302 25.187222 4.233778 -37.615032 28.740919 6.640075 -36.454952 29.670408
5 24 6.640075 -36.454952 29.670408 5.650358 -30.181612 24.969967 5.143699 -36.776173 29.641756 7.846351 -36.839535 28.810095
5 24 7.846351 -36.839535 28.810095 6.661947 -30.699951 23.944706 6.640075 -36.454952 29.670408 8.055905 -37.704639 27.564772
5 24 8.055905 -37.704639 27.564772 7.145985 -38.543499 26.663935 8.686467 -40.787228 30.000885 6.587038 -31.604401 22.712025
5 24 7.145985 -38.543499 26.663935 5.649608 -38.864719 26.635283 7.86791 -41.645809 29.03344 5.469512 -32.365147 21.994007
5 24 5.649608 -38.864719 26.635283 4.443333 -38.480137 27.495596 6.38815 -42.013969 28.899591 3.964 -32.536556 22.211264
5 24 4.443333 -38.480137 27.495596 4.233778 -37.615032 28.740919 5.11401 -41.676044 29.677742 2.95241 -32.018215 23.236523
5 24 4.233778 -37.615032 28.740919 5.143699 -36.776173 29.641756 4.791865 -40.829983 30.912066 3.02732 -31.113768 24.469206
5 24 5.143699 -36.776173 29.641756 6.640075 -36.454952 29.670408 5.610421 -39.971401 31.879509 4.144846 -30.35302 25.187222
5 24 6.640075 -36.454952 29.670408 7.846351 -36.839535 28.810095 7.090181 -39.603241 32.013359 5.650358 -30.181612 24.969967
5 24 7.846351 -36.839535 28.810095 8.055905 -37.704639 27.564772 8.364322 -39.94117 31.235209 6.661947 -30.699951 23.944706
5 24 8.58346 -44.74474 31.411905 8.055905 -37.704639 27.564772 7.145985 -38.543499 26.663935 9.305717 -43.869976 32.439663
3 16 8.055905 -37.704639 27.564772 9.305717 -43.869976 32.439663 8.58346 -44.74474 31.411905
3 16 8.58346 -44.74474 31.411905 7.145985 -38.543499 26.663935 8.055905 -37.704639 27.564772
5 24 7.128987 -45.158276 31.173908 7.145985 -38.543499 26.663935 5.649608 -38.864719 26.635283 8.58346 -44.74474 31.411905
3 16 7.145985 -38.543499 26.663935 8.58346 -44.74474 31.411905 7.128987 -45.158276 31.173908
3 16 7.128987 -45.158276 31.173908 5.649608 -38.864719 26.635283 7.145985 -38.543499 26.663935
5 24 5.794309 -44.868343 31.865082 5.649608 -38.864719 26.635283 4.443333 -38.480137 27.495596 7.128987 -45.158276 31.173908
3 16 5.649608 -38.864719 26.635283 7.128987 -45.158276 31.173908 5.794309 -44.868343 31.865082
3 16 5.794309 -44.868343 31.865082 4.443333 -38.480137 27.495596 5.649608 -38.864719 26.635283
5 24 5.361263 -44.044777 33.080547 4.443333 -38.480137 27.495596 4.233778 -37.615032 28.740919 5.794309 -44.868343 31.865082
3 16 4.443333 -38.480137 27.495596 5.794309 -44.868343 31.865082 5.361263 -44.044777 33.080547
3 16 5.361263 -44.044777 33.080547 4.233778 -37.615032 28.740919 4.443333 -38.480137 27.495596
5 24 6.08352 -43.170013 34.108303 4.233778 -37.615032 28.740919 5.143699 -36.776173 29.641756 5.361263 -44.044777 33.080547
3 16 4.233778 -37.615032 28.740919 5.361263 -44.044777 33.080547 6.08352 -43.170013 34.108303
3 16 6.08352 -43.170013 34.108303 5.143699 -36.776173 29.641756 4.233778 -37.615032 28.740919
5 24 7.537993 -42.756477 34.346302 5.143699 -36.776173 29.641756 6.640075 -36.454952 29.670408 6.08352 -43.170013 34.108303
3 16 5.143699 -36.776173 29.641756 6.08352 -43.170013 34.108303 7.537993 -42.756477 34.346302
3 16 7.537993 -42.756477 34.346302 6.640075 -36.454952 29.670408 5.143699 -36.776173 29.641756
5 24 8.87267 -43.04641 33.655128 6.640075 -36.454952 29.670408 7.846351 -36.839535 28.810095 7.537993 -42.756477 34.346302
3 16 6.640075 -36.454952 29.670408 7.537993 -42.756477 34.346302 8.87267 -43.04641 33.655128
3 16 8.87267 -43.04641 33.655128 7.846351 -36.839535 28.810095 6.640075 -36.454952 29.670408
5 24 9.305717 -43.869976 32.439663 7.846351 -36.839535 28.810095 8.055905 -37.704639 27.564772 8.87267 -43.04641 33.655128
3 16 7.846351 -36.839535 28.810095 8.87267 -43.04641 33.655128 9.305717 -43.869976 32.439663
3 16 9.305717 -43.869976 32.439663 8.055905 -37.704639 27.564772 7.846351 -36.839535 28.810095
5 24 9.305717 -43.869976 32.439663 8.055905 -37.704639 27.564772 8.87267 -43.04641 33.655128 8.58346 -44.74474 31.411905
5 24 8.58346 -44.74474 31.411905 7.145985 -38.543499 26.663935 9.305717 -43.869976 32.439663 7.128987 -45.158276 31.173908
5 24 7.128987 -45.158276 31.173908 5.649608 -38.864719 26.635283 8.58346 -44.74474 31.411905 5.794309 -44.868343 31.865082
5 24 5.794309 -44.868343 31.865082 4.443333 -38.480137 27.495596 7.128987 -45.158276 31.173908 5.361263 -44.044777 33.080547
5 24 5.361263 -44.044777 33.080547 4.233778 -37.615032 28.740919 5.794309 -44.868343 31.865082 6.08352 -43.170013 34.108303
5 24 6.08352 -43.170013 34.108303 5.143699 -36.776173 29.641756 5.361263 -44.044777 33.080547 7.537993 -42.756477 34.346302
5 24 7.537993 -42.756477 34.346302 6.640075 -36.454952 29.670408 6.08352 -43.170013 34.108303 8.87267 -43.04641 33.655128
5 24 8.87267 -43.04641 33.655128 7.846351 -36.839535 28.810095 7.537993 -42.756477 34.346302 9.305717 -43.869976 32.439663
5 24 9.305717 -43.869976 32.439663 8.58346 -44.74474 31.411905 9.540537 -45.447899 33.725616 8.055905 -37.704639 27.564772
5 24 8.58346 -44.74474 31.411905 7.128987 -45.158276 31.173908 8.87628 -46.269608 32.61805 7.145985 -38.543499 26.663935
5 24 7.128987 -45.158276 31.173908 5.794309 -44.868343 31.865082 7.436499 -46.660942 32.275944 5.649608 -38.864719 26.635283
5 24 5.794309 -44.868343 31.865082 5.361263 -44.044777 33.080547 6.0646 -46.392662 32.899693 4.443333 -38.480137 27.495596
5 24 5.361263 -44.044777 33.080547 6.08352 -43.170013 34.108303 5.564223 -45.621922 34.12392 4.233778 -37.615032 28.740919
5 24 6.08352 -43.170013 34.108303 7.537993 -42.756477 34.346302 6.22848 -44.800209 35.231487 5.143699 -36.776173 29.641756
5 24 7.537993 -42.756477 34.346302 8.87267 -43.04641 33.655128 7.668261 -44.408878 35.573593 6.640075 -36.454952 29.670408
5 24 8.87267 -43.04641 33.655128 9.305717 -43.869976 32.439663 9.040159 -44.677158 34.949841 7.846351 -36.839535 28.810095
5 24 9.166763 -47.796974 33.830853 9.305717 -43.869976 32.439663 8.58346 -44.74474 31.411905 9.768135 -47.031448 35.012154
3 16 9.305717 -43.869976 32.439663 9.768135 -47.031448 35.012154 9.166763 -47.796974 33.830853
3 16 9.166763 -47.796974 33.830853 8.58346 -44.74474 31.411905 9.305717 -43.869976 32.439663
5 24 7.74793 -48.161507 33.38681 8.58346 -44.74474 31.411905 7.128987 -45.158276 31.173908 9.166763 -47.796974 33.830853
3 16 8.58346 -44.74474 31.411905 9.166763 -47.796974 33.830853 7.74793 -48.161507 33.38681
3 16 7.74793 -48.161507 33.38681 7.128987 -45.158276 31.173908 8.58346 -44.74474 31.411905
5 24 6.342769 -47.911514 33.94014 7.128987 -45.158276 31.173908 5.794309 -44.868343 31.865082 7.74793 -48.161507 33.38681
3 16 7.128987 -45.158276 31.173908 7.74793 -48.161507 33.38681 6.342769 -47.911514 33.94014
3 16 6.342769 -47.911514 33.94014 5.794309 -44.868343 31.865082 7.128987 -45.158276 31.173908
5 24 5.774405 -47.193432 35.166706 5.794309 -44.868343 31.865082 5.361263 -44.044777 33.080547 6.342769 -47.911514 33.94014
3 16 5.794309 -44.868343 31.865082 6.342769 -47.911514 33.94014 5.774405 -47.193432 35.166706
3 16 5.774405 -47.193432 35.166706 5.361263 -44.044777 33.080547 5.794309 -44.868343 31.865082
5 24 6.375777 -46.42791 36.348007 5.361263 -44.044777 33.080547 6.08352 -43.170013 34.108303 5.774405 -47.193432 35.166706
3 16 5.361263 -44.044777 33.080547 5.774405 -47.193432 35.166706 6.375777 -46.42791 36.348007
3 16 6.375777 -46.42791 36.348007 6.08352 -43.170013 34.108303 5.361263 -44.044777 33.080547
5 24 7.794611 -46.063377 36.792049 6.08352 -43.170013 34.108303 7.537993 -42.756477 34.346302 6.375777 -46.42791 36.348007
3 16 6.08352 -43.170013 34.108303 6.375777 -46.42791 36.348007 7.794611 -46.063377 36.792049
3 16 7.794611 -46.063377 36.792049 7.537993 -42.756477 34.346302 6.08352 -43.170013 34.108303
5 24 9.199771 -46.31337 36.238724 7.537993 -42.756477 34.346302 8.87267 -43.04641 33.655128 7.794611 -46.063377 36.792049
3 16 7.537993 -42.756477 34.346302 7.794611 -46.063377 36.792049 9.199771 -46.31337 36.238724
3 16 9.199771 -46.31337 36.238724 8.87267 -43.04641 33.655128 7.537993 -42.756477 34.346302
5 24 9.768135 -47.031448 35.012154 8.87267 -43.04641 33.655128 9.305717 -43.869976 32.439663 9.199771 -46.31337 36.238724
3 16 8.87267 -43.04641 33.655128 9.199771 -46.31337 36.238724 9.768135 -47.031448 35.012154
3 16 9.768135 -47.031448 35.012154 9.305717 -43.869976 32.439663 8.87267 -43.04641 33.655128
5 24 9.768135 -47.031448 35.012154 9.305717 -43.869976 32.439663 9.199771 -46.31337 36.238724 9.166763 -47.796974 33.830853
5 24 9.166763 -47.796974 33.830853 8.58346 -44.74474 31.411905 9.768135 -47.031448 35.012154 7.74793 -48.161507 33.38681
5 24 7.74793 -48.161507 33.38681 7.128987 -45.158276 31.173908 9.166763 -47.796974 33.830853 6.342769 -47.911514 33.94014
5 24 6.342769 -47.911514 33.94014 5.794309 -44.868343 31.865082 7.74793 -48.161507 33.38681 5.774405 -47.193432 35.166706
5 24 5.774405 -47.193432 35.166706 5.361263 -44.044777 33.080547 6.342769 -47.911514 33.94014 6.375777 -46.42791 36.348007
5 24 6.375777 -46.42791 36.348007 6.08352 -43.170013 34.108303 5.774405 -47.193432 35.166706 7.794611 -46.063377 36.792049
5 24 7.794611 -46.063377 36.792049 7.537993 -42.756477 34.346302 6.375777 -46.42791 36.348007 9.199771 -46.31337 36.238724
5 24 9.199771 -46.31337 36.238724 8.87267 -43.04641 33.655128 7.794611 -46.063377 36.792049 9.768135 -47.031448 35.012154
5 24 9.768135 -47.031448 35.012154 9.166763 -47.796974 33.830853 9.772117 -49.005222 36.074192 9.305717 -43.869976 32.439663
5 24 9.166763 -47.796974 33.830853 7.74793 -48.161507 33.38681 9.20026 -49.395931 34.709103 8.58346 -44.74474 31.411905
5 24 7.74793 -48.161507 33.38681 6.342769 -47.911514 33.94014 7.792294 -49.591118 34.141056 7.128987 -45.158276 31.173908
5 24 6.342769 -47.911514 33.94014 5.774405 -47.193432 35.166706 6.372985 -49.476448 34.702801 5.794309 -44.868343 31.865082
5 24 5.774405 -47.193432 35.166706 6.375777 -46.42791 36.348007 5.773747 -49.119091 36.065285 5.361263 -44.044777 33.080547
5 24 6.375777 -46.42791 36.348007 7.794611 -46.063377 36.792049 6.345604 -48.728382 37.430374 6.08352 -43.170013 34.108303
5 24 7.794611 -46.063377 36.792049 9.199771 -46.31337 36.238724 7.753571 -48.533195 37.998425 7.537993 -42.756477 34.346302
5 24 9.199771 -46.31337 36.238724 9.768135 -47.031448 35.012154 9.172879 -48.647865 37.436676 8.87267 -43.04641 33.655128
4 16 9.24149 -50.981106 35.690903 9.166763 -47.796974 33.830853 9.768135 -47.031448 35.012154 9.773113 -51.000988 37.126217
4 16 7.850578 -50.979244 35.051758 7.74793 -48.161507 33.38681 9.166763 -47.796974 33.830853 9.24149 -50.981106 35.690903
5 24 6.415156 -50.996494 35.583179 7.74793 -48.161507 33.38681 6.342769 -47.911514 33.94014 7.850578 -50.979244 35.051758
3 16 7.74793 -48.161507 33.38681 7.850578 -50.979244 35.051758 6.415156 -50.996494 35.583179
3 16 6.415156 -50.996494 35.583179 6.342769 -47.911514 33.94014 7.74793 -48.161507 33.38681
5 24 5.776075 -51.022755 36.973877 6.342769 -47.911514 33.94014 5.774405 -47.193436 35.166706 6.415156 -50.996494 35.583179
3 16 6.342769 -47.911514 33.94014 6.415156 -50.996494 35.583179 5.776075 -51.022755 36.973877
3 16 5.776075 -51.022755 36.973877 5.774405 -47.193436 35.166706 6.342769 -47.911514 33.94014
4 16 6.307698 -51.042641 38.409191 6.375777 -46.42791 36.348007 5.774405 -47.193436 35.166706 5.776075 -51.022755 36.973877
4 16 7.69861 -51.044502 39.048336 7.794611 -46.063377 36.792049 6.375777 -46.42791 36.348007 6.307698 -51.042641 38.409191
5 24 9.134032 -51.027248 38.516911 7.794611 -46.063377 36.792049 9.199771 -46.31337 36.238724 7.69861 -51.044502 39.048336
3 16 7.794611 -46.063377 36.792049 7.69861 -51.044502 39.048336 9.134032 -51.027248 38.516911
3 16 9.134032 -51.027248 38.516911 9.199771 -46.31337 36.238724 7.794611 -46.063377 36.792049
5 24 9.773113 -51.000988 37.126217 9.199771 -46.31337 36.238724 9.768135 -47.031448 35.012154 9.134032 -51.027248 38.516911
3 16 9.199771 -46.31337 36.238724 9.134032 -51.027248 38.516911 9.773113 -51.000988 37.126217
3 16 9.773113 -51.000988 37.126217 9.768135 -47.031448 35.012154 9.199771 -46.31337 36.238724
5 24 9.773113 -51.000988 37.126217 9.768135 -47.031448 35.012154 9.134032 -51.027248 38.516911 9.24149 -50.981106 35.690903
5 24 9.24149 -50.981106 35.690903 9.166763 -47.796974 33.830853 9.773113 -51.000988 37.126217 7.850578 -50.979244 35.051758
5 24 7.850578 -50.979244 35.051758 7.74793 -48.161507 33.38681 9.24149 -50.981106 35.690903 6.415156 -50.996494 35.583179
5 24 6.415156 -50.996494 35.583179 6.342769 -47.911514 33.94014 7.850578 -50.979244 35.051758 5.776075 -51.022755 36.973877
5 24 5.776075 -51.022755 36.973877 5.774405 -47.193436 35.166706 6.415156 -50.996494 35.583179 6.307698 -51.042641 38.409191
5 24 6.307698 -51.042641 38.409191 6.375777 -46.42791 36.348007 5.776075 -51.022755 36.973877 7.69861 -51.044502 39.048336
5 24 7.69861 -51.044502 39.048336 7.794611 -46.063377 36.792049 6.307698 -51.042641 38.409191 9.134032 -51.027248 38.516911
5 24 9.134032 -51.027248 38.516911 9.199771 -46.31337 36.238724 7.69861 -51.044502 39.048336 9.773113 -51.000988 37.126217
5 24 9.773113 -51.000988 37.126217 9.24149 -50.981106 35.690903 9.810014 -52.697853 36.229355 9.768135 -47.031448 35.012154
5 24 9.24149 -50.981106 35.690903 7.850578 -50.979244 35.051758 9.28426 -52.014709 34.964428 9.166763 -47.796974 33.830853
5 24 7.850578 -50.979244 35.051758 6.415156 -50.996494 35.583179 7.89629 -51.73288 34.38369 7.74793 -48.161507 33.38681
5 24 6.415156 -50.996494 35.583179 5.776075 -51.022755 36.973877 6.459158 -52.017456 34.827328 6.342769 -47.911514 33.94014
5 24 5.776075 -51.022755 36.973877 6.307698 -51.042641 38.409191 5.814718 -52.701736 36.035469 5.774405 -47.193436 35.166706
5 24 6.307698 -51.042641 38.409191 7.69861 -51.044502 39.048336 6.340472 -53.38488 37.300396 6.375777 -46.42791 36.348007
5 24 7.69861 -51.044502 39.048336 9.134032 -51.027248 38.516911 7.728442 -53.66671 37.881134 7.794611 -46.063377 36.792049
5 24 9.134032 -51.027248 38.516911 9.773113 -51.000988 37.126217 9.165573 -53.382133 37.437496 9.199771 -46.31337 36.238724
4 16 9.314329 -53.214352 34.522419 9.24149 -50.981106 35.690903 9.773113 -51.000988 37.126217 9.846989 -54.403427 35.325867
4 16 7.923966 -52.71262 34.124546 7.850578 -50.979244 35.051758 9.24149 -50.981106 35.690903 9.314329 -53.214352 34.522419
4 16 6.490355 -53.192139 34.365314 6.415156 -50.996494 35.583179 7.850578 -50.979244 35.051758 7.923966 -52.71262 34.124546
4 16 5.853287 -54.372009 35.103687 5.776075 -51.022755 36.973877 6.415156 -50.996494 35.583179 6.490355 -53.192139 34.365314
4 16 6.385946 -55.561085 35.907135 6.307698 -51.042641 38.409191 5.776075 -51.022755 36.973877 5.853287 -54.372009 35.103687
4 16 7.776309 -56.062817 36.305004 7.69861 -51.044502 39.048336 6.307698 -51.042641 38.409191 6.385946 -55.561085 35.907135
4 16 9.20992 -55.583298 36.064236 9.134032 -51.027248 38.516911 7.69861 -51.044502 39.048336 7.776309 -56.062817 36.305004
4 16 9.846989 -54.403427 35.325867 9.773113 -51.000988 37.126217 9.134032 -51.027248 38.516911 9.20992 -55.583298 36.064236
5 24 9.846989 -54.403427 35.325867 9.773113 -51.000988 37.126217 9.20992 -55.583298 36.064236 9.314329 -53.214352 34.522419
5 24 9.314329 -53.214352 34.522419 9.24149 -50.981106 35.690903 9.846989 -54.403427 35.325867 7.923966 -52.71262 34.124546
5 24 7.923966 -52.71262 34.124546 7.850578 -50.979244 35.051758 9.314329 -53.214352 34.522419 6.490355 -53.192139 34.365314
5 24 6.490355 -53.192139 34.365314 6.415156 -50.996494 35.583179 7.923966 -52.71262 34.124546 5.853287 -54.372009 35.103687
5 24 5.853287 -54.372009 35.103687 5.776075 -51.022755 36.973877 6.490355 -53.192139 34.365314 6.385946 -55.561085 35.907135
5 24 6.385946 -55.561085 35.907135 6.307698 -51.042641 38.409191 5.853287 -54.372009 35.103687 7.776309 -56.062817 36.305004
5 24 7.776309 -56.062817 36.305004 7.69861 -51.044502 39.048336 6.385946 -55.561085 35.907135 9.20992 -55.583298 36.064236
5 24 9.20992 -55.583298 36.064236 9.134032 -51.027248 38.516911 7.776309 -56.062817 36.305004 9.846989 -54.403427 35.325867
5 24 9.846989 -54.403427 35.325867 9.314329 -53.214352 34.522419 9.954346 -54.538441 33.35844 9.773113 -51.000988 37.126217
5 24 9.314329 -53.214352 34.522419 7.923966 -52.71262 34.124546 9.365819 -53.132969 33.212029 9.24149 -50.981106 35.690903
5 24 7.923966 -52.71262 34.124546 6.490355 -53.192139 34.365314 7.950876 -52.556087 33.120987 7.850578 -50.979244 35.051758
5 24 6.490355 -53.192139 34.365314 5.853287 -54.372009 35.103687 6.538372 -53.145721 33.138645 6.415156 -50.996494 35.583179
5 24 5.853287 -54.372009 35.103687 6.385946 -55.561085 35.907135 5.955733 -54.556473 33.254662 5.776075 -51.022755 36.973877
5 24 6.385946 -55.561085 35.907135 7.776309 -56.062817 36.305004 6.544261 -55.961941 33.401073 6.307698 -51.042641 38.409191
5 24 7.776309 -56.062817 36.305004 9.20992 -55.583298 36.064236 7.959203 -56.538822 33.492119 7.69861 -51.044502 39.048336
5 24 9.20992 -55.583298 36.064236 9.846989 -54.403427 35.325867 9.371708 -55.949192 33.474461 9.134032 -51.027248 38.516911
4 16 9.432329 -53.359394 31.946047 9.314329 -53.214352 34.522419 9.846989 -54.403427 35.325867 10.059055 -54.648689 31.409317
4 16 8.001676 -52.859623 32.16193 7.923966 -52.71262 34.124546 9.314329 -53.214352 34.522419 9.432329 -53.359394 31.946047
4 16 6.605154 -53.442131 31.930504 6.490355 -53.192139 34.365314 7.923966 -52.71262 34.124546 8.001676 -52.859623 32.16193
4 16 6.060827 -54.765694 31.387337 5.853287 -54.372009 35.103687 6.490355 -53.192139 34.365314 6.605154 -53.442131 31.930504
4 16 6.687554 -56.054989 30.850607 6.385946 -55.561085 35.907135 5.853287 -54.372009 35.103687 6.060827 -54.765694 31.387337
4 16 8.118207 -56.554764 30.634726 7.776309 -56.062817 36.305004 6.385946 -55.561085 35.907135 6.687554 -56.054989 30.850607
4 16 9.514729 -55.972256 30.86615 9.20992 -55.583298 36.064236 7.776309 -56.062817 36.305004 8.118207 -56.554764 30.634726
4 16 10.059055 -54.648689 31.409317 9.846989 -54.403427 35.325867 9.20992 -55.583298 36.064236 9.514729 -55.972256 30.86615
5 24 10.059055 -54.648689 31.409317 9.846989 -54.403427 35.325867 9.514729 -55.972256 30.86615 9.432329 -53.359394 31.946047
5 24 9.432329 -53.359394 31.946047 9.314329 -53.214352 34.522419 10.059055 -54.648689 31.409317 8.001676 -52.859623 32.16193
5 24 8.001676 -52.859623 32.16193 7.923966 -52.71262 34.124546 9.432329 -53.359394 31.946047 6.605154 -53.442131 31.930504
5 24 6.605154 -53.442131 31.930504 6.490355 -53.192139 34.365314 8.001676 -52.859623 32.16193 6.060827 -54.765694 31.387337
5 24 6.060827 -54.765694 31.387337 5.853287 -54.372009 35.103687 6.605154 -53.442131 31.930504 6.687554 -56.054989 30.850607
5 24 6.687554 -56.054989 30.850607 6.385946 -55.561085 35.907135 6.060827 -54.765694 31.387337 8.118207 -56.554764 30.634726
5 24 8.118207 -56.554764 30.634726 7.776309 -56.062817 36.305004 6.687554 -56.054989 30.850607 9.514729 -55.972256 30.86615
5 24 9.514729 -55.972256 30.86615 9.20992 -55.583298 36.064236 8.118207 -56.554764 30.634726 10.059055 -54.648689 31.409317
5 24 10.059055 -54.648689 31.409317 9.432329 -53.359394 31.946047 9.895907 -53.046719 30.083279 9.846989 -54.403427 35.325867
5 24 9.432329 -53.359394 31.946047 8.001676 -52.859623 32.16193 9.234721 -52.022461 31.008953 9.314329 -53.214352 34.522419
5 24 8.001676 -52.859623 32.16193 6.605154 -53.442131 31.930504 7.797138 -51.72427 31.442062 7.923966 -52.71262 34.124546
5 24 6.605154 -53.442131 31.930504 6.060827 -54.765694 31.387337 6.425275 -52.32682 31.128897 6.490355 -53.192139 34.365314
5 24 6.060827 -54.765694 31.387337 6.687554 -56.054989 30.850607 5.922753 -53.47715 30.252905 5.853287 -54.372009 35.103687
5 24 6.687554 -56.054989 30.850607 8.118207 -56.554764 30.634726 6.583941 -54.501408 29.32723 6.385946 -55.561085 35.907135
5 24 8.118207 -56.554764 30.634726 9.514729 -55.972256 30.86615 8.021523 -54.799599 28.894121 7.776309 -56.062817 36.305004
5 24 9.514729 -55.972256 30.86615 10.059055 -54.648689 31.409317 9.393386 -54.197048 29.207287 9.20992 -55.583298 36.064236
4 16 9.066718 -50.768921 30.02935 9.432329 -53.359394 31.946047 10.059055 -54.648689 31.409317 9.715775 -51.425335 28.808287
4 16 7.651453 -50.726269 30.611029 8.001676 -52.859623 32.16193 9.432329 -53.359394 31.946047 9.066718 -50.768921 30.02935
5 24 6.299023 -51.322361 30.212587 8.001676 -52.859623 32.16193 6.605154 -53.442131 31.930504 7.651453 -50.726269 30.611029
3 16 8.001676 -52.859623 32.16193 7.651453 -50.726269 30.611029 6.299023 -51.322361 30.212587
3 16 6.299023 -51.322361 30.212587 6.605154 -53.442131 31.930504 8.001676 -52.859623 32.16193
5 24 5.801664 -52.208015 29.067427 6.605154 -53.442131 31.930504 6.060827 -54.765694 31.387337 6.299023 -51.322361 30.212587
3 16 6.605154 -53.442131 31.930504 6.299023 -51.322361 30.212587 5.801664 -52.208015 29.067427
3 16 5.801664 -52.208015 29.067427 6.060827 -54.765694 31.387337 6.605154 -53.442131 31.930504
4 16 6.450721 -52.864429 27.846363 6.687554 -56.054989 30.850607 6.060827 -54.765694 31.387337 5.801664 -52.208015 29.067427
4 16 7.865986 -52.907082 27.264683 8.118207 -56.554764 30.634726 6.687554 -56.054989 30.850607 6.450721 -52.864429 27.846363
5 24 9.218416 -52.310989 27.663124 8.118207 -56.554764 30.634726 9.514729 -55.972256 30.86615 7.865986 -52.907082 27.264683
3 16 8.118207 -56.554764 30.634726 7.865986 -52.907082 27.264683 9.218416 -52.310989 27.663124
3 16 9.218416 -52.310989 27.663124 9.514729 -55.972256 30.86615 8.118207 -56.554764 30.634726
5 24 9.715775 -51.425335 28.808287 9.514729 -55.972256 30.86615 10.059055 -54.648689 31.409317 9.218416 -52.310989 27.663124
3 16 9.514729 -55.972256 30.86615 9.218416 -52.310989 27.663124 9.715775 -51.425335 28.808287
3 16 9.715775 -51.425335 28.808287 10.059055 -54.648689 31.409317 9.514729 -55.972256 30.86615
5 24 9.715775 -51.425335 28.808287 10.059055 -54.648689 31.409317 9.218416 -52.310989 27.663124 9.066718 -50.768921 30.02935
5 24 9.066718 -50.768921 30.02935 9.432329 -53.359394 31.946047 9.715775 -51.425335 28.808287 7.651453 -50.726269 30.611029
5 24 7.651453 -50.726269 30.611029 8.001676 -52.859623 32.16193 9.066718 -50.768921 30.02935 6.299023 -51.322361 30.212587
5 24 6.299023 -51.322361 30.212587 6.605154 -53.442131 31.930504 7.651453 -50.726269 30.611029 5.801664 -52.208015 29.067427
5 24 5.801664 -52.208015 29.067427 6.060827 -54.765694 31.387337 6.299023 -51.322361 30.212587 6.450721 -52.864429 27.846363
5 24 6.450721 -52.864429 27.846363 6.687554 -56.054989 30.850607 5.801664 -52.208015 29.067427 7.865986 -52.907082 27.264683
5 24 7.865986 -52.907082 27.264683 8.118207 -56.554764 30.634726 6.450721 -52.864429 27.846363 9.218416 -52.310989 27.663124
5 24 9.218416 -52.310989 27.663124 9.514729 -55.972256 30.86615 7.865986 -52.907082 27.264683 9.715775 -51.425335 28.808287
5 24 9.715775 -51.425335 28.808287 9.066718 -50.768921 30.02935 7.813205 -46.352036 26.150496 10.059055 -54.648689 31.409317
5 24 9.066718 -50.768921 30.02935 7.651453 -50.726269 30.611029 7.232943 -45.773476 27.443441 9.432329 -53.359394 31.946047
5 24 7.651453 -50.726269 30.611029 6.299023 -51.322361 30.212587 5.861304 -45.802578 28.122343 8.001676 -52.859623 32.16193
5 24 6.299023 -51.322361 30.212587 5.801664 -52.208015 29.067427 4.501777 -46.422298 27.789509 6.605154 -53.442131 31.930504
5 24 5.801664 -52.208015 29.067427 6.450721 -52.864429 27.846363 3.950753 -47.269611 26.63991 6.060827 -54.765694 31.387337
5 24 6.450721 -52.864429 27.846363 7.865986 -52.907082 27.264683 4.531015 -47.848175 25.346964 6.687554 -56.054989 30.850607
5 24 7.865986 -52.907082 27.264683 9.218416 -52.310989 27.663124 5.902654 -47.819069 24.668062 8.118207 -56.554764 30.634726
5 24 9.218416 -52.310989 27.663124 9.715775 -51.425335 28.808287 7.262182 -47.199348 25.000896 9.514729 -55.972256 30.86615
5 24 5.396308 -40.774654 24.854233 9.715775 -51.425335 28.808287 9.066718 -50.768921 30.029348 5.900718 -41.274361 23.498131
3 16 9.715775 -51.425335 28.808287 5.900718 -41.274361 23.498131 5.396308 -40.774654 24.854233
3 16 5.396308 -40.774654 24.854233 9.066718 -50.768921 30.029348 9.715775 -51.425335 28.808287
5 24 4.077029 -40.878494 25.623562 9.066718 -50.768921 30.029348 7.651453 -50.726269 30.611029 5.396308 -40.774654 24.854233
3 16 9.066718 -50.768921 30.029348 5.396308 -40.774654 24.854233 4.077029 -40.878494 25.623562
3 16 4.077029 -40.878494 25.623562 7.651453 -50.726269 30.611029 9.066718 -50.768921 30.029348
5 24 2.715696 -41.525055 25.355453 7.651453 -50.726269 30.611029 6.299023 -51.322361 30.212587 4.077029 -40.878494 25.623562
3 16 7.651453 -50.726269 30.611029 4.077029 -40.878494 25.623562 2.715696 -41.525055 25.355453
3 16 2.715696 -41.525055 25.355453 6.299023 -51.322361 30.212587 7.651453 -50.726269 30.611029
5 24 2.10976 -42.335587 24.206964 6.299023 -51.322361 30.212587 5.801664 -52.208015 29.067427 2.715696 -41.525055 25.355453
3 16 6.299023 -51.322361 30.212587 2.715696 -41.525055 25.355453 2.10976 -42.335587 24.206964
3 16 2.10976 -42.335587 24.206964 5.801664 -52.208015 29.067427 6.299023 -51.322361 30.212587
5 24 2.614169 -42.835289 22.850863 5.801664 -52.208015 29.067427 6.450721 -52.864426 27.846363 2.10976 -42.335587 24.206964
3 16 5.801664 -52.208015 29.067427 2.10976 -42.335587 24.206964 2.614169 -42.835289 22.850863
3 16 2.614169 -42.835289 22.850863 6.450721 -52.864426 27.846363 5.801664 -52.208015 29.067427
5 24 3.933449 -42.731449 22.081535 6.450721 -52.864426 27.846363 7.865986 -52.907082 27.264683 2.614169 -42.835289 22.850863
3 16 6.450721 -52.864426 27.846363 2.614169 -42.835289 22.850863 3.933449 -42.731449 22.081535
3 16 3.933449 -42.731449 22.081535 7.865986 -52.907082 27.264683 6.450721 -52.864426 27.846363
5 24 5.294782 -42.084892 22.349642 7.865986 -52.907082 27.264683 9.218416 -52.310989 27.663124 3.933449 -42.731449 22.081535
3 16 7.865986 -52.907082 27.264683 3.933449 -42.731449 22.081535 5.294782 -42.084892 22.349642
3 16 5.294782 -42.084892 22.349642 9.218416 -52.310989 27.663124 7.865986 -52.907082 27.264683
5 24 5.900718 -41.274361 23.498131 9.218416 -52.310989 27.663124 9.715775 -51.425335 28.808287 5.294782 -42.084892 22.349642
3 16 9.218416 -52.310989 27.663124 5.294782 -42.084892 22.349642 5.900718 -41.274361 23.498131
3 16 5.900718 -41.274361 23.498131 9.715775 -51.425335 28.808287 9.218416 -52.310989 27.663124
5 24 5.900718 -41.274361 23.498131 9.715775 -51.425335 28.808287 5.294782 -42.084892 22.349642 5.396308 -40.774654 24.854233
5 24 5.396308 -40.774654 24.854233 9.066718 -50.768921 30.029348 5.900718 -41.274361 23.498131 4.077029 -40.878494 25.623562
5 24 4.077029 -40.878494 25.623562 7.651453 -50.726269 30.611029 5.396308 -40.774654 24.854233 2.715696 -41.525055 25.355453
5 24 2.715696 -41.525055 25.355453 6.299023 -51.322361 30.212587 4.077029 -40.878494 25.623562 2.10976 -42.335587 24.206964
5 24 2.10976 -42.335587 24.206964 5.801664 -52.208015 29.067427 2.715696 -41.525055 25.355453 2.614169 -42.835289 22.850863
5 24 2.614169 -42.835289 22.850863 6.450721 -52.864426 27.846363 2.10976 -42.335587 24.206964 3.933449 -42.731449 22.081535
5 24 3.933449 -42.731449 22.081535 7.865986 -52.907082 27.264683 2.614169 -42.835289 22.850863 5.294782 -42.084892 22.349642
5 24 5.294782 -42.084892 22.349642 9.218416 -52.310989 27.663124 3.933449 -42.731449 22.081535 5.900718 -41.274361 23.498131
5 24 5.900718 -41.274361 23.498131 5.396308 -40.774654 24.854233 4.635696 -38.021484 21.647179 9.715775 -51.425335 28.808287
5 24 5.396308 -40.774654 24.854233 4.077029 -40.878494 25.623562 4.254153 -37.466347 23.02173 9.066718 -50.768921 30.02935
5 24 4.077029 -40.878494 25.623562 2.715696 -41.525055 25.355453 2.993886 -37.497807 23.889994 7.651453 -50.726269 30.611029
5 24 2.715696 -41.525055 25.355453 2.10976 -42.335587 24.206964 1.593143 -38.097443 23.743355 6.299023 -51.322361 30.212587
5 24 2.10976 -42.335587 24.206964 2.614169 -42.835289 22.850863 0.87246 -38.913994 22.667711 5.801664 -52.208015 29.067427
5 24 2.614169 -42.835289 22.850863 3.933449 -42.731449 22.081535 1.254004 -39.469131 21.293161 6.450721 -52.864429 27.846363
5 24 3.933449 -42.731449 22.081535 5.294782 -42.084892 22.349642 2.514271 -39.437672 20.424896 7.865986 -52.907082 27.264683
5 24 5.294782 -42.084892 22.349642 5.900718 -41.274361 23.498131 3.915014 -38.838036 20.571535 9.218416 -52.310989 27.663124
5 24 3.100148 -34.165947 21.1824 5.900718 -41.274361 23.498131 5.396308 -40.774654 24.854233 3.355811 -34.772137 19.800257
3 16 5.900718 -41.274361 23.498131 3.355811 -34.772137 19.800257 3.100148 -34.165947 21.1824
3 16 3.100148 -34.165947 21.1824 5.396308 -40.774654 24.854233 5.900718 -41.274361 23.498131
5 24 1.908849 -34.124783 22.142742 5.396308 -40.774654 24.854233 4.077029 -40.878494 25.623562 3.100148 -34.165947 21.1824
3 16 5.396308 -40.774654 24.854233 3.100148 -34.165947 21.1824 1.908849 -34.124783 22.142742
3 16 1.908849 -34.124783 22.142742 4.077029 -40.878494 25.623562 5.396308 -40.774654 24.854233
5 24 0.479761 -34.672756 22.118729 4.077029 -40.878494 25.623562 2.715696 -41.525055 25.355453 1.908849 -34.124783 22.142742
3 16 4.077029 -40.878494 25.623562 1.908849 -34.124783 22.142742 0.479761 -34.672756 22.118729
3 16 0.479761 -34.672756 22.118729 2.715696 -41.525055 25.355453 4.077029 -40.878494 25.623562
5 24 -0.349975 -35.488876 21.124428 2.715696 -41.525055 25.355453 2.10976 -42.335583 24.206964 0.479761 -34.672756 22.118729
3 16 2.715696 -41.525055 25.355453 0.479761 -34.672756 22.118729 -0.349975 -35.488876 21.124428
3 16 -0.349975 -35.488876 21.124428 2.10976 -42.335583 24.206964 2.715696 -41.525055 25.355453
5 24 -0.094312 -36.095066 19.742285 2.10976 -42.335583 24.206964 2.614169 -42.835289 22.850863 -0.349975 -35.488876 21.124428
3 16 2.10976 -42.335583 24.206964 -0.349975 -35.488876 21.124428 -0.094312 -36.095066 19.742285
3 16 -0.094312 -36.095066 19.742285 2.614169 -42.835289 22.850863 2.10976 -42.335583 24.206964
5 24 1.096987 -36.136227 18.781944 2.614169 -42.835289 22.850863 3.933449 -42.731449 22.081535 -0.094312 -36.095066 19.742285
3 16 2.614169 -42.835289 22.850863 -0.094312 -36.095066 19.742285 1.096987 -36.136227 18.781944
3 16 1.096987 -36.136227 18.781944 3.933449 -42.731449 22.081535 2.614169 -42.835289 22.850863
5 24 2.526075 -35.588253 18.805956 3.933449 -42.731449 22.081535 5.294782 -42.084892 22.349642 1.096987 -36.136227 18.781944
3 16 3.933449 -42.731449 22.081535 1.096987 -36.136227 18.781944 2.526075 -35.588253 18.805956
3 16 2.526075 -35.588253 18.805956 5.294782 -42.084892 22.349642 3.933449 -42.731449 22.081535
5 24 3.355811 -34.772137 19.800257 5.294782 -42.084892 22.349642 5.900718 -41.274361 23.498131 2.526075 -35.588253 18.805956
3 16 5.294782 -42.084892 22.349642 2.526075 -35.588253 18.805956 3.355811 -34.772137 19.800257
3 16 3.355811 -34.772137 19.800257 5.900718 -41.274361 23.498131 5.294782 -42.084892 22.349642
5 24 3.355811 -34.772137 19.800257 5.900718 -41.274361 23.498131 2.526075 -35.588253 18.805956 3.100148 -34.165947 21.1824
5 24 3.100148 -34.165947 21.1824 5.396308 -40.774654 24.854233 3.355811 -34.772137 19.800257 1.908849 -34.124783 22.142742
5 24 1.908849 -34.124783 22.142742 4.077029 -40.878494 25.623562 3.100148 -34.165947 21.1824 0.479761 -34.672756 22.118729
5 24 0.479761 -34.672756 22.118729 2.715696 -41.525055 25.355453 1.908849 -34.124783 22.142742 -0.349975 -35.488876 21.124428
5 24 -0.349975 -35.488876 21.124428 2.10976 -42.335583 24.206964 0.479761 -34.672756 22.118729 -0.094312 -36.095066 19.742285
5 24 -0.094312 -36.095066 19.742285 2.614169 -42.835289 22.850863 -0.349975 -35.488876 21.124428 1.096987 -36.136227 18.781944
5 24 1.096987 -36.136227 18.781944 3.933449 -42.731449 22.081535 -0.094312 -36.095066 19.742285 2.526075 -35.588253 18.805956
5 24 2.526075 -35.588253 18.805956 5.294782 -42.084892 22.349642 1.096987 -36.136227 18.781944 3.355811 -34.772137 19.800257
5 24 3.355811 -34.772137 19.800257 3.100148 -34.165947 21.1824 2.059631 -31.528618 17.95388 5.900718 -41.274361 23.498131
5 24 3.100148 -34.165947 21.1824 1.908849 -34.124783 22.142742 1.936066 -30.874741 19.332403 5.396308 -40.774654 24.854233
5 24 1.908849 -34.124783 22.142742 0.479761 -34.672756 22.118729 0.825856 -30.758928 20.37986 4.077029 -40.878494 25.623562
5 24 0.479761 -34.672756 22.118729 -0.349975 -35.488876 21.124428 -0.620653 -31.249018 20.482666 2.715696 -41.525055 25.355453
5 24 -0.349975 -35.488876 21.124428 -0.094312 -36.095066 19.742285 -1.556116 -32.057926 19.580599 2.10976 -42.335583 24.206964
5 24 -0.094312 -36.095066 19.742285 1.096987 -36.136227 18.781944 -1.432551 -32.7118 18.202076 2.614169 -42.835289 22.850863
5 24 1.096987 -36.136227 18.781944 2.526075 -35.588253 18.805956 -0.32234 -32.827614 17.154619 3.933449 -42.731449 22.081535
5 24 2.526075 -35.588253 18.805956 3.355811 -34.772137 19.800257 1.124169 -32.337524 17.051813 5.294782 -42.084892 22.349642
5 24 0.757796 -27.591274 17.477646 3.355811 -34.772137 19.800257 3.100148 -34.165943 21.1824 0.748222 -28.287329 16.114355
3 16 3.355811 -34.772137 19.800257 0.748222 -28.287329 16.114355 0.757796 -27.591274 17.477646
3 16 0.757796 -27.591274 17.477646 3.100148 -34.165943 21.1824 3.355811 -34.772137 19.800257
5 24 -0.261973 -27.401785 18.603395 3.100148 -34.165943 21.1824 1.908849 -34.124783 22.142742 0.757796 -27.591274 17.477646
3 16 3.100148 -34.165943 21.1824 0.757796 -27.591274 17.477646 -0.261973 -27.401785 18.603395
3 16 -0.261973 -27.401785 18.603395 1.908849 -34.124783 22.142742 3.100148 -34.165943 21.1824
5 24 -1.713719 -27.829865 18.832155 1.908849 -34.124783 22.142742 0.479761 -34.672756 22.118729 -0.261973 -27.401785 18.603395
3 16 1.908849 -34.124783 22.142742 -0.261973 -27.401785 18.603395 -1.713719 -27.829865 18.832155
3 16 -1.713719 -27.829865 18.832155 0.479761 -34.672756 22.118729 1.908849 -34.124783 22.142742
5 24 -2.747027 -28.624746 18.029919 0.479761 -34.672756 22.118729 -0.349975 -35.488876 21.124428 -1.713719 -27.829865 18.832155
3 16 0.479761 -34.672756 22.118729 -1.713719 -27.829865 18.832155 -2.747027 -28.624746 18.029919
3 16 -2.747027 -28.624746 18.029919 -0.349975 -35.488876 21.124428 0.479761 -34.672756 22.118729
5 24 -2.756602 -29.320801 16.666628 -0.349975 -35.488876 21.124428 -0.094313 -36.095066 19.742285 -2.747027 -28.624746 18.029919
3 16 -0.349975 -35.488876 21.124428 -2.747027 -28.624746 18.029919 -2.756602 -29.320801 16.666628
3 16 -2.756602 -29.320801 16.666628 -0.094313 -36.095066 19.742285 -0.349975 -35.488876 21.124428
5 24 -1.736832 -29.510288 15.540878 -0.094313 -36.095066 19.742285 1.096987 -36.136227 18.781944 -2.756602 -29.320801 16.666628
3 16 -0.094313 -36.095066 19.742285 -2.756602 -29.320801 16.666628 -1.736832 -29.510288 15.540878
3 16 -1.736832 -29.510288 15.540878 1.096987 -36.136227 18.781944 -0.094313 -36.095066 19.742285
5 24 -0.285087 -29.082211 15.312119 1.096987 -36.136227 18.781944 2.526075 -35.588253 18.805956 -1.736832 -29.510288 15.540878
3 16 1.096987 -36.136227 18.781944 -1.736832 -29.510288 15.540878 -0.285087 -29.082211 15.312119
3 16 -0.285087 -29.082211 15.312119 2.526075 -35.588253 18.805956 1.096987 -36.136227 18.781944
5 24 0.748222 -28.287329 16.114355 2.526075 -35.588253 18.805956 3.355811 -34.772137 19.800257 -0.285087 -29.082211 15.312119
3 16 2.526075 -35.588253 18.805956 -0.285087 -29.082211 15.312119 0.748222 -28.287329 16.114355
3 16 0.748222 -28.287329 16.114355 3.355811 -34.772137 19.800257 2.526075 -35.588253 18.805956
5 24 0.748222 -28.287329 16.114355 3.355811 -34.772137 19.800257 -0.285087 -29.082211 15.312119 0.757796 -27.591274 17.477646
5 24 0.757796 -27.591274 17.477646 3.100148 -34.165943 21.1824 0.748222 -28.287329 16.114355 -0.261973 -27.401785 18.603395
5 24 -0.261973 -27.401785 18.603395 1.908849 -34.124783 22.142742 0.757796 -27.591274 17.477646 -1.713719 -27.829865 18.832155
5 24 -1.713719 -27.829865 18.832155 0.479761 -34.672756 22.118729 -0.261973 -27.401785 18.603395 -2.747027 -28.624746 18.029919
5 24 -2.747027 -28.624746 18.029919 -0.349975 -35.488876 21.124428 -1.713719 -27.829865 18.832155 -2.756602 -29.320801 16.666628
5 24 -2.756602 -29.320801 16.666628 -0.094313 -36.095066 19.742285 -2.747027 -28.624746 18.029919 -1.736832 -29.510288 15.540878
5 24 -1.736832 -29.510288 15.540878 1.096987 -36.136227 18.781944 -2.756602 -29.320801 16.666628 -0.285087 -29.082211 15.312119
5 24 -0.285087 -29.082211 15.312119 2.526075 -35.588253 18.805956 -1.736832 -29.510288 15.540878 0.748222 -28.287329 16.114355
5 24 0.748222 -28.287329 16.114355 0.757796 -27.591274 17.477646 -0.591577 -25.06352 14.261369 3.355811 -34.772137 19.800257
5 24 0.757796 -27.591274 17.477646 -0.261973 -27.401785 18.603395 -0.42719 -24.325771 15.592478 3.100148 -34.165947 21.1824
5 24 -0.261973 -27.401785 18.603395 -1.713719 -27.829865 18.832155 -1.330912 -24.05257 16.797382 1.908849 -34.124783 22.142742
5 24 -1.713719 -27.829865 18.832155 -2.747027 -28.624746 18.029919 -2.773352 -24.403954 17.170267 0.479761 -34.672756 22.118729
5 24 -2.747027 -28.624746 18.029919 -2.756602 -29.320801 16.666628 -3.909549 -25.174086 16.492699 -0.349975 -35.488876 21.124428
5 24 -2.756602 -29.320801 16.666628 -1.736832 -29.510288 15.540878 -4.073936 -25.911835 15.161591 -0.094312 -36.095066 19.742285
5 24 -1.736832 -29.510288 15.540878 -0.285087 -29.082211 15.312119 -3.170215 -26.185036 13.956686 1.096987 -36.136227 18.781944
5 24 -0.285087 -29.082211 15.312119 0.748222 -28.287329 16.114355 -1.727774 -25.833652 13.583801 2.526075 -35.588253 18.805956
5 24 -1.632986 -21.069321 13.70485 0.748222 -28.287329 16.114355 0.757796 -27.591274 17.477646 -1.950309 -21.840343 12.421115
3 16 0.748222 -28.287329 16.114355 -1.950309 -21.840343 12.421115 -1.632986 -21.069321 13.70485
3 16 -1.632986 -21.069321 13.70485 0.757796 -27.591274 17.477646 0.748222 -28.287329 16.114355
5 24 -2.410345 -20.715523 14.97516 0.757796 -27.591274 17.477646 -0.261973 -27.401785 18.603395 -1.632986 -21.069321 13.70485
3 16 0.757796 -27.591274 17.477646 -1.632986 -21.069321 13.70485 -2.410345 -20.715523 14.97516
3 16 -2.410345 -20.715523 14.97516 -0.261973 -27.401785 18.603395 0.757796 -27.591274 17.477646
5 24 -3.827018 -20.9862 15.487914 -0.261973 -27.401785 18.603395 -1.713719 -27.829865 18.832155 -2.410345 -20.715523 14.97516
3 16 -0.261973 -27.401785 18.603395 -2.410345 -20.715523 14.97516 -3.827018 -20.9862 15.487914
3 16 -3.827018 -20.9862 15.487914 -1.713719 -27.829865 18.832155 -0.261973 -27.401785 18.603395
5 24 -5.053138 -21.722794 14.942747 -1.713719 -27.829865 18.832155 -2.747027 -28.624746 18.029919 -3.827018 -20.9862 15.487914
3 16 -1.713719 -27.829865 18.832155 -3.827018 -20.9862 15.487914 -5.053138 -21.722794 14.942747
3 16 -5.053138 -21.722794 14.942747 -2.747027 -28.624746 18.029919 -1.713719 -27.829865 18.832155
5 24 -5.370461 -22.493818 13.659013 -2.747027 -28.624746 18.029919 -2.756602 -29.320801 16.666628 -5.053138 -21.722794 14.942747
3 16 -2.747027 -28.624746 18.029919 -5.053138 -21.722794 14.942747 -5.370461 -22.493818 13.659013
3 16 -5.370461 -22.493818 13.659013 -2.756602 -29.320801 16.666628 -2.747027 -28.624746 18.029919
5 24 -4.593102 -22.847614 12.388702 -2.756602 -29.320801 16.666628 -1.736832 -29.510288 15.540878 -5.370461 -22.493818 13.659013
3 16 -2.756602 -29.320801 16.666628 -5.370461 -22.493818 13.659013 -4.593102 -22.847614 12.388702
3 16 -4.593102 -22.847614 12.388702 -1.736832 -29.510288 15.540878 -2.756602 -29.320801 16.666628
5 24 -3.176428 -22.576937 11.875948 -1.736832 -29.510288 15.540878 -0.285087 -29.082211 15.312119 -4.593102 -22.847614 12.388702
3 16 -1.736832 -29.510288 15.540878 -4.593102 -22.847614 12.388702 -3.176428 -22.576937 11.875948
3 16 -3.176428 -22.576937 11.875948 -0.285087 -29.082211 15.312119 -1.736832 -29.510288 15.540878
5 24 -1.950309 -21.840343 12.421115 -0.285087 -29.082211 15.312119 0.748222 -28.287329 16.114355 -3.176428 -22.576937 11.875948
3 16 -0.285087 -29.082211 15.312119 -3.176428 -22.576937 11.875948 -1.950309 -21.840343 12.421115
3 16 -1.950309 -21.840343 12.421115 0.748222 -28.287329 16.114355 -0.285087 -29.082211 15.312119
5 24 -1.950309 -21.840343 12.421115 0.748222 -28.287329 16.114355 -3.176428 -22.576937 11.875948 -1.632986 -21.069321 13.70485
5 24 -1.632986 -21.069321 13.70485 0.757796 -27.591274 17.477646 -1.950309 -21.840343 12.421115 -2.410345 -20.715523 14.97516
5 24 -2.410345 -20.715523 14.97516 -0.261973 -27.401785 18.603395 -1.632986 -21.069321 13.70485 -3.827018 -20.9862 15.487914
5 24 -3.827018 -20.9862 15.487914 -1.713719 -27.829865 18.832155 -2.410345 -20.715523 14.97516 -5.053138 -21.722794 14.942747
5 24 -5.053138 -21.722794 14.942747 -2.747027 -28.624746 18.029919 -3.827018 -20.9862 15.487914 -5.370461 -22.493818 13.659013
5 24 -5.370461 -22.493818 13.659013 -2.756602 -29.320801 16.666628 -5.053138 -21.722794 14.942747 -4.593102 -22.847614 12.388702
5 24 -4.593102 -22.847614 12.388702 -1.736832 -29.510288 15.540878 -5.370461 -22.493818 13.659013 -3.176428 -22.576937 11.875948
5 24 -3.176428 -22.576937 11.875948 -0.285087 -29.082211 15.312119 -4.593102 -22.847614 12.388702 -1.950309 -21.840343 12.421115
5 24 -1.950309 -21.840343 12.421115 -1.632986 -21.069321 13.70485 -3.3367 -18.62484 10.586171 0.748222 -28.287329 16.114355
5 24 -1.632986 -21.069321 13.70485 -2.410345 -20.715523 14.97516 -2.859185 -17.827885 11.802719 0.757796 -27.591274 17.477646
5 24 -2.410345 -20.715523 14.97516 -3.827018 -20.9862 15.487914 -3.490973 -17.39204 13.127116 -0.261973 -27.401785 18.603395
5 24 -3.827018 -20.9862 15.487914 -5.053138 -21.722794 14.942747 -4.861972 -17.572613 13.783548 -1.713719 -27.829865 18.832155
5 24 -5.053138 -21.722794 14.942747 -5.370461 -22.493818 13.659013 -6.169067 -18.26383 13.387486 -2.747027 -28.624746 18.029919
5 24 -5.370461 -22.493818 13.659013 -4.593102 -22.847614 12.388702 -6.646583 -19.060785 12.170938 -2.756602 -29.320801 16.666628
5 24 -4.593102 -22.847614 12.388702 -3.176428 -22.576937 11.875948 -6.014794 -19.496632 10.84654 -1.736832 -29.510288 15.540878
5 24 -3.176428 -22.576937 11.875948 -1.950309 -21.840343 12.421115 -4.643796 -19.316057 10.190108 -0.285087 -29.082211 15.312119
5 24 -4.110314 -14.594566 9.903012 -1.950309 -21.840343 12.421115 -1.632986 -21.069321 13.70485 -4.741736 -15.406959 8.769667
3 16 -1.950309 -21.840343 12.421115 -4.741736 -15.406959 8.769667 -4.110314 -14.594566 9.903012
3 16 -4.110314 -14.594566 9.903012 -1.632986 -21.069321 13.70485 -1.950309 -21.840343 12.421115
5 24 -4.588215 -14.082409 11.26406 -1.632986 -21.069321 13.70485 -2.410345 -20.715523 14.97516 -4.110314 -14.594566 9.903012
3 16 -1.632986 -21.069321 13.70485 -4.110314 -14.594566 9.903012 -4.588215 -14.082409 11.26406
3 16 -4.588215 -14.082409 11.26406 -2.410345 -20.715523 14.97516 -1.632986 -21.069321 13.70485
5 24 -5.895489 -14.170503 12.055529 -2.410345 -20.715523 14.97516 -3.827018 -20.9862 15.487914 -4.588215 -14.082409 11.26406
3 16 -2.410345 -20.715523 14.97516 -4.588215 -14.082409 11.26406 -5.895489 -14.170503 12.055529
3 16 -5.895489 -14.170503 12.055529 -3.827018 -20.9862 15.487914 -2.410345 -20.715523 14.97516
5 24 -7.266353 -14.807243 11.813785 -3.827018 -20.9862 15.487914 -5.053138 -21.722794 14.942747 -5.895489 -14.170503 12.055529
3 16 -3.827018 -20.9862 15.487914 -5.895489 -14.170503 12.055529 -7.266353 -14.807243 11.813785
3 16 -7.266353 -14.807243 11.813785 -5.053138 -21.722794 14.942747 -3.827018 -20.9862 15.487914
5 24 -7.897774 -15.619637 10.680439 -5.053138 -21.722794 14.942747 -5.370461 -22.493818 13.659012 -7.266353 -14.807243 11.813785
3 16 -5.053138 -21.722794 14.942747 -7.266353 -14.807243 11.813785 -7.897774 -15.619637 10.680439
3 16 -7.897774 -15.619637 10.680439 -5.370461 -22.493818 13.659012 -5.053138 -21.722794 14.942747
5 24 -7.419873 -16.131792 9.31939 -5.370461 -22.493818 13.659012 -4.593102 -22.847614 12.388702 -7.897774 -15.619637 10.680439
3 16 -5.370461 -22.493818 13.659012 -7.897774 -15.619637 10.680439 -7.419873 -16.131792 9.31939
3 16 -7.419873 -16.131792 9.31939 -4.593102 -22.847614 12.388702 -5.370461 -22.493818 13.659012
5 24 -6.1126 -16.043699 8.527923 -4.593102 -22.847614 12.388702 -3.176429 -22.576937 11.875948 -7.419873 -16.131792 9.31939
3 16 -4.593102 -22.847614 12.388702 -7.419873 -16.131792 9.31939 -6.1126 -16.043699 8.527923
3 16 -6.1126 -16.043699 8.527923 -3.176429 -22.576937 11.875948 -4.593102 -22.847614 12.388702
5 24 -4.741736 -15.406959 8.769667 -3.176429 -22.576937 11.875948 -1.950309 -21.840343 12.421115 -6.1126 -16.043699 8.527923
3 16 -3.176429 -22.576937 11.875948 -6.1126 -16.043699 8.527923 -4.741736 -15.406959 8.769667
3 16 -4.741736 -15.406959 8.769667 -1.950309 -21.840343 12.421115 -3.176429 -22.576937 11.875948
5 24 -4.741736 -15.406959 8.769667 -1.950309 -21.840343 12.421115 -6.1126 -16.043699 8.527923 -4.110314 -14.594566 9.903012
5 24 -4.110314 -14.594566 9.903012 -1.632986 -21.069321 13.70485 -4.741736 -15.406959 8.769667 -4.588215 -14.082409 11.26406
5 24 -4.588215 -14.082409 11.26406 -2.410345 -20.715523 14.97516 -4.110314 -14.594566 9.903012 -5.895489 -14.170503 12.055529
5 24 -5.895489 -14.170503 12.055529 -3.827018 -20.9862 15.487914 -4.588215 -14.082409 11.26406 -7.266353 -14.807243 11.813785
5 24 -7.266353 -14.807243 11.813785 -5.053138 -21.722794 14.942747 -5.895489 -14.170503 12.055529 -7.897774 -15.619637 10.680439
5 24 -7.897774 -15.619637 10.680439 -5.370461 -22.493818 13.659012 -7.266353 -14.807243 11.813785 -7.419873 -16.131792 9.31939
5 24 -7.419873 -16.131792 9.31939 -4.593102 -22.847614 12.388702 -7.897774 -15.619637 10.680439 -6.1126 -16.043699 8.527923
5 24 -6.1126 -16.043699 8.527923 -3.176429 -22.576937 11.875948 -7.419873 -16.131792 9.31939 -4.741736 -15.406959 8.769667
5 24 -4.741736 -15.406959 8.769667 -4.110314 -14.594566 9.903012 -6.158808 -12.18222 6.975549 -1.950309 -21.840343 12.421115
5 24 -4.110314 -14.594566 9.903012 -4.588215 -14.082409 11.26406 -5.385424 -11.36507 8.013475 -1.632986 -21.069321 13.70485
5 24 -4.588215 -14.082409 11.26406 -5.895489 -14.170503 12.055529 -5.707332 -10.785046 9.393001 -2.410345 -20.715523 14.97516
5 24 -5.895489 -14.170503 12.055529 -7.266353 -14.807243 11.813785 -6.935963 -10.781916 10.30602 -3.827018 -20.9862 15.487914
5 24 -7.266353 -14.807243 11.813785 -7.897774 -15.619637 10.680439 -8.351602 -11.357514 10.217696 -5.053138 -21.722794 14.942747
5 24 -7.897774 -15.619637 10.680439 -7.419873 -16.131792 9.31939 -9.124986 -12.174664 9.17977 -5.370461 -22.493818 13.659012
5 24 -7.419873 -16.131792 9.31939 -6.1126 -16.043699 8.527923 -8.803077 -12.754688 7.800244 -4.593102 -22.847614 12.388702
5 24 -6.1126 -16.043699 8.527923 -4.741736 -15.406959 8.769667 -7.574446 -12.757819 6.887226 -3.176428 -22.576937 11.875948
5 24 -6.683898 -8.140634 6.131225 -4.741736 -15.406959 8.769667 -4.110314 -14.594565 9.903011 -7.589581 -8.952328 5.201689
3 16 -4.741736 -15.406959 8.769667 -7.589581 -8.952328 5.201689 -6.683898 -8.140634 6.131225
3 16 -6.683898 -8.140634 6.131225 -4.110314 -14.594565 9.903011 -4.741736 -15.406959 8.769667
5 24 -6.845792 -7.499989 7.51199 -4.110314 -14.594565 9.903011 -4.588215 -14.082409 11.26406 -6.683898 -8.140634 6.131225
3 16 -4.110314 -14.594565 9.903011 -6.683898 -8.140634 6.131225 -6.845792 -7.499989 7.51199
3 16 -6.845792 -7.499989 7.51199 -4.588215 -14.082409 11.26406 -4.110314 -14.594565 9.903011
5 24 -7.980427 -7.405674 8.53515 -4.588215 -14.082409 11.26406 -5.895489 -14.170503 12.055529 -6.845792 -7.499989 7.51199
3 16 -4.588215 -14.082409 11.26406 -6.845792 -7.499989 7.51199 -7.980427 -7.405674 8.53515
3 16 -7.980427 -7.405674 8.53515 -5.895489 -14.170503 12.055529 -4.588215 -14.082409 11.26406
5 24 -9.423149 -7.912938 8.601351 -5.895489 -14.170503 12.055529 -7.266353 -14.807243 11.813785 -7.980427 -7.405674 8.53515
3 16 -5.895489 -14.170503 12.055529 -7.980427 -7.405674 8.53515 -9.423149 -7.912938 8.601351
3 16 -9.423149 -7.912938 8.601351 -7.266353 -14.807243 11.813785 -5.895489 -14.170503 12.055529
5 24 -10.328832 -8.724632 7.671814 -7.266353 -14.807243 11.813785 -7.897774 -15.619637 10.680439 -9.423149 -7.912938 8.601351
3 16 -7.266353 -14.807243 11.813785 -9.423149 -7.912938 8.601351 -10.328832 -8.724632 7.671814
3 16 -10.328832 -8.724632 7.671814 -7.897774 -15.619637 10.680439 -7.266353 -14.807243 11.813785
5 24 -10.166938 -9.365277 6.29105 -7.897774 -15.619637 10.680439 -7.419873 -16.131792 9.31939 -10.328832 -8.724632 7.671814
3 16 -7.897774 -15.619637 10.680439 -10.328832 -8.724632 7.671814 -10.166938 -9.365277 6.29105
3 16 -10.166938 -9.365277 6.29105 -7.419873 -16.131792 9.31939 -7.897774 -15.619637 10.680439
5 24 -9.032303 -9.459593 5.26789 -7.419873 -16.131792 9.31939 -6.1126 -16.043699 8.527923 -10.166938 -9.365277 6.29105
3 16 -7.419873 -16.131792 9.31939 -10.166938 -9.365277 6.29105 -9.032303 -9.459593 5.26789
3 16 -9.032303 -9.459593 5.26789 -6.1126 -16.043699 8.527923 -7.419873 -16.131792 9.31939
5 24 -7.589581 -8.952328 5.201689 -6.1126 -16.043699 8.527923 -4.741736 -15.406959 8.769667 -9.032303 -9.459593 5.26789
3 16 -6.1126 -16.043699 8.527923 -9.032303 -9.459593 5.26789 -7.589581 -8.952328 5.201689
3 16 -7.589581 -8.952328 5.201689 -4.741736 -15.406959 8.769667 -6.1126 -16.043699 8.527923
5 24 -7.589581 -8.952328 5.201689 -4.741736 -15.406959 8.769667 -9.032303 -9.459593 5.26789 -6.683898 -8.140634 6.131225
5 24 -6.683898 -8.140634 6.131225 -4.110314 -14.594565 9.903011 -7.589581 -8.952328 5.201689 -6.845792 -7.499989 7.51199
5 24 -6.845792 -7.499989 7.51199 -4.588215 -14.082409 11.26406 -6.683898 -8.140634 6.131225 -7.980427 -7.405674 8.53515
5 24 -7.980427 -7.405674 8.53515 -5.895489 -14.170503 12.055529 -6.845792 -7.499989 7.51199 -9.423149 -7.912938 8.601351
5 24 -9.423149 -7.912938 8.601351 -7.266353 -14.807243 11.813785 -7.980427 -7.405674 8.53515 -10.328832 -8.724632 7.671814
5 24 -10.328832 -8.724632 7.671814 -7.897774 -15.619637 10.680439 -9.423149 -7.912938 8.601351 -10.166938 -9.365277 6.29105
5 24 -10.166938 -9.365277 6.29105 -7.419873 -16.131792 9.31939 -10.328832 -8.724632 7.671814 -9.032303 -9.459593 5.26789
5 24 -9.032303 -9.459593 5.26789 -6.1126 -16.043699 8.527923 -10.166938 -9.365277 6.29105 -7.589581 -8.952328 5.201689
5 24 -7.589581 -8.952328 5.201689 -6.683898 -8.140634 6.131225 -9.010009 -5.705058 3.454408 -4.741736 -15.406959 8.769667
5 24 -6.683898 -8.140634 6.131225 -6.845792 -7.499989 7.51199 -7.996228 -4.906725 4.277851 -4.110314 -14.594565 9.903012
5 24 -6.845792 -7.499989 7.51199 -7.980427 -7.405674 8.53515 -8.014192 -4.218915 5.645236 -4.588215 -14.082409 11.26406
5 24 -7.980427 -7.405674 8.53515 -9.423149 -7.912938 8.601351 -9.053375 -4.044537 6.755567 -5.895489 -14.170503 12.055529
5 24 -9.423149 -7.912938 8.601351 -10.328832 -8.724632 7.671814 -10.505041 -4.485741 6.958426 -7.266353 -14.807243 11.813785
5 24 -10.328832 -8.724632 7.671814 -10.166938 -9.365277 6.29105 -11.518823 -5.284074 6.134984 -7.897774 -15.619637 10.680439
5 24 -10.166938 -9.365277 6.29105 -9.032303 -9.459593 5.26789 -11.500859 -5.971883 4.767598 -7.419873 -16.131792 9.31939
5 24 -9.032303 -9.459593 5.26789 -7.589581 -8.952328 5.201689 -10.461675 -6.146261 3.657267 -6.1126 -16.043699 8.527923
5 24 -9.325935 -1.674677 2.433639 -7.589581 -8.952328 5.201689 -6.683898 -8.140634 6.131225 -10.437813 -2.451771 1.724413
3 16 -7.589581 -8.952328 5.201689 -10.437813 -2.451771 1.724413 -9.325935 -1.674677 2.433639
3 16 -9.325935 -1.674677 2.433639 -6.683898 -8.140634 6.131225 -7.589581 -8.952328 5.201689
5 24 -9.199792 -0.946489 3.774152 -6.683898 -8.140634 6.131225 -6.845792 -7.499989 7.51199 -9.325935 -1.674677 2.433639
3 16 -6.683898 -8.140634 6.131225 -9.325935 -1.674677 2.433639 -9.199792 -0.946489 3.774152
3 16 -9.199792 -0.946489 3.774152 -6.845792 -7.499989 7.51199 -6.683898 -8.140634 6.131225
5 24 -10.133272 -0.693769 4.960699 -6.845792 -7.499989 7.51199 -7.980427 -7.405674 8.53515 -9.199792 -0.946489 3.774152
3 16 -6.845792 -7.499989 7.51199 -9.199792 -0.946489 3.774152 -10.133272 -0.693769 4.960699
3 16 -10.133272 -0.693769 4.960699 -7.980427 -7.405674 8.53515 -6.845792 -7.499989 7.51199
5 24 -11.579558 -1.064559 5.298215 -7.980427 -7.405674 8.53515 -9.423149 -7.912938 8.601351 -10.133272 -0.693769 4.960699
3 16 -7.980427 -7.405674 8.53515 -10.133272 -0.693769 4.960699 -11.579558 -1.064559 5.298215
3 16 -11.579558 -1.064559 5.298215 -9.423149 -7.912938 8.601351 -7.980427 -7.405674 8.53515
5 24 -12.691436 -1.841653 4.58899 -9.423149 -7.912938 8.601351 -10.328832 -8.724632 7.671814 -11.579558 -1.064559 5.298215
3 16 -9.423149 -7.912938 8.601351 -11.579558 -1.064559 5.298215 -12.691436 -1.841653 4.58899
3 16 -12.691436 -1.841653 4.58899 -10.328832 -8.724632 7.671814 -9.423149 -7.912938 8.601351
5 24 -12.81758 -2.569841 3.248477 -10.328832 -8.724632 7.671814 -10.166938 -9.365277 6.29105 -12.691436 -1.841653 4.58899
3 16 -10.328832 -8.724632 7.671814 -12.691436 -1.841653 4.58899 -12.81758 -2.569841 3.248477
3 16 -12.81758 -2.569841 3.248477 -10.166938 -9.365277 6.29105 -10.328832 -8.724632 7.671814
5 24 -11.884099 -2.822561 2.06193 -10.166938 -9.365277 6.29105 -9.032303 -9.459592 5.26789 -12.81758 -2.569841 3.248477
3 16 -10.166938 -9.365277 6.29105 -12.81758 -2.569841 3.248477 -11.884099 -2.822561 2.06193
3 16 -11.884099 -2.822561 2.06193 -9.032303 -9.459592 5.26789 -10.166938 -9.365277 6.29105
5 24 -10.437813 -2.451771 1.724413 -9.032303 -9.459592 5.26789 -7.589581 -8.952328 5.201689 -11.884099 -2.822561 2.06193
3 16 -9.032303 -9.459592 5.26789 -11.884099 -2.822561 2.06193 -10.437813 -2.451771 1.724413
3 16 -10.437813 -2.451771 1.724413 -7.589581 -8.952328 5.201689 -9.032303 -9.459592 5.26789
5 24 -10.437813 -2.451771 1.724413 -7.589581 -8.952328 5.201689 -11.884099 -2.822561 2.06193 -9.325935 -1.674677 2.433639
5 24 -9.325935 -1.674677 2.433639 -6.683898 -8.140634 6.131225 -10.437813 -2.451771 1.724413 -9.199792 -0.946489 3.774152
5 24 -9.199792 -0.946489 3.774152 -6.845792 -7.499989 7.51199 -9.325935 -1.674677 2.433639 -10.133272 -0.693769 4.960699
5 24 -10.133272 -0.693769 4.960699 -7.980427 -7.405674 8.53515 -9.199792 -0.946489 3.774152 -11.579558 -1.064559 5.298215
5 24 -11.579558 -1.064559 5.298215 -9.423149 -7.912938 8.601351 -10.133272 -0.693769 4.960699 -12.691436 -1.841653 4.58899
5 24 -12.691436 -1.841653 4.58899 -10.328832 -8.724632 7.671814 -11.579558 -1.064559 5.298215 -12.81758 -2.569841 3.248477
5 24 -12.81758 -2.569841 3.248477 -10.166938 -9.365277 6.29105 -12.691436 -1.841653 4.58899 -11.884099 -2.822561 2.06193
5 24 -11.884099 -2.822561 2.06193 -9.032303 -9.459592 5.26789 -12.81758 -2.569841 3.248477 -10.437813 -2.451771 1.724413
5 24 -10.437813 -2.451771 1.724413 -9.325935 -1.674677 2.433639 -12.664698 2.862764 -1.024032 -7.589581 -8.952328 5.201689
5 24 -9.325935 -1.674677 2.433639 -9.199792 -0.946489 3.774152 -11.409554 3.474019 -0.396236 -6.683898 -8.140634 6.131225
5 24 -9.199792 -0.946489 3.774152 -10.133272 -0.693769 4.960699 -11.065382 4.076524 0.968197 -6.845792 -7.499989 7.51199
5 24 -10.133272 -0.693769 4.960699 -11.579558 -1.064559 5.298215 -11.833794 4.317342 2.270003 -7.980427 -7.405674 8.53515
5 24 -11.579558 -1.064559 5.298215 -12.691436 -1.841653 4.58899 -13.264665 4.055403 2.746598 -9.423149 -7.912938 8.601351
5 24 -12.691436 -1.841653 4.58899 -12.81758 -2.569841 3.248477 -14.519809 3.444148 2.118804 -10.328832 -8.724632 7.671814
5 24 -12.81758 -2.569841 3.248477 -11.884099 -2.822561 2.06193 -14.86398 2.841642 0.75437 -10.166938 -9.365277 6.29105
5 24 -11.884099 -2.822561 2.06193 -10.437813 -2.451771 1.724413 -14.095568 2.600825 -0.547436 -9.032303 -9.459592 5.26789
5 24 -13.518258 8.649565 -3.214408 -10.437813 -2.451771 1.724413 -9.325935 -1.674677 2.433638 -14.889499 8.209515 -3.733254
3 16 -10.437813 -2.451771 1.724413 -14.889499 8.209515 -3.733254 -13.518258 8.649565 -3.214408
3 16 -13.518258 8.649565 -3.214408 -9.325935 -1.674677 2.433638 -10.437813 -2.451771 1.724413
5 24 -12.968536 9.105294 -1.860428 -9.325935 -1.674677 2.433638 -9.199792 -0.946489 3.774152 -13.518258 8.649565 -3.214408
3 16 -9.325935 -1.674677 2.433638 -13.518258 8.649565 -3.214408 -12.968536 9.105294 -1.860428
3 16 -12.968536 9.105294 -1.860428 -9.199792 -0.946489 3.774152 -9.325935 -1.674677 2.433638
5 24 -13.56235 9.309744 -0.464459 -9.199792 -0.946489 3.774152 -10.133272 -0.693769 4.960699 -12.968536 9.105294 -1.860428
3 16 -9.199792 -0.946489 3.774152 -12.968536 9.105294 -1.860428 -13.56235 9.309744 -0.464459
3 16 -13.56235 9.309744 -0.464459 -10.133272 -0.693769 4.960699 -9.199792 -0.946489 3.774152
5 24 -14.951854 9.143149 0.15576 -10.133272 -0.693769 4.960699 -11.579558 -1.064559 5.298215 -13.56235 9.309744 -0.464459
3 16 -10.133272 -0.693769 4.960699 -13.56235 9.309744 -0.464459 -14.951854 9.143149 0.15576
3 16 -14.951854 9.143149 0.15576 -11.579558 -1.064559 5.298215 -10.133272 -0.693769 4.960699
5 24 -16.323095 8.703099 -0.363086 -11.579558 -1.064559 5.298215 -12.691436 -1.841653 4.58899 -14.951854 9.143149 0.15576
3 16 -11.579558 -1.064559 5.298215 -14.951854 9.143149 0.15576 -16.323095 8.703099 -0.363086
3 16 -16.323095 8.703099 -0.363086 -12.691436 -1.841653 4.58899 -11.579558 -1.064559 5.298215
5 24 -16.872818 8.24737 -1.717066 -12.691436 -1.841653 4.58899 -12.81758 -2.569841 3.248477 -16.323095 8.703099 -0.363086
3 16 -12.691436 -1.841653 4.58899 -16.323095 8.703099 -0.363086 -16.872818 8.24737 -1.717066
3 16 -16.872818 8.24737 -1.717066 -12.81758 -2.569841 3.248477 -12.691436 -1.841653 4.58899
5 24 -16.279003 8.04292 -3.113036 -12.81758 -2.569841 3.248477 -11.884099 -2.822561 2.06193 -16.872818 8.24737 -1.717066
3 16 -12.81758 -2.569841 3.248477 -16.872818 8.24737 -1.717066 -16.279003 8.04292 -3.113036
3 16 -16.279003 8.04292 -3.113036 -11.884099 -2.822561 2.06193 -12.81758 -2.569841 3.248477
5 24 -14.889499 8.209515 -3.733254 -11.884099 -2.822561 2.06193 -10.437813 -2.451771 1.724413 -16.279003 8.04292 -3.113036
3 16 -11.884099 -2.822561 2.06193 -16.279003 8.04292 -3.113036 -14.889499 8.209515 -3.733254
3 16 -14.889499 8.209515 -3.733254 -10.437813 -2.451771 1.724413 -11.884099 -2.822561 2.06193
5 24 -14.889499 8.209515 -3.733254 -10.437813 -2.451771 1.724413 -16.279003 8.04292 -3.113036 -13.518258 8.649565 -3.214408
5 24 -13.518258 8.649565 -3.214408 -9.325935 -1.674677 2.433638 -14.889499 8.209515 -3.733254 -12.968536 9.105294 -1.860428
5 24 -12.968536 9.105294 -1.860428 -9.199792 -0.946489 3.774152 -13.518258 8.649565 -3.214408 -13.56235 9.309744 -0.464459
5 24 -13.56235 9.309744 -0.464459 -10.133272 -0.693769 4.960699 -12.968536 9.105294 -1.860428 -14.951854 9.143149 0.15576
5 24 -14.951854 9.143149 0.15576 -11.579558 -1.064559 5.298215 -13.56235 9.309744 -0.464459 -16.323095 8.703099 -0.363086
5 24 -16.323095 8.703099 -0.363086 -12.691436 -1.841653 4.58899 -14.951854 9.143149 0.15576 -16.872818 8.24737 -1.717066
5 24 -16.872818 8.24737 -1.717066 -12.81758 -2.569841 3.248477 -16.323095 8.703099 -0.363086 -16.279003 8.04292 -3.113036
5 24 -16.279003 8.04292 -3.113036 -11.884099 -2.822561 2.06193 -16.872818 8.24737 -1.717066 -14.889499 8.209515 -3.733254
5 24 -14.889499 8.209515 -3.733254 -13.518258 8.649565 -3.214408 -15.256893 10.317454 -3.832893 -10.437813 -2.451771 1.724413
5 24 -13.518258 8.649565 -3.214408 -12.968536 9.105294 -1.860428 -13.793533 10.341279 -3.38439 -9.325935 -1.674677 2.433639
5 24 -12.968536 9.105294 -1.860428 -13.56235 9.309744 -0.464459 -13.075271 10.502636 -2.042299 -9.199792 -0.946489 3.774152
5 24 -13.56235 9.309744 -0.464459 -14.951854 9.143149 0.15576 -13.522853 10.707006 -0.592799 -10.133272 -0.693769 4.960699
5 24 -14.951854 9.143149 0.15576 -16.323095 8.703099 -0.363086 -14.874094 10.834671 0.115011 -11.579558 -1.064559 5.298215
5 24 -16.323095 8.703099 -0.363086 -16.872818 8.24737 -1.717066 -16.337454 10.810847 -0.333492 -12.691436 -1.841653 4.58899
5 24 -16.872818 8.24737 -1.717066 -16.279003 8.04292 -3.113036 -17.055717 10.649489 -1.675583 -12.81758 -2.569841 3.248477
5 24 -16.279003 8.04292 -3.113036 -14.889499 8.209515 -3.733254 -16.608135 10.44512 -3.125083 -11.884099 -2.822561 2.06193
5 24 -14.123197 12.08403 -3.561527 -14.889499 8.209515 -3.733254 -13.518258 8.649565 -3.214408 -15.564011 12.476777 -3.89761
3 16 -14.889499 8.209515 -3.733254 -15.564011 12.476777 -3.89761 -14.123197 12.08403 -3.561527
3 16 -14.123197 12.08403 -3.561527 -13.518258 8.649565 -3.214408 -14.889499 8.209515 -3.733254
5 24 -13.3192 11.920774 -2.269211 -13.518258 8.649565 -3.214408 -12.968536 9.105294 -1.860428 -14.123197 12.08403 -3.561527
3 16 -13.518258 8.649565 -3.214408 -14.123197 12.08403 -3.561527 -13.3192 11.920774 -2.269211
3 16 -13.3192 11.920774 -2.269211 -12.968536 9.105294 -1.860428 -13.518258 8.649565 -3.214408
5 24 -13.62299 12.082641 -0.777682 -12.968536 9.105294 -1.860428 -13.56235 9.309744 -0.464459 -13.3192 11.920774 -2.269211
3 16 -12.968536 9.105294 -1.860428 -13.3192 11.920774 -2.269211 -13.62299 12.082641 -0.777682
3 16 -13.62299 12.082641 -0.777682 -13.56235 9.309744 -0.464459 -12.968536 9.105294 -1.860428
5 24 -14.85661 12.474812 0.03934 -13.56235 9.309744 -0.464459 -14.951854 9.143149 0.15576 -13.62299 12.082641 -0.777682
3 16 -13.56235 9.309744 -0.464459 -13.62299 12.082641 -0.777682 -14.85661 12.474812 0.03934
3 16 -14.85661 12.474812 0.03934 -14.951854 9.143149 0.15576 -13.56235 9.309744 -0.464459
5 24 -16.297424 12.867558 -0.296742 -14.951854 9.143149 0.15576 -16.323095 8.703099 -0.363087 -14.85661 12.474812 0.03934
3 16 -14.951854 9.143149 0.15576 -14.85661 12.474812 0.03934 -16.297424 12.867558 -0.296742
3 16 -16.297424 12.867558 -0.296742 -16.323095 8.703099 -0.363087 -14.951854 9.143149 0.15576
5 24 -17.101421 13.030815 -1.589059 -16.323095 8.703099 -0.363087 -16.872818 8.24737 -1.717066 -16.297424 12.867558 -0.296742
3 16 -16.323095 8.703099 -0.363087 -16.297424 12.867558 -0.296742 -17.101421 13.030815 -1.589059
3 16 -17.101421 13.030815 -1.589059 -16.872818 8.24737 -1.717066 -16.323095 8.703099 -0.363087
5 24 -16.797632 12.868948 -3.080587 -16.872818 8.24737 -1.717066 -16.279003 8.04292 -3.113036 -17.101421 13.030815 -1.589059
3 16 -16.872818 8.24737 -1.717066 -17.101421 13.030815 -1.589059 -16.797632 12.868948 -3.080587
3 16 -16.797632 12.868948 -3.080587 -16.279003 8.04292 -3.113036 -16.872818 8.24737 -1.717066
5 24 -15.564011 12.476777 -3.89761 -16.279003 8.04292 -3.113036 -14.889499 8.209515 -3.733254 -16.797632 12.868948 -3.080587
3 16 -16.279003 8.04292 -3.113036 -16.797632 12.868948 -3.080587 -15.564011 12.476777 -3.89761
3 16 -15.564011 12.476777 -3.89761 -14.889499 8.209515 -3.733254 -16.279003 8.04292 -3.113036
5 24 -15.564011 12.476777 -3.89761 -14.889499 8.209515 -3.733254 -16.797632 12.868948 -3.080587 -14.123197 12.08403 -3.561527
5 24 -14.123197 12.08403 -3.561527 -13.518258 8.649565 -3.214408 -15.564011 12.476777 -3.89761 -13.3192 11.920774 -2.269211
5 24 -13.3192 11.920774 -2.269211 -12.968536 9.105294 -1.860428 -14.123197 12.08403 -3.561527 -13.62299 12.082641 -0.777682
5 24 -13.62299 12.082641 -0.777682 -13.56235 9.309744 -0.464459 -13.3192 11.920774 -2.269211 -14.85661 12.474812 0.03934
5 24 -14.85661 12.474812 0.03934 -14.951854 9.143149 0.15576 -13.62299 12.082641 -0.777682 -16.297424 12.867558 -0.296742
5 24 -16.297424 12.867558 -0.296742 -16.323095 8.703099 -0.363087 -14.85661 12.474812 0.03934 -17.101421 13.030815 -1.589059
5 24 -17.101421 13.030815 -1.589059 -16.872818 8.24737 -1.717066 -16.297424 12.867558 -0.296742 -16.797632 12.868948 -3.080587
5 24 -16.797632 12.868948 -3.080587 -16.279003 8.04292 -3.113036 -17.101421 13.030815 -1.589059 -15.564011 12.476777 -3.89761
5 24 -15.564011 12.476777 -3.89761 -14.123197 12.08403 -3.561527 -14.442783 14.092884 -4.021119 -14.889499 8.209515 -3.733254
5 24 -14.123197 12.08403 -3.561527 -13.3192 11.920774 -2.269211 -13.219735 13.237821 -3.680288 -13.518258 8.649565 -3.214408
5 24 -13.3192 11.920774 -2.269211 -13.62299 12.082641 -0.777682 -12.494867 12.851861 -2.388487 -12.968536 9.105294 -1.860428
5 24 -13.62299 12.082641 -0.777682 -14.85661 12.474812 0.03934 -12.692798 13.161094 -0.902437 -13.56235 9.309744 -0.464459
5 24 -14.85661 12.474812 0.03934 -16.297424 12.867558 -0.296742 -13.697582 13.984376 -0.092646 -14.951854 9.143149 0.15576
5 24 -16.297424 12.867558 -0.296742 -17.101421 13.030815 -1.589059 -14.92063 14.839438 -0.433477 -16.323095 8.703099 -0.363087
5 24 -17.101421 13.030815 -1.589059 -16.797632 12.868948 -3.080587 -15.645498 15.225399 -1.725277 -16.872818 8.24737 -1.717066
5 24 -16.797632 12.868948 -3.080587 -15.564011 12.476777 -3.89761 -15.447568 14.916166 -3.211327 -16.279003 8.04292 -3.113036
4 16 -12.442791 14.499378 -3.780869 -14.123197 12.08403 -3.561527 -15.564011 12.476777 -3.89761 -13.301892 15.712355 -4.146629
4 16 -11.869123 13.931991 -2.480053 -13.3192 11.920774 -2.269211 -14.123197 12.08403 -3.561527 -12.442791 14.499378 -3.780869
4 16 -11.916934 14.342558 -1.006182 -13.622989 12.082641 -0.777682 -13.3192 11.920774 -2.269211 -11.869123 13.931991 -2.480053
4 16 -12.558218 15.490577 -0.22263 -14.85661 12.474812 0.03934 -13.622989 12.082641 -0.777682 -11.916934 14.342558 -1.006182
4 16 -13.417319 16.703552 -0.58839 -16.297424 12.867558 -0.296742 -14.85661 12.474812 0.03934 -12.558218 15.490577 -0.22263
4 16 -13.990988 17.270941 -1.889206 -17.101421 13.030815 -1.589059 -16.297424 12.867558 -0.296742 -13.417319 16.703552 -0.58839
4 16 -13.943176 16.860374 -3.363077 -16.797632 12.868948 -3.080587 -17.101421 13.030815 -1.589059 -13.990988 17.270941 -1.889206
4 16 -13.301892 15.712355 -4.146629 -15.564011 12.476777 -3.89761 -16.797632 12.868948 -3.080587 -13.943176 16.860374 -3.363077
5 24 -13.301892 15.712355 -4.146629 -15.564011 12.476777 -3.89761 -13.943176 16.860374 -3.363077 -12.442791 14.499378 -3.780869
5 24 -12.442791 14.499378 -3.780869 -14.123197 12.08403 -3.561527 -13.301892 15.712355 -4.146629 -11.869123 13.931991 -2.480053
5 24 -11.869123 13.931991 -2.480053 -13.3192 11.920774 -2.269211 -12.442791 14.499378 -3.780869 -11.916934 14.342558 -1.006182
5 24 -11.916934 14.342558 -1.006182 -13.622989 12.082641 -0.777682 -11.869123 13.931991 -2.480053 -12.558218 15.490577 -0.22263
5 24 -12.558218 15.490577 -0.22263 -14.85661 12.474812 0.03934 -11.916934 14.342558 -1.006182 -13.417319 16.703552 -0.58839
5 24 -13.417319 16.703552 -0.58839 -16.297424 12.867558 -0.296742 -12.558218 15.490577 -0.22263 -13.990988 17.270941 -1.889206
5 24 -13.990988 17.270941 -1.889206 -17.101421 13.030815 -1.589059 -13.417319 16.703552 -0.58839 -13.943176 16.860374 -3.363077
5 24 -13.943176 16.860374 -3.363077 -16.797632 12.868948 -3.080587 -13.990988 17.270941 -1.889206 -13.301892 15.712355 -4.146629
5 24 -13.301892 15.712355 -4.146629 -12.442791 14.499378 -3.780869 -11.44064 16.138178 -4.475306 -15.564011 12.476777 -3.89761
5 24 -12.442791 14.499378 -3.780869 -11.869123 13.931991 -2.480053 -11.040257 14.728262 -4.03374 -14.123197 12.08403 -3.561527
5 24 -11.869123 13.931991 -2.480053 -11.916934 14.342558 -1.006182 -10.656597 14.0793 -2.701525 -13.3192 11.920774 -2.269211
5 24 -11.916934 14.342558 -1.006182 -12.558218 15.490577 -0.22263 -10.5144 14.571442 -1.259054 -13.62299 12.082641 -0.777682
5 24 -12.558218 15.490577 -0.22263 -13.417319 16.703552 -0.58839 -10.696966 15.916399 -0.551307 -14.85661 12.474812 0.03934
5 24 -13.417319 16.703552 -0.58839 -13.990988 17.270941 -1.889206 -11.097348 17.326315 -0.992872 -16.297424 12.867558 -0.296742
5 24 -13.990988 17.270941 -1.889206 -13.943176 16.860374 -3.363077 -11.481009 17.975277 -2.325088 -17.101421 13.030815 -1.589059
5 24 -13.943176 16.860374 -3.363077 -13.301892 15.712355 -4.146629 -11.623205 17.483135 -3.767559 -16.797632 12.868948 -3.080587
4 16 -9.674881 15.132738 -4.269646 -12.442791 14.499378 -3.780869 -13.301892 15.712355 -4.146629 -9.579388 16.563999 -4.803982
4 16 -9.496618 14.474933 -2.899003 -11.869123 13.931991 -2.480053 -12.442791 14.499378 -3.780869 -9.674881 15.132738 -4.269646
4 16 -9.149023 14.975917 -1.494959 -11.916934 14.342558 -1.006182 -11.869123 13.931991 -2.480053 -9.496618 14.474933 -2.899003
4 16 -8.835713 16.342222 -0.879984 -12.558218 15.490577 -0.22263 -11.916934 14.342558 -1.006182 -9.149023 14.975917 -1.494959
4 16 -8.740221 17.773483 -1.414321 -13.417319 16.703552 -0.58839 -12.558218 15.490577 -0.22263 -8.835713 16.342222 -0.879984
4 16 -8.918484 18.43129 -2.784963 -13.990988 17.270941 -1.889206 -13.417319 16.703552 -0.58839 -8.740221 17.773483 -1.414321
4 16 -9.266078 17.930305 -4.189007 -13.943176 16.860374 -3.363077 -13.990988 17.270941 -1.889206 -8.918484 18.43129 -2.784963
4 16 -9.579388 16.563999 -4.803982 -13.301892 15.712355 -4.146629 -13.943176 16.860374 -3.363077 -9.266078 17.930305 -4.189007
5 24 -9.579388 16.563999 -4.803982 -13.301892 15.712355 -4.146629 -9.266078 17.930305 -4.189007 -9.674881 15.132738 -4.269646
5 24 -9.674881 15.132738 -4.269646 -12.442791 14.499378 -3.780869 -9.579388 16.563999 -4.803982 -9.496618 14.474933 -2.899003
5 24 -9.496618 14.474933 -2.899003 -11.869123 13.931991 -2.480053 -9.674881 15.132738 -4.269646 -9.149023 14.975917 -1.494959
5 24 -9.149023 14.975917 -1.494959 -11.916934 14.342558 -1.006182 -9.496618 14.474933 -2.899003 -8.835713 16.342222 -0.879984
5 24 -8.835713 16.342222 -0.879984 -12.558218 15.490577 -0.22263 -9.149023 14.975917 -1.494959 -8.740221 17.773483 -1.414321
5 24 -8.740221 17.773483 -1.414321 -13.417319 16.703552 -0.58839 -8.835713 16.342222 -0.879984 -8.918484 18.43129 -2.784963
5 24 -8.918484 18.43129 -2.784963 -13.990988 17.270941 -1.889206 -8.740221 17.773483 -1.414321 -9.266078 17.930305 -4.189007
5 24 -9.266078 17.930305 -4.189007 -13.943176 16.860374 -3.363077 -8.918484 18.43129 -2.784963 -9.579388 16.563999 -4.803982
5 24 -9.579388 16.563999 -4.803982 -9.674881 15.132738 -4.269646 -7.91595 15.6436 -5.171256 -13.301892 15.712355 -4.146629
5 24 -9.674881 15.132738 -4.269646 -9.496618 14.474933 -2.899003 -8.473539 14.365065 -4.540711 -12.442791 14.499378 -3.780869
5 24 -9.496618 14.474933 -2.899003 -9.149023 14.975917 -1.494959 -8.486683 13.770521 -3.130218 -11.869123 13.931991 -2.480053
5 24 -9.149023 14.975917 -1.494959 -8.835713 16.342222 -0.879984 -7.947682 14.208243 -1.766024 -11.916934 14.342558 -1.006182
5 24 -8.835713 16.342222 -0.879984 -8.740221 17.773483 -1.414321 -7.172276 15.421823 -1.247257 -12.558218 15.490577 -0.22263
5 24 -8.740221 17.773483 -1.414321 -8.918484 18.43129 -2.784963 -6.614686 16.700357 -1.877802 -13.417319 16.703552 -0.58839
5 24 -8.918484 18.43129 -2.784963 -9.266078 17.930305 -4.189007 -6.601542 17.294901 -3.288296 -13.990988 17.270941 -1.889206
5 24 -9.266078 17.930305 -4.189007 -9.579388 16.563999 -4.803982 -7.140543 16.85718 -4.652489 -13.943176 16.860374 -3.363077
4 16 -7.19018 13.750729 -4.818654 -9.674881 15.132738 -4.269646 -9.579388 16.563999 -4.803982 -6.252511 14.723201 -5.53853
4 16 -7.360757 13.28296 -3.371159 -9.496617 14.474933 -2.899003 -9.674881 15.132738 -4.269646 -7.19018 13.750729 -4.818654
4 16 -6.664323 13.593907 -2.043967 -9.149023 14.975917 -1.494959 -9.496617 14.474933 -2.899003 -7.360757 13.28296 -3.371159
4 16 -5.508837 14.501423 -1.614531 -8.835713 16.342222 -0.879984 -9.149023 14.975917 -1.494959 -6.664323 13.593907 -2.043967
4 16 -4.571168 15.473895 -2.334407 -8.740221 17.773483 -1.414321 -8.835713 16.342222 -0.879984 -5.508837 14.501423 -1.614531
4 16 -4.400591 15.941664 -3.781902 -8.918484 18.43129 -2.784963 -8.740221 17.773483 -1.414321 -4.571168 15.473895 -2.334407
4 16 -5.097025 15.630716 -5.109094 -9.266078 17.930305 -4.189007 -8.918484 18.43129 -2.784963 -4.400591 15.941664 -3.781902
4 16 -6.252511 14.723201 -5.53853 -9.579388 16.563999 -4.803982 -9.266078 17.930305 -4.189007 -5.097025 15.630716 -5.109094
5 24 -6.252511 14.723201 -5.53853 -9.579388 16.563999 -4.803982 -5.097025 15.630716 -5.109094 -7.19018 13.750729 -4.818654
5 24 -7.19018 13.750729 -4.818654 -9.674881 15.132738 -4.269646 -6.252511 14.723201 -5.53853 -7.360757 13.28296 -3.371159
5 24 -7.360757 13.28296 -3.371159 -9.496617 14.474933 -2.899003 -7.19018 13.750729 -4.818654 -6.664323 13.593907 -2.043967
5 24 -6.664323 13.593907 -2.043967 -9.149023 14.975917 -1.494959 -7.360757 13.28296 -3.371159 -5.508837 14.501423 -1.614531
5 24 -5.508837 14.501423 -1.614531 -8.835713 16.342222 -0.879984 -6.664323 13.593907 -2.043967 -4.571168 15.473895 -2.334407
5 24 -4.571168 15.473895 -2.334407 -8.740221 17.773483 -1.414321 -5.508837 14.501423 -1.614531 -4.400591 15.941664 -3.781902
5 24 -4.400591 15.941664 -3.781902 -8.918484 18.43129 -2.784963 -4.571168 15.473895 -2.334407 -5.097025 15.630716 -5.109094
5 24 -5.097025 15.630716 -5.109094 -9.266078 17.930305 -4.189007 -4.400591 15.941664 -3.781902 -6.252511 14.723201 -5.53853
5 24 -6.252511 14.723201 -5.53853 -7.19018 13.750729 -4.818654 -5.612544 13.062143 -5.753696 -9.579388 16.563999 -4.803982
5 24 -7.19018 13.750729 -4.818654 -7.360757 13.28296 -3.371159 -6.793995 12.491975 -4.964881 -9.674881 15.132738 -4.269646
5 24 -7.360757 13.28296 -3.371159 -6.664323 13.593907 -2.043967 -7.06555 12.190846 -3.488831 -9.496618 14.474933 -2.899003
5 24 -6.664323 13.593907 -2.043967 -5.508837 14.501423 -1.614531 -6.268137 12.335154 -2.190195 -9.149023 14.975917 -1.494959
5 24 -5.508837 14.501423 -1.614531 -4.571168 15.473895 -2.334407 -4.86887 12.840364 -1.829698 -8.835713 16.342222 -0.879984
5 24 -4.571168 15.473895 -2.334407 -4.400591 15.941664 -3.781902 -3.687419 13.410533 -2.618513 -8.740221 17.773483 -1.414321
5 24 -4.400591 15.941664 -3.781902 -5.097025 15.630716 -5.109094 -3.415864 13.711661 -4.094563 -8.918484 18.43129 -2.784963
5 24 -5.097025 15.630716 -5.109094 -6.252511 14.723201 -5.53853 -4.213276 13.567354 -5.393199 -9.266078 17.930305 -4.189007
4 16 -6.251979 11.293988 -5.135313 -7.19018 13.750729 -4.818654 -6.252511 14.723201 -5.53853 -4.972577 11.401085 -5.968863
4 16 -6.564107 11.18467 -3.640732 -7.360757 13.28296 -3.371159 -7.19018 13.750729 -4.818654 -6.251979 11.293988 -5.135313
4 16 -5.726122 11.137167 -2.360626 -6.664323 13.593907 -2.043967 -7.360757 13.28296 -3.371159 -6.564107 11.18467 -3.640732
4 16 -4.228902 11.179307 -2.044865 -5.508837 14.501423 -1.614531 -6.664323 13.593907 -2.043967 -5.726122 11.137167 -2.360626
4 16 -2.9495 11.286404 -2.878415 -4.571168 15.473895 -2.334407 -5.508837 14.501423 -1.614531 -4.228902 11.179307 -2.044865
4 16 -2.637372 11.395721 -4.372996 -4.400591 15.941664 -3.781902 -4.571168 15.473895 -2.334407 -2.9495 11.286404 -2.878415
4 16 -3.475358 11.443225 -5.653102 -5.097025 15.630716 -5.109094 -4.400591 15.941664 -3.781902 -2.637372 11.395721 -4.372996
4 16 -4.972577 11.401085 -5.968863 -6.252511 14.723201 -5.53853 -5.097025 15.630716 -5.109094 -3.475358 11.443225 -5.653102
5 24 -4.972577 11.401085 -5.968863 -6.252511 14.723201 -5.53853 -3.475358 11.443225 -5.653102 -6.251979 11.293988 -5.135313
5 24 -6.251979 11.293988 -5.135313 -7.19018 13.750729 -4.818654 -4.972577 11.401085 -5.968863 -6.564107 11.18467 -3.640732
5 24 -6.564107 11.18467 -3.640732 -7.360757 13.28296 -3.371159 -6.251979 11.293988 -5.135313 -5.726122 11.137167 -2.360626
5 24 -5.726122 11.137167 -2.360626 -6.664323 13.593907 -2.043967 -6.564107 11.18467 -3.640732 -4.228902 11.179307 -2.044865
5 24 -4.228902 11.179307 -2.044865 -5.508837 14.501423 -1.614531 -5.726122 11.137167 -2.360626 -2.9495 11.286404 -2.878415
5 24 -2.9495 11.286404 -2.878415 -4.571168 15.473895 -2.334407 -4.228902 11.179307 -2.044865 -2.637372 11.395721 -4.372996
5 24 -2.637372 11.395721 -4.372996 -4.400591 15.941664 -3.781902 -2.9495 11.286404 -2.878415 -3.475358 11.443225 -5.653102
5 24 -3.475358 11.443225 -5.653102 -5.097025 15.630716 -5.109094 -2.637372 11.395721 -4.372996 -4.972577 11.401085 -5.968863
5 24 -4.972577 11.401085 -5.968863 -6.251979 11.293988 -5.135313 -4.615658 10.474689 -6.088864 -6.252511 14.723201 -5.53853
5 24 -6.251979 11.293988 -5.135313 -6.564107 11.18467 -3.640732 -5.895061 10.367593 -5.255314 -7.19018 13.750729 -4.818654
5 24 -6.564107 11.18467 -3.640732 -5.726122 11.137167 -2.360626 -6.207188 10.258275 -3.760733 -7.360757 13.28296 -3.371159
5 24 -5.726122 11.137167 -2.360626 -4.228902 11.179307 -2.044865 -5.369203 10.210772 -2.480627 -6.664323 13.593907 -2.043967
5 24 -4.228902 11.179307 -2.044865 -2.9495 11.286404 -2.878415 -3.871984 10.252912 -2.164866 -5.508837 14.501423 -1.614531
5 24 -2.9495 11.286404 -2.878415 -2.637372 11.395721 -4.372996 -2.592582 10.360008 -2.998417 -4.571168 15.473895 -2.334407
5 24 -2.637372 11.395721 -4.372996 -3.475358 11.443225 -5.653102 -2.280454 10.469326 -4.492998 -4.400591 15.941664 -3.781902
5 24 -3.475358 11.443225 -5.653102 -4.972577 11.401085 -5.968863 -3.118439 10.516829 -5.773103 -5.097025 15.630716 -5.109094
