0 FILE 75144 - main.ldr
0 75144 - main
0 Name: 75144 - main.ldr
0 Author: Roland Dahl [RolandD]
0 !LDRAW_ORG Unofficial_Model
0 !LICENSE Redistributable under CCAL version 2.0 : see CAreadme.txt 
0 // ROTSTEP REL 0 0 0
1 71 0.000488281 -61 340.43 1 0 0 0 1 0 0 0 1 91988.dat
1 80 -120 -69 330.43 1 0 0 0 1 0 0 0 1 32028.dat
1 80 -120 -69 350.43 -1 0 0 0 1 0 0 0 -1 32028.dat
1 80 120 -69 330.43 1 0 0 0 1 0 0 0 1 32028.dat
1 80 120 -69 350.43 -1 0 0 0 1 0 0 0 -1 32028.dat
1 72 -79.9995 -69 260.43 0 0 -1 0 1 0 1 0 0 3832.dat
1 72 80.0005 -69 260.43 0 0 -1 0 1 0 1 0 0 3832.dat
1 71 0.000488281 -61 260.43 1 0 0 0 1 0 0 0 1 3033.dat
1 71 60.0005 -61 180.43 1 0 0 0 1 0 0 0 1 3020.dat
1 71 -59.9995 -61 180.43 1 0 0 0 1 0 0 0 1 3020.dat
1 80 -49.9995 -69 350.43 1 0 0 0 1 0 0 0 1 6141.dat
1 80 50.0005 -69 350.43 1 0 0 0 1 0 0 0 1 6141.dat
1 15 50.0005 -69 240.43 0 0 -1 0 1 0 1 0 0 4477.dat
1 15 -49.9995 -69 240.43 0 0 -1 0 1 0 1 0 0 4477.dat
1 1 -19.9995 -69 300.43 0 0 -1 0 1 0 1 0 0 3795.dat
1 1 20.0005 -69 300.43 0 0 -1 0 1 0 1 0 0 3795.dat
1 28 0.000488281 -69 230.43 -1 0 0 0 1 0 0 0 -1 3710.dat
1 14 0.000488281 -69 180.43 1 0 0 0 1 0 0 0 1 64799.dat
1 72 80.0005 -77 350.43 1 0 0 0 1 0 0 0 1 3666.dat
1 72 -79.9995 -77 350.43 1 0 0 0 1 0 0 0 1 3666.dat
1 28 0.000488281 -93 350.43 1 0 0 0 1 0 0 0 1 30136.dat
1 71 0.000488281 -61 140.43 1 0 0 0 1 0 0 0 1 3034.dat
1 72 80.0005 -101 350.43 1 0 0 0 1 0 0 0 1 3894.dat
1 72 -79.9995 -101 350.43 1 0 0 0 1 0 0 0 1 3894.dat
1 72 80.0005 -93 330.43 1 0 0 0 1 0 0 0 1 3010.dat
1 72 -79.9995 -93 330.43 1 0 0 0 1 0 0 0 1 3010.dat
1 72 -130 -93 330.43 0 0 1 0 1 0 -1 0 0 4287a.dat
1 72 130 -93 330.43 0 0 -1 0 1 0 1 0 0 4287a.dat
1 72 0.000488281 -93 210.43 1 0 0 0 1 0 0 0 1 3010.dat
1 72 0.000488281 -93 270.43 1 0 0 0 1 0 0 0 1 3010.dat
1 25 -19.9995 -93 240.43 1 0 0 0 1 0 0 0 1 3941.dat
1 25 20.0005 -93 240.43 1 0 0 0 1 0 0 0 1 3941.dat
1 14 0.000488281 -93 310.43 1 0 0 0 1 0 0 0 1 75144 - subModel-001.ldr
1 71 -89.9995 -93 240.43 0 0 1 0 1 0 -1 0 0 3660.dat
1 71 -89.9995 -93 180.43 0 0 1 0 1 0 -1 0 0 3660.dat
1 71 -89.9995 -93 300.43 0 0 1 0 1 0 -1 0 0 3660.dat
1 71 90.0005 -93 300.43 0 0 -1 0 1 0 1 0 0 3660.dat
1 71 90.0005 -93 240.43 0 0 -1 0 1 0 1 0 0 3660.dat
1 71 90.0005 -93 180.43 0 0 -1 0 1 0 1 0 0 3660.dat
1 72 90.0005 -93 210.43 1 0 0 0 1 0 0 0 1 75144 - subModel-002.ldr
1 72 90.0005 -93 270.43 1 0 0 0 1 0 0 0 1 75144 - subModel-002.ldr
1 72 -89.9995 -93 270.43 -1 0 0 0 1 0 0 0 -1 75144 - subModel-002.ldr
1 72 -89.9995 -93 210.43 -1 0 0 0 1 0 0 0 -1 75144 - subModel-002.ldr
1 80 0.000488281 -101 360.43 -1 0 0 0 1 0 0 0 -1 75144 - subModel-003.ldr
1 57 0.000488281 -101 330.43 -1 0 0 0 1 0 0 0 -1 3023.dat
1 80 120 -109 350.43 -1 0 0 0 1 0 0 0 -1 32028.dat
1 80 -120 -109 350.43 -1 0 0 0 1 0 0 0 -1 32028.dat
1 80 -9.99951 -109 350.43 -1 0 0 0 1 0 0 0 -1 6141.dat
1 80 10.0005 -109 350.43 -1 0 0 0 1 0 0 0 -1 6141.dat
1 28 60.0005 -109 350.43 1 0 0 0 1 0 0 0 1 3710.dat
1 28 -59.9995 -109 350.43 1 0 0 0 1 0 0 0 1 3710.dat
1 71 100 -101 330.43 1 0 0 0 1 0 0 0 1 3460.dat
1 71 -99.9995 -101 330.43 1 0 0 0 1 0 0 0 1 3460.dat
1 71 170 -109 340.43 0 0 -1 0 1 0 1 0 0 18677.dat
1 71 150 -109 340.43 0 0 -1 0 1 0 1 0 0 18677.dat
1 71 -150 -109 340.43 0 0 -1 0 1 0 1 0 0 18677.dat
1 71 -170 -109 340.43 0 0 -1 0 1 0 1 0 0 18677.dat
1 28 100 -109 330.43 1 0 0 0 1 0 0 0 1 3710.dat
1 28 -99.9995 -109 330.43 1 0 0 0 1 0 0 0 1 3710.dat
1 72 0.000488281 -109 330.43 1 0 0 0 1 0 0 0 1 3666.dat
1 71 180 -99 350.43 1 0 0 0 1 0 0 0 1 4274.dat
1 71 -180 -99 350.43 -1 0 0 0 1 0 0 0 -1 4274.dat
1 72 -59.9995 -101 280.43 -1 0 0 0 1 0 0 0 -1 3032.dat
1 72 60.0005 -101 280.43 -1 0 0 0 1 0 0 0 -1 3032.dat
1 71 0.000488281 -101 220.43 -1 0 0 0 1 0 0 0 -1 3020.dat
1 72 100 -101 220.43 -1 0 0 0 1 0 0 0 -1 2639.dat
1 72 -99.9995 -101 220.43 0 0 1 0 1 0 -1 0 0 2639.dat
1 71 0.000488281 -109 310.43 1 0 0 0 1 0 0 0 1 60479.dat
1 71 0.000488281 -109 290.43 1 0 0 0 1 0 0 0 1 60479.dat
1 28 0.000488281 -109 270.43 1 0 0 0 1 0 0 0 1 3710.dat
1 57 60.0005 -109 270.43 1 0 0 0 1 0 0 0 1 3023.dat
1 57 -59.9995 -109 270.43 1 0 0 0 1 0 0 0 1 3023.dat
1 71 0.000488281 -109 250.43 1 0 0 0 1 0 0 0 1 60479.dat
1 71 0.000488281 -109 230.43 1 0 0 0 1 0 0 0 1 60479.dat
1 72 110 -133 340.43 0 0 -1 0 1 0 1 0 0 30363.dat
1 72 -110 -133 340.43 0 0 1 0 1 0 -1 0 0 30363.dat
1 72 0.000488281 -133 350.43 1 0 0 0 1 0 0 0 1 3894.dat
1 72 80.0005 -117 300.43 1 0 0 0 1 0 0 0 1 2639.dat
1 72 -79.9995 -117 300.43 0 0 -1 0 1 0 1 0 0 2639.dat
1 80 110 -141 350.43 1 0 0 0 1 0 0 0 1 6141.dat
1 80 110 -141 330.43 1 0 0 0 1 0 0 0 1 6141.dat
1 80 -110 -141 350.43 1 0 0 0 1 0 0 0 1 6141.dat
1 80 -110 -141 330.43 1 0 0 0 1 0 0 0 1 6141.dat
1 28 0.000488281 -133 330.43 1 0 0 0 1 0 0 0 1 30136.dat
1 15 80.0005 -141 350.43 1 0 0 0 1 0 0 0 1 3700.dat
1 15 80.0005 -141 330.43 1 0 0 0 1 0 0 0 1 3700.dat
1 15 -79.9995 -141 350.43 1 0 0 0 1 0 0 0 1 3700.dat
1 15 -79.9995 -141 330.43 1 0 0 0 1 0 0 0 1 3700.dat
1 4 -49.9995 -133 330.43 0 0 1 0 1 0 -1 0 0 2357.dat
1 4 50.0005 -133 330.43 -1 0 0 0 1 0 0 0 -1 2357.dat
1 57 -59.9995 -109 210.43 1 0 0 0 1 0 0 0 1 3023.dat
1 57 60.0005 -109 210.43 1 0 0 0 1 0 0 0 1 3023.dat
1 72 90.0005 -125 270.43 0 0 -1 0 1 0 1 0 0 3040b.dat
1 72 90.0005 -125 210.43 0 0 -1 0 1 0 1 0 0 3040b.dat
1 72 -89.9995 -125 270.43 0 0 1 0 1 0 -1 0 0 3040b.dat
1 72 -89.9995 -125 210.43 0 0 1 0 1 0 -1 0 0 3040b.dat
1 80 -69.9995 -117 210.43 1 0 0 0 1 0 0 0 1 6141.dat
1 80 -69.9995 -117 270.43 1 0 0 0 1 0 0 0 1 6141.dat
1 80 70.0005 -117 270.43 1 0 0 0 1 0 0 0 1 6141.dat
1 80 70.0005 -117 210.43 1 0 0 0 1 0 0 0 1 6141.dat
1 72 70.0005 -165 340.43 0 0 -1 0 1 0 1 0 0 3298.dat
1 72 -69.9995 -165 340.43 0 0 1 0 1 0 -1 0 0 3298.dat
1 72 -49.9995 -69 130.43 1 0 0 0 1 0 0 0 1 75144 - subModel-004.ldr
1 72 -29.9995 -69 130.43 1 0 0 0 1 0 0 0 1 75144 - subModel-004.ldr
1 72 30.0005 -69 130.43 1 0 0 0 1 0 0 0 1 75144 - subModel-004.ldr
1 72 50.0005 -69 130.43 1 0 0 0 1 0 0 0 1 75144 - subModel-004.ldr
1 72 0.000488281 -69 130.43 1 0 0 0 1 0 0 0 1 75144 - subModel-005.ldr
1 25 0.000488281 -93 -59.5705 0 0 -1 0 1 0 1 0 0 3033.dat
1 72 0.000488281 -101 -129.57 1 0 0 0 1 0 0 0 1 3460.dat
1 72 -29.9995 -101 -149.57 1 0 0 0 1 0 0 0 1 3623.dat
1 72 30.0005 -101 -149.57 1 0 0 0 1 0 0 0 1 3623.dat
1 71 0.000488281 -101 40.4295 0 0 -1 0 1 0 1 0 0 92438.dat
1 71 70.0005 -93 -39.5705 0 0 -1 0 1 0 1 0 0 60479.dat
1 71 -69.9995 -93 -39.5705 0 0 -1 0 1 0 1 0 0 60479.dat
1 28 70.0005 -93 120.43 0 0 -1 0 1 0 1 0 0 3710.dat
1 28 -69.9995 -93 120.43 0 0 -1 0 1 0 1 0 0 3710.dat
1 71 -69.9995 -109 -149.57 1 0 0 0 1 0 0 0 1 13547.dat
1 71 70.0005 -109 -149.57 1 0 0 0 1 0 0 0 1 13547.dat
1 72 70.0005 -109 -99.5705 0 0 1 0 1 0 -1 0 0 3460.dat
1 72 -69.9995 -109 -99.5705 0 0 1 0 1 0 -1 0 0 3460.dat
1 28 50.0005 -109 -59.5705 0 0 1 0 1 0 -1 0 0 3710.dat
1 28 -49.9995 -109 -59.5705 0 0 1 0 1 0 -1 0 0 3710.dat
1 28 0.000488281 -109 -49.5705 1 0 0 0 1 0 0 0 1 3710.dat
1 71 60.0005 -109 0.429504 0 0 -1 0 1 0 1 0 0 63082.dat
1 71 -59.9995 -109 0.429504 0 0 1 0 1 0 -1 0 0 63082.dat
1 72 60.0005 -109 40.4295 0 0 -1 0 1 0 1 0 0 2639.dat
1 72 -59.9995 -109 40.4295 1 0 0 0 1 0 0 0 1 2639.dat
1 28 -59.9995 -109 110.43 -1 0 0 0 1 0 0 0 -1 3023.dat
1 28 60.0005 -109 110.43 -1 0 0 0 1 0 0 0 -1 3023.dat
1 71 60.0005 -109 140.43 0 0 -1 0 1 0 1 0 0 63082.dat
1 71 -59.9995 -109 140.43 0 0 1 0 1 0 -1 0 0 63082.dat
1 28 0.000488281 -109 130.43 1 0 0 0 1 0 0 0 1 3710.dat
1 71 60.0005 -117 40.4295 0 0 -1 0 1 0 1 0 0 3832.dat
1 71 -59.9995 -117 40.4295 0 0 -1 0 1 0 1 0 0 3832.dat
1 80 70.0005 -117 150.43 0 0 -1 0 1 0 1 0 0 6141.dat
1 80 -69.9995 -117 150.43 0 0 -1 0 1 0 1 0 0 6141.dat
1 71 0.000488281 -117 40.4295 -1 0 0 0 1 0 0 0 -1 3020.dat
1 0 -19.9995 -125 110.43 1 0 0 0 1 0 0 0 1 3937.dat
1 0 20.0005 -125 110.43 1 0 0 0 1 0 0 0 1 3937.dat
1 0 -19.9995 -125 -29.5705 -1 0 0 0 1 0 0 0 -1 3937.dat
1 0 20.0005 -125 -29.5705 -1 0 0 0 1 0 0 0 -1 3937.dat
1 15 -9.99951 -101 80.4295 -1 0 0 0 1 0 0 0 -1 61409.dat
1 15 10.0005 -101 80.4295 -1 0 0 0 1 0 0 0 -1 61409.dat
1 15 -9.99951 -101 0.429504 1 0 0 0 1 0 0 0 1 61409.dat
1 15 10.0005 -101 0.429504 1 0 0 0 1 0 0 0 1 61409.dat
1 72 50.0005 -125 60.4295 0 0 -1 0 1 0 1 0 0 3460.dat
1 72 -49.9995 -125 60.4295 0 0 -1 0 1 0 1 0 0 3460.dat
1 72 -49.9995 -125 -39.5705 0 0 -1 0 1 0 1 0 0 3023.dat
1 72 50.0005 -125 -39.5705 0 0 -1 0 1 0 1 0 0 3023.dat
1 72 -19.9995 -109 -49.5705 1 0 0 0 1 0 0 0 1 85984.dat
1 72 20.0005 -109 -49.5705 1 0 0 0 1 0 0 0 1 85984.dat
1 72 -19.9995 -109 130.43 -1 0 0 0 1 0 0 0 -1 85984.dat
1 72 20.0005 -109 130.43 -1 0 0 0 1 0 0 0 -1 85984.dat
1 72 -29.9995 -125 40.4295 0 0 1 0 1 0 -1 0 0 15573.dat
1 72 -9.99951 -125 40.4295 0 0 1 0 1 0 -1 0 0 15573.dat
1 72 10.0005 -125 40.4295 0 0 1 0 1 0 -1 0 0 15573.dat
1 72 30.0005 -125 40.4295 0 0 1 0 1 0 -1 0 0 15573.dat
1 0 50.0005 -133 -49.5705 0 0 1 0 1 0 -1 0 0 3024.dat
1 57 50.0005 -133 -19.5705 0 0 1 0 1 0 -1 0 0 3023.dat
1 80 50.0005 -133 20.4295 0 0 1 0 1 0 -1 0 0 2412a.dat
1 80 50.0005 -133 60.4295 0 0 1 0 1 0 -1 0 0 2412a.dat
1 57 50.0005 -133 100.43 0 0 1 0 1 0 -1 0 0 3023.dat
1 57 -49.9995 -133 100.43 0 0 1 0 1 0 -1 0 0 3023.dat
1 80 -49.9995 -133 60.4295 0 0 1 0 1 0 -1 0 0 2412a.dat
1 80 -49.9995 -133 20.4295 0 0 1 0 1 0 -1 0 0 2412a.dat
1 57 -49.9995 -133 -19.5705 0 0 1 0 1 0 -1 0 0 3023.dat
1 0 -49.9995 -133 -49.5705 0 0 1 0 1 0 -1 0 0 3024.dat
1 71 50.0005 -141 100.43 0 0 1 0 1 0 -1 0 0 2412a.dat
1 71 -49.9995 -141 100.43 0 0 1 0 1 0 -1 0 0 2412a.dat
1 71 -49.9995 -141 -19.5705 0 0 1 0 1 0 -1 0 0 2412a.dat
1 71 50.0005 -141 -19.5705 0 0 1 0 1 0 -1 0 0 2412a.dat
1 47 -49.9995 -141 -49.5705 0 0 1 0 1 0 -1 0 0 98138.dat
1 47 50.0005 -141 -49.5705 0 0 1 0 1 0 -1 0 0 98138.dat
1 57 0.000488281 -109 -69.5705 1 0 0 0 1 0 0 0 1 3023.dat
1 72 0.000488281 -109 -139.57 0 0 1 0 1 0 -1 0 0 3020.dat
1 57 0.000488281 -109 -89.5705 1 0 0 0 1 0 0 0 1 3023.dat
1 72 40.0005 -101 -109.57 -1 0 0 0 1 0 0 0 -1 85984.dat
1 72 -39.9995 -101 -109.57 -1 0 0 0 1 0 0 0 -1 85984.dat
1 0 -49.9995 -117 -79.5705 1 0 0 0 1 0 0 0 1 75144 - subModel-006.ldr
1 0 50.0005 -117 -79.5705 1 0 0 0 1 0 0 0 1 75144 - subModel-006.ldr
1 71 70.0005 -117 -99.5705 0 0 -1 0 1 0 1 0 0 3710.dat
1 71 -69.9995 -117 -99.5705 0 0 -1 0 1 0 1 0 0 3710.dat
1 0 40.0005 -125 -129.57 -1 0 0 0 1 0 0 0 -1 3937.dat
1 0 -39.9995 -125 -129.57 -1 0 0 0 1 0 0 0 -1 3937.dat
1 71 -39.9995 -109 -149.57 1 0 0 0 1 0 0 0 1 75144 - 14704.dat
1 71 40.0005 -109 -149.57 1 0 0 0 1 0 0 0 1 75144 - 14704.dat
1 0 -39.9995 -124.063 -125.344 1 0 0 0 0.906 0.423 0 -0.423 0.906 75144 - subModel-007.ldr
1 0 40.0005 -124.063 -125.344 1 0 0 0 0.906 0.423 0 -0.423 0.906 75144 - subModel-008.ldr
1 72 -69.9995 -141 -129.57 0 0 -1 0 1 0 1 0 0 3005.dat
1 72 70.0005 -141 -129.57 0 0 -1 0 1 0 1 0 0 3005.dat
1 28 70.0005 -141 -59.5705 0 0 -1 0 1 0 1 0 0 3009.dat
1 28 70.0005 -141 60.4295 0 0 -1 0 1 0 1 0 0 3009.dat
1 28 -69.9995 -141 -59.5705 0 0 -1 0 1 0 1 0 0 3009.dat
1 28 -69.9995 -141 60.4295 0 0 -1 0 1 0 1 0 0 3009.dat
1 71 0.000488281 -133 -149.57 -1 0 0 0 1 0 0 0 -1 3008.dat
1 71 -69.9995 -133 -179.57 0 0 1 0 1 0 -1 0 0 3004.dat
1 71 70.0005 -133 -179.57 0 0 1 0 1 0 -1 0 0 3004.dat
1 71 -69.9995 -133 -209.57 1 0 0 0 1 0 0 0 1 3665a.dat
1 71 70.0005 -133 -209.57 1 0 0 0 1 0 0 0 1 3665a.dat
1 72 0.000488281 -133 -169.57 1 0 0 0 1 0 0 0 1 3747a.dat
1 71 0.000488281 -141 -129.57 -1 0 0 0 1 0 0 0 -1 75144 - subModel-009.ldr
1 71 -69.9995 -141 -179.57 0 0 -1 0 1 0 1 0 0 3710.dat
1 71 70.0005 -141 -179.57 0 0 -1 0 1 0 1 0 0 3710.dat
1 80 80.0005 -85 100.43 1 0 0 0 1 0 0 0 1 75144 - subModel-010.ldr
1 80 -79.9995 -85 100.43 1 0 0 0 1 0 0 0 1 75144 - subModel-011.ldr
1 72 10.0005 -149 -109.57 1 0 0 0 1 0 0 0 1 75144 - subModel-012.ldr
1 15 -9.99951 -133 -199.57 1 0 0 0 1 0 0 0 1 61409.dat
1 15 10.0005 -133 -199.57 1 0 0 0 1 0 0 0 1 61409.dat
1 80 -39.9995 -141 -149.57 1 0 0 0 1 0 0 0 1 32028.dat
1 80 40.0005 -141 -149.57 1 0 0 0 1 0 0 0 1 32028.dat
1 72 -69.9995 -133 -229.57 1 0 0 0 1 0 0 0 1 54200.dat
1 72 70.0005 -133 -229.57 1 0 0 0 1 0 0 0 1 54200.dat
1 72 0.000488281 -149 -159.57 1 0 0 0 1 0 0 0 1 3034.dat
1 72 0.000488281 -149 -129.57 1 0 0 0 1 0 0 0 1 3460.dat
1 57 0.000488281 -109 150.43 -1 0 0 0 1 0 0 0 -1 3023.dat
1 72 -9.99951 -109 190.43 0 0 1 0 1 0 -1 0 0 3623.dat
1 72 10.0005 -109 190.43 0 0 1 0 1 0 -1 0 0 3623.dat
1 2 0.000488281 -117 310.43 1 0 0 0 1 0 0 0 1 2431.dat
1 2 0.000488281 -117 270.43 1 0 0 0 1 0 0 0 1 2431.dat
1 25 0.000488281 -133 290.43 1 0 0 0 1 0 0 0 1 3010.dat
1 25 0.000488281 -133 250.43 1 0 0 0 1 0 0 0 1 3010.dat
1 25 0.000488281 -117 200.43 1 0 0 0 1 0 0 0 1 75144 - subModel-013.ldr
1 71 80.0005 -109 180.43 -1 0 0 0 1 0 0 0 -1 3020.dat
1 71 -79.9995 -109 180.43 -1 0 0 0 1 0 0 0 -1 3020.dat
1 71 50.0005 -133 220.43 0 0 -1 0 1 0 1 0 0 3008.dat
1 71 -49.9995 -133 220.43 0 0 -1 0 1 0 1 0 0 3008.dat
1 72 100 -117 240.43 -1 0 0 0 1 0 0 0 -1 3020.dat
1 72 100 -117 180.43 -1 0 0 0 1 0 0 0 -1 3020.dat
1 72 -99.9995 -117 180.43 -1 0 0 0 1 0 0 0 -1 3020.dat
1 72 -99.9995 -117 240.43 -1 0 0 0 1 0 0 0 -1 3020.dat
1 72 -29.9995 -133 230.43 1 0 0 0 1 0 0 0 1 75144 - subModel-014.ldr
1 72 30.0005 -133 230.43 1 0 0 0 1 0 0 0 1 75144 - subModel-014.ldr
1 15 70.0005 -125 220.43 0 0 -1 0 1 0 1 0 0 4477.dat
1 15 -69.9995 -125 220.43 0 0 -1 0 1 0 1 0 0 4477.dat
1 57 70.0005 -133 300.43 0 0 -1 0 1 0 1 0 0 3023.dat
1 28 80.0005 -133 270.43 1 0 0 0 1 0 0 0 1 3023.dat
1 57 70.0005 -133 240.43 0 0 -1 0 1 0 1 0 0 3023.dat
1 28 80.0005 -133 210.43 1 0 0 0 1 0 0 0 1 3023.dat
1 57 70.0005 -133 180.43 0 0 -1 0 1 0 1 0 0 3023.dat
1 72 70.0005 -133 130.43 0 0 -1 0 1 0 1 0 0 2420.dat
1 72 -69.9995 -133 130.43 1 0 0 0 1 0 0 0 1 2420.dat
1 57 -69.9995 -133 180.43 0 0 -1 0 1 0 1 0 0 3023.dat
1 28 -79.9995 -133 210.43 1 0 0 0 1 0 0 0 1 3023.dat
1 57 -69.9995 -133 240.43 0 0 -1 0 1 0 1 0 0 3023.dat
1 28 -79.9995 -133 270.43 1 0 0 0 1 0 0 0 1 3023.dat
1 57 -69.9995 -133 300.43 0 0 -1 0 1 0 1 0 0 3023.dat
1 71 -89.9995 -141 300.43 0 0 1 0 1 0 -1 0 0 3298.dat
1 71 -89.9995 -141 240.43 0 0 1 0 1 0 -1 0 0 3298.dat
1 71 -89.9995 -141 180.43 0 0 1 0 1 0 -1 0 0 3298.dat
1 71 90.0005 -141 180.43 0 0 -1 0 1 0 1 0 0 3298.dat
1 71 90.0005 -141 240.43 0 0 -1 0 1 0 1 0 0 3298.dat
1 71 90.0005 -141 300.43 0 0 -1 0 1 0 1 0 0 3298.dat
1 47 50.0005 -141 130.43 0 0 1 0 1 0 -1 0 0 98138.dat
1 80 50.0005 -141 150.43 0 0 1 0 1 0 -1 0 0 6141.dat
1 80 -49.9995 -141 150.43 0 0 1 0 1 0 -1 0 0 6141.dat
1 47 -49.9995 -141 130.43 0 0 1 0 1 0 -1 0 0 98138.dat
1 80 0.000488281 -141 330.43 1 0 0 0 1 0 0 0 1 75144 - subModel-015.ldr
1 15 -49.9995 -157 270.43 1 0 0 0 1 0 0 0 1 3062b.dat
1 15 -49.9995 -157 230.43 1 0 0 0 1 0 0 0 1 3062b.dat
1 15 50.0005 -157 270.43 1 0 0 0 1 0 0 0 1 3062b.dat
1 15 50.0005 -157 230.43 1 0 0 0 1 0 0 0 1 3062b.dat
1 72 0.000488281 -133 220.43 1 0 0 0 1 0 0 0 1 3022.dat
1 0 0.000488281 -147 200.43 -1 0 0 0 -1 0 0 0 1 30553.dat
1 72 0.000488281 -147 257.43 0 0 -1 0 1 0 1 0 0 59426.dat
1 72 0.000488281 -157 230.43 1 0 0 0 1 0 0 0 1 85943.dat
1 1 0.000488281 -157 250.43 1 0 0 0 1 0 0 0 1 3894.dat
1 72 0.000488281 -147 270.43 1 0 0 0 1 0 0 0 1 10928.dat
1 72 0.000488281 -157 320.43 1 0 0 0 1 0 0 0 1 75144 - subModel-016.ldr
1 19 0.000488281 -147 303.43 0 -1 0 1 0 0 0 0 1 6589.dat
1 71 70.0005 -157 220.43 0 0 -1 0 1 0 1 0 0 2730.dat
1 71 -69.9995 -157 220.43 0 0 -1 0 1 0 1 0 0 2730.dat
1 72 -39.9995 -157 220.43 1 0 0 0 1 0 0 0 1 87620.dat
1 72 40.0005 -157 220.43 0 0 1 0 1 0 -1 0 0 87620.dat
1 4 -49.9995 -165 280.43 0 0 1 0 1 0 -1 0 0 3460.dat
1 4 50.0005 -165 280.43 0 0 1 0 1 0 -1 0 0 3460.dat
1 72 0.000488281 -165 250.43 1 0 0 0 1 0 0 0 1 3710.dat
1 14 0.000488281 -165 320.43 1 0 0 0 1 0 0 0 1 64799.dat
1 72 -49.9995 -141 190.43 1 0 0 0 1 0 0 0 1 75144 - subModel-017.ldr
1 72 50.0005 -141 190.43 1 0 0 0 1 0 0 0 1 75144 - subModel-017.ldr
1 71 -69.9995 -165 140.43 0 0 -1 0 1 0 1 0 0 99780.dat
1 71 70.0005 -165 140.43 0 0 1 0 1 0 -1 0 0 99780.dat
1 71 -69.9995 -165 200.43 0 0 1 0 1 0 -1 0 0 44568.dat
1 71 -69.9995 -165 280.43 0 0 1 0 1 0 -1 0 0 44568.dat
1 71 70.0005 -165 200.43 0 0 -1 0 1 0 1 0 0 44568.dat
1 71 70.0005 -165 280.43 0 0 -1 0 1 0 1 0 0 44568.dat
1 28 70.0005 -149 -79.5705 0 0 -1 0 1 0 1 0 0 3710.dat
1 28 -69.9995 -149 -79.5705 0 0 -1 0 1 0 1 0 0 3710.dat
1 28 -69.9995 -149 20.4295 0 0 -1 0 1 0 1 0 0 3666.dat
1 28 70.0005 -149 20.4295 0 0 -1 0 1 0 1 0 0 3666.dat
1 72 70.0005 -149 100.43 0 0 -1 0 1 0 1 0 0 88072.dat
1 72 -69.9995 -149 100.43 0 0 1 0 1 0 -1 0 0 88072.dat
1 28 70.0005 -157 60.4295 0 0 -1 0 1 0 1 0 0 3666.dat
1 28 -69.9995 -157 60.4295 0 0 -1 0 1 0 1 0 0 3666.dat
1 28 -69.9995 -157 -119.57 0 0 -1 0 1 0 1 0 0 3666.dat
1 28 70.0005 -157 -119.57 0 0 -1 0 1 0 1 0 0 3666.dat
1 72 -69.9995 -157 -29.5705 0 0 -1 0 1 0 1 0 0 3623.dat
1 72 70.0005 -157 -29.5705 0 0 -1 0 1 0 1 0 0 3623.dat
1 71 -69.9995 -165 100.43 0 0 -1 0 1 0 1 0 0 99780.dat
1 71 70.0005 -165 100.43 0 0 1 0 1 0 -1 0 0 99780.dat
1 80 -69.9995 -165 70.4295 0 0 1 0 1 0 -1 0 0 6141.dat
1 80 70.0005 -165 70.4295 0 0 1 0 1 0 -1 0 0 6141.dat
1 71 70.0005 -165 20.4295 0 0 -1 0 1 0 1 0 0 44568.dat
1 71 -69.9995 -165 20.4295 0 0 1 0 1 0 -1 0 0 44568.dat
1 71 70.0005 -165 -39.5705 0 0 1 0 1 0 -1 0 0 99780.dat
1 71 -69.9995 -165 -39.5705 0 0 -1 0 1 0 1 0 0 99780.dat
1 72 70.0005 -165 -119.57 0 0 -1 0 1 0 1 0 0 3666.dat
1 72 -69.9995 -165 -119.57 0 0 -1 0 1 0 1 0 0 3666.dat
1 71 -69.9995 -165 -189.57 1 0 0 0 1 0 0 0 1 3040b.dat
1 71 70.0005 -165 -189.57 1 0 0 0 1 0 0 0 1 3040b.dat
1 72 -9.99951 -157 -149.57 0 0 1 0 1 0 -1 0 0 3623.dat
1 72 10.0005 -157 -149.57 0 0 1 0 1 0 -1 0 0 3623.dat
1 25 30.0005 -157 -149.57 0 0 1 0 1 0 -1 0 0 2420.dat
1 25 -29.9995 -157 -149.57 -1 0 0 0 1 0 0 0 -1 2420.dat
1 0 50.0005 -159 -88.5705 -1 0 0 0 -0.292 -0.956 0 -0.956 0.292 75144 - 62885.dat
1 0 -49.9995 -159 -88.5705 -1 0 0 0 -0.292 -0.956 0 -0.956 0.292 75144 - 62885.dat
1 72 -49.9995 -173 -169.57 1 0 0 0 1 0 0 0 1 3665a.dat
1 72 50.0005 -173 -169.57 1 0 0 0 1 0 0 0 1 3665a.dat
1 28 0.000488281 -165 -149.57 -1 0 0 0 1 0 0 0 -1 3666.dat
1 71 -19.9995 -165 -169.57 1 0 0 0 1 0 0 0 1 75144 - 14704.dat
1 71 20.0005 -165 -169.57 1 0 0 0 1 0 0 0 1 75144 - 14704.dat
1 15 0.000488281 -173 -159.57 1 0 0 0 1 0 0 0 1 3709b.dat
1 15 -49.9995 -173 -129.57 0 0 -1 0 1 0 1 0 0 75144 - subModel-018.ldr
1 15 50.0005 -173 -129.57 0 0 -1 0 1 0 1 0 0 75144 - subModel-018.ldr
1 0 -49.9995 -173 -149.57 0 0 -1 0 1 0 1 0 0 3024.dat
1 0 50.0005 -173 -149.57 0 0 -1 0 1 0 1 0 0 3024.dat
1 0 0.000488281 -181 -129.57 -1 0 0 0 1 0 0 0 -1 3039.dat
1 0 -29.9995 -173 -129.57 0 0 -1 0 1 0 1 0 0 75144 - subModel-019.ldr
1 0 30.0005 -173 -129.57 0 0 -1 0 1 0 1 0 0 75144 - subModel-020.ldr
1 80 -29.9995 -181 -139.57 0 0 -1 0 1 0 1 0 0 2412b.dat
1 80 30.0005 -181 -139.57 0 0 -1 0 1 0 1 0 0 2412b.dat
1 80 0.000488281 -189 -129.57 -1 0 0 0 1 0 0 0 -1 2412b.dat
1 80 -39.9995 -173 350.43 -1 0 0 0 1 0 0 0 -1 75144 - subModel-021.ldr
1 80 40.0005 -173 350.43 -1 0 0 0 1 0 0 0 -1 75144 - subModel-021.ldr
1 71 70.0005 -173 -79.5705 0 0 1 0 1 0 -1 0 0 60479.dat
1 71 70.0005 -173 160.43 0 0 1 0 1 0 -1 0 0 60479.dat
1 71 -69.9995 -173 -79.5705 0 0 1 0 1 0 -1 0 0 60479.dat
1 71 -69.9995 -173 160.43 0 0 1 0 1 0 -1 0 0 60479.dat
1 71 50.0005 -173 310.43 0 0 1 0 1 0 -1 0 0 11212.dat
1 71 -49.9995 -173 310.43 0 0 1 0 1 0 -1 0 0 11212.dat
1 80 -69.9995 -173 350.43 0 0 1 0 1 0 -1 0 0 6141.dat
1 80 70.0005 -173 350.43 0 0 1 0 1 0 -1 0 0 6141.dat
1 25 50.0005 -173 250.43 0 0 -1 0 1 0 1 0 0 2420.dat
1 25 -49.9995 -173 250.43 1 0 0 0 1 0 0 0 1 2420.dat
1 80 -49.9995 -173 230.43 0 0 1 0 1 0 -1 0 0 6141.dat
1 80 50.0005 -173 230.43 0 0 1 0 1 0 -1 0 0 6141.dat
1 0 -19.9995 -181 230.43 1 0 0 0 1 0 0 0 1 3039.dat
1 0 20.0005 -181 230.43 1 0 0 0 1 0 0 0 1 3039.dat
1 15 0.000488281 -181 -189.57 1 0 0 0 1 0 0 0 1 4162.dat
1 15 -69.9995 -181 -99.5705 0 0 -1 0 1 0 1 0 0 4162.dat
1 15 -69.9995 -181 60.4295 0 0 -1 0 1 0 1 0 0 4162.dat
1 15 70.0005 -181 -99.5705 0 0 -1 0 1 0 1 0 0 4162.dat
1 15 70.0005 -181 60.4295 0 0 -1 0 1 0 1 0 0 4162.dat
1 71 70.0005 -181 150.43 0 0 -1 0 1 0 1 0 0 3070b.dat
1 71 -69.9995 -181 150.43 0 0 -1 0 1 0 1 0 0 3070b.dat
1 15 -59.9995 -181 240.43 0 0 -1 0 1 0 1 0 0 3034.dat
1 15 60.0005 -181 240.43 0 0 -1 0 1 0 1 0 0 3034.dat
1 72 80.0005 -53 340.43 -1 0 0 0 1 0 0 0 -1 2639.dat
1 72 0.000488281 -53 340.43 -1 0 0 0 1 0 0 0 -1 3022.dat
1 72 -79.9995 -53 340.43 0 0 1 0 1 0 -1 0 0 2639.dat
1 72 0.000488281 -53 280.43 1 0 0 0 1 0 0 0 1 32059.dat
1 71 130 -53 340.43 0 0 -1 0 1 0 1 0 0 18677.dat
1 71 110 -53 340.43 0 0 -1 0 1 0 1 0 0 18677.dat
1 71 -110 -53 340.43 0 0 -1 0 1 0 1 0 0 18677.dat
1 71 -130 -53 340.43 0 0 -1 0 1 0 1 0 0 18677.dat
1 72 0.000488281 -45 350.43 1 0 0 0 1 0 0 0 1 4477.dat
1 71 0.000488281 -45 320.43 1 0 0 0 1 0 0 0 1 11203.dat
1 71 0.000488281 -45 280.43 1 0 0 0 1 0 0 0 1 11203.dat
1 71 -79.9995 -45 310.43 0 0 1 0 1 0 -1 0 0 54384.dat
1 71 80.0005 -45 310.43 0 0 -1 0 1 0 1 0 0 54383.dat
1 80 90.0005 -37 350.43 -1 0 0 0 1 0 0 0 -1 93555.dat
1 80 50.0005 -37 350.43 -1 0 0 0 1 0 0 0 -1 93555.dat
1 80 30.0005 -37 350.43 -1 0 0 0 1 0 0 0 -1 93555.dat
1 80 10.0005 -37 350.43 -1 0 0 0 1 0 0 0 -1 93555.dat
1 80 -9.99951 -37 350.43 -1 0 0 0 1 0 0 0 -1 93555.dat
1 80 -29.9995 -37 350.43 -1 0 0 0 1 0 0 0 -1 93555.dat
1 80 -49.9995 -37 350.43 -1 0 0 0 1 0 0 0 -1 93555.dat
1 80 -89.9995 -37 350.43 -1 0 0 0 1 0 0 0 -1 93555.dat
1 71 -69.9995 -37 330.43 1 0 0 0 1 0 0 0 1 2341.dat
1 71 70.0005 -37 330.43 1 0 0 0 1 0 0 0 1 2341.dat
1 71 0.000488281 -50.808 56.5065 0 0 -1 0.766 0.643 0 0.643 -0.766 0 75144 - subModel-022.ldr
1 72 0.000488281 -197 -129.57 1 0 0 0 1 0 0 0 1 58181.dat
1 72 -47.9995 -167 -29.5705 0 -1 0 0 0 -1 1 0 0 75144 - subModel-023.ldr
1 72 -47.9995 -177 120.43 0 -1 0 0 0 -1 1 0 0 75144 - subModel-024.ldr
1 72 48.0005 -167 120.43 0 1 0 0 0 1 1 0 0 75144 - subModel-025.ldr
1 72 48.0005 -167 -29.5705 0 1 0 0 0 1 1 0 0 75144 - subModel-026.ldr
1 71 0.000488281 -175 320.43 -1 0 0 0 1 0 0 0 -1 75144 - subModel-027.ldr
1 15 0.000488281 -181 320.43 1 0 0 0 1 0 0 0 1 3709b.dat
1 28 0.000488281 -181 250.43 1 0 0 0 1 0 0 0 1 3710.dat
1 71 0.000488281 -181 280.43 1 0 0 0 1 0 0 0 1 87079.dat
1 15 -59.9995 -181 330.43 1 0 0 0 1 0 0 0 1 3023.dat
1 15 60.0005 -181 330.43 1 0 0 0 1 0 0 0 1 3023.dat
1 15 0.000488281 -181 350.43 -1 0 0 0 1 0 0 0 -1 4510.dat
1 72 0.000488281 -189 320.43 1 0 0 0 1 0 0 0 1 15535.dat
1 0 0.000488281 -205 320.43 1 0 0 0 0 -1 0 1 0 59443.dat
1 15 -39.9995 -189 320.43 1 0 0 0 1 0 0 0 1 3068b.dat
1 15 40.0005 -189 320.43 1 0 0 0 1 0 0 0 1 3068b.dat
1 25 0.000488281 -193.678 64.5995 1 0 0 0 -0.191 -0.981 0 0.981 -0.191 75144 - subModel-028.ldr
1 25 0.000488281 -193.678 16.2595 -1 0 0 0 -0.191 -0.981 0 -0.981 0.191 75144 - subModel-028.ldr
1 25 0.000488281 -133 40.4295 1 0 0 0 1 0 0 0 1 75144 - subModel-030.ldr
1 72 0.000488281 -236.995 40.4275 -1 0 0 0 1 0 0 0 -1 6192.dat
1 0 0.000488281 -158.212 187.223 -1 0 0 0 -0.259 -0.966 0 -0.966 0.259 75144 - subModel-032.ldr
1 28 -19.9995 -197 250.43 -1 0 0 0 1 0 0 0 -1 75144 - subModel-033.ldr
1 28 20.0005 -197 250.43 -1 0 0 0 1 0 0 0 -1 75144 - subModel-033.ldr
1 15 60.0005 -181 270.43 -1 0 0 0 1 0 0 0 -1 85984.dat
1 15 -59.9995 -181 270.43 -1 0 0 0 1 0 0 0 -1 85984.dat
1 15 60.0005 -189 250.43 -1 0 0 0 1 0 0 0 -1 3023.dat
1 15 -59.9995 -189 250.43 -1 0 0 0 1 0 0 0 -1 3023.dat
1 15 -49.9995 -189 230.43 -1 0 0 0 1 0 0 0 -1 2420.dat
1 15 50.0005 -189 230.43 0 0 1 0 1 0 -1 0 0 2420.dat
1 71 -69.9995 -189 210.43 0 0 1 0 1 0 -1 0 0 3070b.dat
1 71 70.0005 -189 210.43 0 0 1 0 1 0 -1 0 0 3070b.dat
1 80 -29.9995 -197 230.43 0 0 1 0 1 0 -1 0 0 6141.dat
1 80 0.000488281 -197 230.43 1 0 0 0 1 0 0 0 1 2412b.dat
1 80 30.0005 -197 230.43 0 0 1 0 1 0 -1 0 0 6141.dat
1 15 30.0005 -205 250.43 -1 0 0 0 1 0 0 0 -1 2420.dat
1 15 -29.9995 -205 250.43 0 0 1 0 1 0 -1 0 0 2420.dat
1 15 50.0005 -261 230.43 0 0 -1 0 1 0 1 0 0 3685.dat
1 15 -49.9995 -261 230.43 -1 0 0 0 1 0 0 0 -1 3685.dat
1 47 0.000488281 -253 230.43 -1 0 0 0 1 0 0 0 -1 3823.dat
1 72 -49.9995 -197 210.43 0 0 1 0 1 0 -1 0 0 75144 - subModel-034.ldr
1 72 50.0005 -197 210.43 0 0 -1 0 1 0 1 0 0 75144 - subModel-034.ldr
1 72 0.000488281 -253 210.43 1 0 0 0 1 0 0 0 1 75144 - subModel-035.ldr
1 15 -69.9995 -205 180.43 0 0 -1 0 1 0 1 0 0 75144 - subModel-036.ldr
1 15 70.0005 -205 180.43 0 0 1 0 1 0 -1 0 0 75144 - subModel-036.ldr
1 15 0.000488281 -261 200.43 -1 0 0 0 1 0 0 0 -1 44570.dat
1 15 0.000488281 -269 220.43 -1 0 0 0 1 0 0 0 -1 3795.dat
1 15 0.000488281 -269 190.43 -1 0 0 0 1 0 0 0 -1 6636.dat
1 15 84.0005 -191 210.43 0 -1 0 0 0 1 -1 0 0 60477.dat
1 15 -83.9995 -191 210.43 0 1 0 0 0 1 1 0 0 60477.dat
1 0 0.000488281 -92.298 -230.911 1 0 0 0 0.996 0.087 0 -0.087 0.996 75144 - subModel-037.ldr
1 14 20.0005 -165 -159.57 1 0 0 0 1 0 0 0 1 63082.dat
1 14 -19.9995 -165 -159.57 1 0 0 0 1 0 0 0 1 63082.dat
1 14 -39.9995 -109 -139.57 1 0 0 0 1 0 0 0 1 63082.dat
1 14 40.0005 -109 -139.57 1 0 0 0 1 0 0 0 1 63082.dat
1 71 0.000488281 -141.392 -247.532 1 0 0 0 0.866 -0.5 0 0.5 0.866 32059.dat
1 71 0.000488281 -148.321 -251.532 1 0 0 0 0.866 -0.5 0 0.5 0.866 32059.dat
1 72 30.0005 -165.249 -238.211 0 0 -1 -0.5 0.866 0 0.866 0.5 0 3710.dat
1 72 -29.9995 -165.249 -238.211 0 0 -1 -0.5 0.866 0 0.866 0.5 0 3710.dat
1 71 0.000488281 -145.249 -272.852 0 0 -1 -0.5 0.866 0 0.866 0.5 0 3034.dat
1 15 -59.9995 -165.249 -238.211 1 0 0 0 0.866 -0.5 0 0.5 0.866 41769.dat
1 15 -39.9995 -125.249 -307.493 1 0 0 0 0.866 -0.5 0 0.5 0.866 41769.dat
1 15 60.0005 -165.249 -238.211 1 0 0 0 0.866 -0.5 0 0.5 0.866 41770.dat
1 15 40.0005 -125.249 -307.493 1 0 0 0 0.866 -0.5 0 0.5 0.866 41770.dat
1 72 0.000488281 -123.321 -294.833 1 0 0 0 0.866 -0.5 0 0.5 0.866 3710.dat
1 25 0.000488281 -108.321 -320.815 1 0 0 0 0.866 -0.5 0 0.5 0.866 51739.dat
1 25 0.000488281 -111.392 -299.493 1 0 0 0 0.866 -0.5 0 0.5 0.866 51739.dat
1 72 0.000488281 -129.464 -252.193 1 0 0 0 0.866 -0.5 0 0.5 0.866 3710.dat
1 71 -19.9995 -114.464 -278.174 0 0 1 0.5 0.866 0 -0.866 0.5 0 75144 - 15456.dat
1 71 -19.9995 -144.464 -226.211 -1 0 0 0 0.866 0.5 0 0.5 -0.866 75144 - 15456.dat
1 71 20.0005 -144.464 -226.211 -1 0 0 0 0.866 0.5 0 0.5 -0.866 75144 - 15456.dat
1 71 20.0005 -114.464 -278.174 0 0 -1 -0.5 0.866 0 0.866 0.5 0 75144 - 15456.dat
1 19 0.000488281 -127.536 -239.532 1 0 0 0 0.866 -0.5 0 0.5 0.866 2654.dat
1 25 0.000488281 -187.177 -216.23 -1 0 0 0 0.866 0.5 0 0.5 -0.866 2431.dat
1 80 40.0005 -177.177 -233.552 -1 0 0 0 0.866 0.5 0 0.5 -0.866 2412b.dat
1 80 0.000488281 -177.177 -233.552 -1 0 0 0 0.866 0.5 0 0.5 -0.866 2412b.dat
1 80 -39.9995 -177.177 -233.552 -1 0 0 0 0.866 0.5 0 0.5 -0.866 2412b.dat
1 80 40.0005 -167.177 -250.872 -1 0 0 0 0.866 0.5 0 0.5 -0.866 2412b.dat
1 80 0.000488281 -167.177 -250.872 -1 0 0 0 0.866 0.5 0 0.5 -0.866 2412b.dat
1 80 -39.9995 -167.177 -250.872 -1 0 0 0 0.866 0.5 0 0.5 -0.866 2412b.dat
1 25 0.000488281 -157.177 -268.193 -1 0 0 0 0.866 0.5 0 0.5 -0.866 2431.dat
1 25 0.000488281 -147.177 -285.513 -1 0 0 0 0.866 0.5 0 0.5 -0.866 2431.dat
1 25 0.000488281 -137.177 -302.833 -1 0 0 0 0.866 0.5 0 0.5 -0.866 2431.dat
1 15 0.000488281 -122.177 -328.815 -1 0 0 0 0.866 0.5 0 0.5 -0.866 87079.dat
1 71 -104.406 -131.44 -358.359 0.683 -0.665 -0.303 0.357 0.666 -0.655 0.637 0.34 0.692 75144 - subModel-038.ldr
1 71 104.406 -131.44 -358.359 -0.303 0.665 0.683 0.655 0.666 -0.357 -0.692 0.34 -0.637 75144 - subModel-039.ldr
1 0 15.0005 237 170.43 -1 0 0 0 1 0 0 0 -1 3703.dat
1 0 -4.99951 247 170.43 0 0 1 0 1 0 -1 0 0 32054.dat
1 0 55.0005 247 170.43 0 0 1 0 1 0 -1 0 0 32054.dat
1 0 115 247 140.43 0 0 1 0 1 0 -1 0 0 75144 - subModel-040.ldr
1 0 55.0005 247 140.43 0 0 1 0 1 0 -1 0 0 62462.dat
1 72 -125 237 140.43 0 0 1 0 1 0 -1 0 0 30000.dat
1 72 155 237 140.43 0 0 1 0 1 0 -1 0 0 30000.dat
1 0 33.0915 159.422 150.43 0 0.151 0.987 0 0.987 -0.151 -1 0 0 75144 - subModel-041.ldr
1 0 5.00049 107 150.43 0 -1 0 1 0 0 0 0 1 3703.dat
1 0 -4.99951 207 140.43 0 -1 0 0 0 1 -1 0 0 2780.dat
1 0 -4.99951 167 140.43 0 -1 0 0 0 1 -1 0 0 2780.dat
1 0 -4.99951 127 140.43 0 -1 0 0 0 1 -1 0 0 2780.dat
1 0 -4.99951 7 140.43 0 -1 0 0 0 1 -1 0 0 2780.dat
1 0 5.00049 107 130.43 0 -1 0 1 0 0 0 0 1 3703.dat
1 0 13.0005 107 140.43 0 -1 0 1 0 0 0 0 1 4282.dat
1 0 5.00049 -53 190.43 0 -1 0 1 0 0 0 0 1 75144 - subModel-042.ldr
1 0 21.0005 -33 160.43 0 -1 0 0 0 1 -1 0 0 87079.dat
1 0 21.0005 27 140.43 0 -1 0 1 0 0 0 0 1 87079.dat
1 0 21.0005 107 140.43 0 -1 0 1 0 0 0 0 1 3020.dat
1 0 21.0005 187 140.43 0 -1 0 1 0 0 0 0 1 87079.dat
1 0 21.0005 247 140.43 0 -1 0 1 0 0 0 0 1 3068b.dat
1 0 -18.9995 -33 160.43 0 -1 0 0 0 1 -1 0 0 3020.dat
1 0 15.0005 237 110.43 -1 0 0 0 1 0 0 0 -1 3703.dat
1 0 55.0005 247 110.43 0 0 -1 0 1 0 1 0 0 32054.dat
1 0 -4.99951 247 110.43 0 0 -1 0 1 0 1 0 0 32054.dat
1 0 -125 261 140.43 0 0 1 0 1 0 -1 0 0 4282.dat
1 0 -125 269 40.4295 0 0 1 0 1 0 -1 0 0 3795.dat
1 0 -125 269 240.43 0 0 1 0 1 0 -1 0 0 3795.dat
1 0 -115 253 40.4295 0 0 1 0 1 0 -1 0 0 3023.dat
1 0 -115 253 240.43 0 0 1 0 1 0 -1 0 0 3023.dat
1 0 -125 253 0.429504 0 0 1 0 1 0 -1 0 0 3022.dat
1 0 -125 253 80.4295 0 0 1 0 1 0 -1 0 0 3022.dat
1 0 -125 253 200.43 0 0 1 0 1 0 -1 0 0 3022.dat
1 0 -125 253 280.43 0 0 1 0 1 0 -1 0 0 3022.dat
1 0 -135 253 240.43 0 0 1 0 1 0 -1 0 0 99781.dat
1 0 -135 253 40.4295 0 0 1 0 1 0 -1 0 0 99781.dat
1 0 -125 245 220.43 0 0 1 0 1 0 -1 0 0 3020.dat
1 0 -125 245 60.4295 0 0 1 0 1 0 -1 0 0 3020.dat
1 0 -125 237 210.43 0 0 1 0 1 0 -1 0 0 3021.dat
1 0 -125 237 70.4295 0 0 1 0 1 0 -1 0 0 3021.dat
1 0 -125 229 20.4295 1 0 0 0 1 0 0 0 1 93606.dat
1 0 -125 229 260.43 -1 0 0 0 1 0 0 0 -1 93606.dat
1 0 -115 229 140.43 0 0 1 0 1 0 -1 0 0 4162.dat
1 0 -135 229 140.43 0 0 1 0 1 0 -1 0 0 4162.dat
1 0 155 261 140.43 0 0 -1 0 1 0 1 0 0 4282.dat
1 0 155 269 20.4295 0 0 -1 0 1 0 1 0 0 75144 - subModel-043.ldr
1 0 155 269 260.43 0 0 1 0 1 0 -1 0 0 75144 - subModel-043.ldr
1 0 155 253 0.429504 0 0 1 0 1 0 -1 0 0 3022.dat
1 0 155 253 80.4295 0 0 1 0 1 0 -1 0 0 3022.dat
1 0 155 253 280.43 0 0 1 0 1 0 -1 0 0 3022.dat
1 0 155 253 200.43 0 0 1 0 1 0 -1 0 0 3022.dat
1 0 145 253 40.4295 0 0 1 0 1 0 -1 0 0 3023.dat
1 0 145 253 240.43 0 0 1 0 1 0 -1 0 0 3023.dat
1 0 165 253 40.4295 0 0 -1 0 1 0 1 0 0 99781.dat
1 0 165 253 240.43 0 0 -1 0 1 0 1 0 0 99781.dat
1 0 155 245 60.4295 0 0 -1 0 1 0 1 0 0 3020.dat
1 0 155 245 220.43 0 0 -1 0 1 0 1 0 0 3020.dat
1 0 155 237 70.4295 0 0 -1 0 1 0 1 0 0 3021.dat
1 0 155 237 210.43 0 0 -1 0 1 0 1 0 0 3021.dat
1 0 155 229 20.4295 1 0 0 0 1 0 0 0 1 93606.dat
1 0 155 229 260.43 -1 0 0 0 1 0 0 0 -1 93606.dat
1 0 203 263 40.4295 0 -1 0 0 0 1 -1 0 0 3937.dat
1 0 203 263 240.43 0 -1 0 0 0 1 -1 0 0 3937.dat
1 0 145 229 140.43 0 0 -1 0 1 0 1 0 0 4162.dat
1 0 165 229 140.43 0 0 -1 0 1 0 1 0 0 4162.dat
1 0 198.55 190.918 140.43 0 -0.985 0.174 0 0.174 0.985 -1 0 0 90498.dat
1 0 201.11 251.41 0.429504 0 -0.985 0.174 0 0.174 0.985 -1 0 0 3022.dat
1 0 201.11 251.41 280.43 0 -0.985 0.174 0 0.174 0.985 -1 0 0 3022.dat
1 0 202.85 261.26 40.4295 0 -0.985 -0.174 0 0.174 -0.985 1 0 0 6134.dat
1 0 202.85 261.26 240.43 0 -0.985 -0.174 0 0.174 -0.985 1 0 0 6134.dat
1 25 154 221 370.43 1 0 0 0 1 0 0 0 1 75144 - Will Scotian.ldr
1 25 154 221 -29.5705 1 0 0 0 1 0 0 0 1 75144 - Zev Senesca.ldr
1 0 119.537 -111.599 40.4295 0 -0.087 -0.996 0 -0.996 0.087 -1 0 0 2445.dat
1 14 120.234 -103.63 -69.5705 -0.996 -0.087 0 0.087 -0.996 0 0 0 1 32028.dat
1 19 130.196 -104.501 -39.5705 -0.996 -0.087 0 0.087 -0.996 0 0 0 1 3021.dat
1 71 110.273 -102.758 0.429504 0 -0.087 0.996 0 -0.996 -0.087 1 0 0 14417.dat
1 71 110.273 -102.758 140.43 0 -0.087 0.996 0 -0.996 -0.087 1 0 0 14417.dat
1 28 110.273 -102.758 80.4295 0 -0.087 0.996 0 -0.996 -0.087 1 0 0 3710.dat
1 80 110.273 -102.758 30.4295 0 -0.087 0.996 0 -0.996 -0.087 1 0 0 6141.dat
1 19 140.158 -105.373 130.43 0 -0.087 0.996 0 -0.996 -0.087 1 0 0 3021.dat
1 80 130.196 -104.501 90.4295 0 -0.087 0.996 0 -0.996 -0.087 1 0 0 6141.dat
1 2 140.158 -105.373 20.4295 0 -0.087 0.996 0 -0.996 -0.087 1 0 0 3020.dat
1 0 140.158 -105.373 70.4295 0.996 -0.087 0 -0.087 -0.996 0 0 0 -1 75144 - subModel-044.ldr
1 0 120.932 -95.66 40.4295 0 -0.087 -0.996 0 -0.996 0.087 -1 0 0 2445.dat
1 72 150.818 -98.275 0.429504 0 -0.087 -0.996 0 -0.996 0.087 -1 0 0 3460.dat
1 80 111.667 -86.819 140.43 0 -0.087 -0.996 0 -0.996 0.087 -1 0 0 2412b.dat
1 71 101.705 -85.948 80.4295 0.996 -0.087 0 -0.087 -0.996 0 0 0 -1 41769.dat
1 71 141.553 -89.434 -59.5705 0 -0.087 -0.996 0 -0.996 0.087 -1 0 0 3033.dat
1 71 150.818 -98.275 200.43 0 -0.087 -0.996 0 -0.996 0.087 -1 0 0 75144 - subModel-045.ldr
1 71 161.477 -91.177 80.4295 0 -0.087 0.996 0 -0.996 -0.087 1 0 0 6179.dat
1 72 141.553 -89.434 -189.57 0.996 -0.087 0 -0.087 -0.996 0 0 0 -1 75144 - subModel-046.ldr
1 72 98.9165 -117.826 -99.5705 -0.996 -0.087 0 0.087 -0.996 0 0 0 1 75144 - subModel-047.ldr
1 72 118.84 -119.569 -99.5705 -0.996 -0.087 0 0.087 -0.996 0 0 0 1 75144 - subModel-047.ldr
1 72 138.764 -121.312 -99.5705 -0.996 -0.087 0 0.087 -0.996 0 0 0 1 75144 - subModel-047.ldr
1 19 118.84 -119.569 130.43 0 -0.087 0.996 0 -0.996 -0.087 1 0 0 3021.dat
1 19 118.84 -119.569 -49.5705 0 -0.087 0.996 0 -0.996 -0.087 1 0 0 3021.dat
1 72 98.2195 -125.795 -99.5705 0 -0.087 -0.996 0 -0.996 0.087 -1 0 0 4287a.dat
1 14 90.0005 -158 100.43 -1 0 0 0 0 -1 0 -1 0 32123a.dat
1 15 100 -149 90.4295 0 -1 0 0 0 1 -1 0 0 75144 - rubberBandRound-1.ldr
1 72 210 -53 370.43 1 0 0 0 1 0 0 0 1 3021.dat
1 72 240 -61 390.43 -1 0 0 0 1 0 0 0 -1 41769.dat
1 72 180 -61 410.43 0 0 -1 0 1 0 1 0 0 32059.dat
1 72 200 -69 360.43 -1 0 0 0 1 0 0 0 -1 2431.dat
1 80 180 -69 380.43 -1 0 0 0 1 0 0 0 -1 2412b.dat
1 80 180 -69 400.43 -1 0 0 0 1 0 0 0 -1 2412b.dat
1 80 190 -45 360.43 1 0 0 0 1 0 0 0 1 93555.dat
1 80 210 -45 360.43 1 0 0 0 1 0 0 0 1 93555.dat
1 80 230 -45 360.43 1 0 0 0 1 0 0 0 1 93555.dat
1 72 160 -53 390.43 -1 0 0 0 1 0 0 0 -1 75144 - subModel-048.ldr
1 72 170 -69 450.43 0 0 -1 0 1 0 1 0 0 11458.dat
1 0 210 -69 390.43 0 0 1 0 1 0 -1 0 0 92280.dat
1 72 170 -61 430.43 1 0 0 0 1 0 0 0 1 11477.dat
1 0 212 -75 380.43 0 -1 0 1 0 0 0 0 1 60849.dat
1 71 180 -75 460.43 1 0 0 0 1 0 0 0 1 4274.dat
1 0 194 -75 460.43 0 0 -1 0.213 0.977 0 0.977 -0.213 0 75144 - subModel-049.ldr
1 0 -119.537 -111.599 40.4295 0 0.087 0.996 0 -0.996 0.087 1 0 0 2445.dat
1 14 -120.234 -103.63 -69.5705 -0.996 0.087 0 -0.087 -0.996 0 0 0 1 32028.dat
1 19 -130.196 -104.501 -39.5705 -0.996 0.087 0 -0.087 -0.996 0 0 0 1 3021.dat
1 71 -110.273 -102.758 0.429504 0 0.087 -0.996 0 -0.996 -0.087 -1 0 0 14417.dat
1 71 -110.273 -102.758 140.43 0 0.087 -0.996 0 -0.996 -0.087 -1 0 0 14417.dat
1 28 -110.273 -102.758 80.4295 0 0.087 -0.996 0 -0.996 -0.087 -1 0 0 3710.dat
1 80 -110.273 -102.758 30.4295 0 0.087 -0.996 0 -0.996 -0.087 -1 0 0 6141.dat
1 2 -140.158 -105.373 20.4295 0 0.087 -0.996 0 -0.996 -0.087 -1 0 0 3020.dat
1 19 -140.158 -105.373 130.43 0 0.087 0.996 0 -0.996 0.087 1 0 0 3021.dat
1 80 -130.196 -104.501 90.4295 0 0.087 -0.996 0 -0.996 -0.087 -1 0 0 6141.dat
1 0 -140.158 -105.373 70.4295 -0.996 0.087 0 -0.087 -0.996 0 0 0 1 75144 - subModel-050.ldr
1 0 -120.932 -95.66 40.4295 0 0.087 0.996 0 -0.996 0.087 1 0 0 2445.dat
1 72 -150.818 -98.275 0.429504 0 0.087 0.996 0 -0.996 0.087 1 0 0 3460.dat
1 71 -141.553 -89.434 -59.5705 0 0.087 0.996 0 -0.996 0.087 1 0 0 3033.dat
1 71 -101.705 -85.948 80.4295 0.996 0.087 0 0.087 -0.996 0 0 0 -1 41770.dat
1 80 -111.667 -86.819 140.43 0 0.087 0.996 0 -0.996 0.087 1 0 0 2412b.dat
1 71 -161.477 -91.177 300.43 0.996 -0.087 0 0.087 0.996 0 0 0 1 75144 - subModel-051.ldr
1 71 -161.477 -91.177 80.4295 0 0.087 -0.996 0 -0.996 -0.087 -1 0 0 6179.dat
1 72 -141.553 -89.434 -189.57 -0.996 0.087 0 -0.087 -0.996 0 0 0 1 75144 - subModel-052.ldr
1 72 -138.764 -121.312 -99.5705 -0.996 0.087 0 -0.087 -0.996 0 0 0 1 75144 - subModel-047.ldr
1 72 -118.84 -119.569 -99.5705 -0.996 0.087 0 -0.087 -0.996 0 0 0 1 75144 - subModel-047.ldr
1 72 -98.9155 -117.826 -99.5705 -0.996 0.087 0 -0.087 -0.996 0 0 0 1 75144 - subModel-047.ldr
1 72 -98.2185 -125.795 -99.5705 0 0.087 0.996 0 -0.996 0.087 1 0 0 4287a.dat
1 19 -118.84 -119.569 -49.5705 0 0.087 0.996 0 -0.996 0.087 1 0 0 3021.dat
1 19 -118.84 -119.569 130.43 0 0.087 0.996 0 -0.996 0.087 1 0 0 3021.dat
1 14 -89.9995 -158 100.43 -1 0 0 0 0 -1 0 -1 0 32123a.dat
1 15 -106 -159 102.43 -1 0 0 0 0 -1 0 -1 0 75144 - rubberBandRound-2.ldr
1 72 -210 -53 370.43 1 0 0 0 1 0 0 0 1 3021.dat
1 72 -240 -61 390.43 -1 0 0 0 1 0 0 0 -1 41770.dat
1 72 -180 -61 410.43 0 0 1 0 1 0 -1 0 0 32059.dat
1 72 -200 -69 360.43 1 0 0 0 1 0 0 0 1 2431.dat
1 80 -180 -69 380.43 1 0 0 0 1 0 0 0 1 2412b.dat
1 80 -180 -69 400.43 1 0 0 0 1 0 0 0 1 2412b.dat
1 80 -230 -45 360.43 1 0 0 0 1 0 0 0 1 93555.dat
1 80 -210 -45 360.43 1 0 0 0 1 0 0 0 1 93555.dat
1 80 -190 -45 360.43 1 0 0 0 1 0 0 0 1 93555.dat
1 72 -160 -53 390.43 0 0 1 0 1 0 -1 0 0 75144 - subModel-053.ldr
1 0 -210 -69 390.43 0 0 1 0 1 0 -1 0 0 92280.dat
1 72 -170 -69 450.43 0 0 -1 0 1 0 1 0 0 11458.dat
1 71 -180 -75 460.43 -1 0 0 0 -1 0 0 0 1 4274.dat
1 0 -212 -75 380.43 0 1 0 -1 0 0 0 0 1 60849.dat
1 72 -170 -61 430.43 1 0 0 0 1 0 0 0 1 11477.dat
1 72 -194 -75 460.43 0 0 1 0.213 -0.977 0 0.977 0.213 0 75144 - subModel-049.ldr
1 71 -148 -144.672 -339.57 0.891 0.454 0 -0.454 0.891 0 0 0 1 50305.dat
1 71 -201.461 -117.432 -339.57 0.891 0.454 0 -0.454 0.891 0 0 0 1 50304.dat
1 19 -178.362 -138.18 -359.57 0 0.454 -0.891 0 0.891 0.454 1 0 0 3020.dat
1 15 -178.362 -138.18 -259.57 0 0.454 0.891 0 0.891 -0.454 -1 0 0 6180.dat
1 15 -214.003 -120.02 -349.57 0.891 0.454 0 -0.454 0.891 0 0 0 1 43722.dat
1 15 -142.722 -156.34 -349.57 0.891 0.454 0 -0.454 0.891 0 0 0 1 43723.dat
1 15 -178.362 -138.18 -419.57 0.891 0.454 0 -0.454 0.891 0 0 0 1 48183.dat
1 71 -156.91 -140.132 -139.57 0 0.454 0.891 0 0.891 -0.454 -1 0 0 3029.dat
1 71 -246.011 -94.734 -139.57 0.891 0.454 0 -0.454 0.891 0 0 0 1 30356.dat
1 15 -115.992 -169.958 -259.57 0.891 0.454 0 -0.454 0.891 0 0 0 1 54384.dat
1 15 -240.733 -106.402 -259.57 0.891 0.454 0 -0.454 0.891 0 0 0 1 54383.dat
1 15 -276.372 -88.242 -139.57 0.891 0.454 0 -0.454 0.891 0 0 0 1 54383.dat
1 15 -124.902 -165.418 -139.57 0 0.454 0.891 0 0.891 -0.454 -1 0 0 6180.dat
1 15 -187.272 -133.64 -159.57 0 0.454 0.891 0 0.891 -0.454 -1 0 0 88646.dat
1 15 -231.823 -110.942 -159.57 0 0.454 0.891 0 0.891 -0.454 -1 0 0 87079.dat
1 15 -196.183 -129.1 -99.5705 0.891 0.454 0 -0.454 0.891 0 0 0 1 87079.dat
1 80 -240.733 -106.402 -99.5705 0 0.454 -0.891 0 0.891 0.454 1 0 0 2412b.dat
1 15 -312.013 -70.083 -19.5705 0.891 0.454 0 -0.454 0.891 0 0 0 1 54383.dat
1 15 -231.823 -110.942 -39.5705 -0.891 0.454 0 0.454 0.891 0 0 0 -1 6180.dat
1 15 -124.902 -165.418 -19.5705 0 0.454 0.891 0 0.891 -0.454 -1 0 0 6180.dat
1 15 -169.452 -142.72 -19.5705 0 0.454 0.891 0 0.891 -0.454 -1 0 0 6636.dat
1 80 -112.36 -162.83 -29.5705 0 0.454 0.891 0 0.891 -0.454 -1 0 0 6141.dat
1 72 -112.36 -162.83 -99.5705 0 0.454 0.891 0 0.891 -0.454 -1 0 0 3666.dat
1 15 -103.45 -167.37 -199.57 0 0.454 -0.891 0 0.891 0.454 1 0 0 51739.dat
1 71 -254.921 -90.194 100.43 0 0.454 -0.891 0 0.891 0.454 1 0 0 60479.dat
1 71 -174.73 -131.052 40.4295 0.891 0.454 0 -0.454 0.891 0 0 0 1 3036.dat
1 15 -231.823 -110.942 10.4295 0.891 0.454 0 -0.454 0.891 0 0 0 1 6636.dat
1 72 -231.823 -110.942 30.4295 0.891 0.454 0 -0.454 0.891 0 0 0 1 3666.dat
1 71 -174.73 -131.052 160.43 0.891 0.454 0 -0.454 0.891 0 0 0 1 3036.dat
1 71 -317.292 -58.414 100.43 0.891 0.454 0 -0.454 0.891 0 0 0 1 30356.dat
1 15 -347.655 -51.923 100.43 0.891 0.454 0 -0.454 0.891 0 0 0 1 54383.dat
1 15 -312.013 -70.083 100.43 0 0.454 0.891 0 0.891 -0.454 -1 0 0 6636.dat
1 15 -196.183 -129.1 100.43 -0.891 0.454 0 0.454 0.891 0 0 0 -1 6178.dat
1 15 -107.082 -174.498 280.43 0 0.454 0.891 0 0.891 -0.454 -1 0 0 2445.dat
1 15 -356.565 -47.384 280.43 0 0.454 0.891 0 0.891 -0.454 -1 0 0 2445.dat
1 71 -228.191 -103.812 280.43 -0.891 0.454 0 0.454 0.891 0 0 0 -1 3456.dat
1 71 -228.191 -103.812 360.43 -0.891 0.454 0 0.454 0.891 0 0 0 -1 91988.dat
1 80 -94.5395 -171.91 390.43 -0.891 0.454 0 0.454 0.891 0 0 0 -1 6141.dat
1 80 -361.842 -35.716 230.43 -0.891 0.454 0 0.454 0.891 0 0 0 -1 6141.dat
1 80 -361.842 -35.716 370.43 -0.891 0.454 0 0.454 0.891 0 0 0 -1 6141.dat
1 15 -320.923 -65.543 200.43 0 0.454 0.891 0 0.891 -0.454 -1 0 0 87079.dat
1 15 -285.283 -83.702 200.43 0 0.454 0.891 0 0.891 -0.454 -1 0 0 87079.dat
1 15 -240.733 -106.402 220.43 0 0.454 0.891 0 0.891 -0.454 -1 0 0 88646.dat
1 15 -214.003 -120.02 170.43 0.891 0.454 0 -0.454 0.891 0 0 0 1 6636.dat
1 15 -303.103 -74.623 250.43 0.891 0.454 0 -0.454 0.891 0 0 0 1 3710.dat
1 15 -151.632 -151.8 220.43 0 0.454 0.891 0 0.891 -0.454 -1 0 0 88646.dat
1 15 -142.722 -156.34 170.43 0.891 0.454 0 -0.454 0.891 0 0 0 1 3069b.dat
1 80 -187.272 -133.64 240.43 0 0.454 -0.891 0 0.891 0.454 1 0 0 2412b.dat
1 80 -205.093 -124.56 240.43 0 0.454 -0.891 0 0.891 0.454 1 0 0 2412b.dat
1 72 -178.362 -138.18 270.43 0.891 0.454 0 -0.454 0.891 0 0 0 1 3666.dat
1 72 -285.283 -83.702 270.43 0.891 0.454 0 -0.454 0.891 0 0 0 1 3666.dat
1 15 -285.283 -83.702 340.43 0 0.454 -0.891 0 0.891 0.454 1 0 0 3958.dat
1 15 -178.362 -138.18 340.43 0 0.454 -0.891 0 0.891 0.454 1 0 0 3958.dat
1 71 -260.199 -78.526 60.4295 0.891 0.454 0 -0.454 0.891 0 0 0 1 30356.dat
1 72 -224.559 -96.684 200.43 0.891 0.454 0 -0.454 0.891 0 0 0 1 11203.dat
1 72 -224.559 -96.684 240.43 0.891 0.454 0 -0.454 0.891 0 0 0 1 11203.dat
1 25 -278.019 -69.446 290.43 0 0.454 0.891 0 0.891 -0.454 -1 0 0 50305.dat
1 25 -295.839 -60.366 340.43 -0.891 0.454 0 0.454 0.891 0 0 0 -1 3795.dat
1 25 -206.739 -105.764 330.43 -0.891 0.454 0 0.454 0.891 0 0 0 -1 3023.dat
1 25 -233.469 -92.146 340.43 0 0.454 -0.891 0 0.891 0.454 1 0 0 3023.dat
1 80 -340.391 -37.667 370.43 -0.891 0.454 0 0.454 0.891 0 0 0 -1 6141.dat
1 72 -171.099 -123.924 200.43 0 0.454 -0.891 0 0.891 0.454 1 0 0 2445.dat
1 72 -171.099 -123.924 -39.5705 0 0.454 -0.891 0 0.891 0.454 1 0 0 2445.dat
1 80 -180.009 -119.384 -169.57 0 0.454 0.891 0 0.891 -0.454 -1 0 0 6141.dat
1 80 -162.189 -128.464 -169.57 0 0.454 0.891 0 0.891 -0.454 -1 0 0 6141.dat
1 72 -171.099 -123.924 -259.57 0 0.454 0.891 0 0.891 -0.454 -1 0 0 3034.dat
1 72 -171.099 -123.924 -359.57 0.891 0.454 0 -0.454 0.891 0 0 0 1 51739.dat
1 71 -117.638 -151.162 280.43 0 0.454 0.891 0 0.891 -0.454 -1 0 0 44570.dat
1 71 -117.638 -151.162 200.43 0 0.454 0.891 0 0.891 -0.454 -1 0 0 44570.dat
1 71 -117.638 -151.162 20.4295 0 0.454 0.891 0 0.891 -0.454 -1 0 0 44570.dat
1 0 -144.368 -137.544 110.43 0 0.454 0.891 0 0.891 -0.454 -1 0 0 32124.dat
1 25 -299.471 -67.494 410.43 0.891 0.454 0 -0.454 0.891 0 0 0 1 75144 - subModel-054.ldr
1 15 -130.18 -153.75 410.43 -0.891 0.454 0 0.454 0.891 0 0 0 -1 75144 - subModel-055.ldr
1 72 -117.638 -151.162 380.43 -0.891 0.454 0 0.454 0.891 0 0 0 -1 11203.dat
1 72 -260.199 -78.526 380.43 0.891 0.454 0 -0.454 0.891 0 0 0 1 51739.dat
1 15 -155.264 -158.928 400.43 0 0.454 0.891 0 0.891 -0.454 -1 0 0 3069b.dat
1 15 -262.185 -104.45 400.43 0 0.454 0.891 0 0.891 -0.454 -1 0 0 3069b.dat
1 15 -148 -144.672 430.43 -0.891 0.454 0 0.454 0.891 0 0 0 -1 54200.dat
1 15 -297.825 -86.29 410.43 -0.891 0.454 0 0.454 0.891 0 0 0 -1 2450.dat
1 15 -119.624 -177.086 410.43 0 0.454 -0.891 0 0.891 0.454 1 0 0 2450.dat
1 15 -196.183 -129.1 200.43 0 0.454 -0.891 0 0.891 0.454 1 0 0 2460.dat
1 15 -181.994 -145.308 -399.57 0.891 0.454 0 -0.454 0.891 0 0 0 1 48183.dat
1 80 -181.994 -145.308 -369.57 -0.891 0.454 0 0.454 0.891 0 0 0 -1 2412b.dat
1 15 -181.995 -145.308 -339.57 -0.891 0.454 0 0.454 0.891 0 0 0 -1 3680.dat
1 71 -181.995 -145.308 -339.57 -0.89 0.454 0.033 0.454 0.891 -0.017 -0.037 0 -0.999 3679.dat
1 15 -126.888 -191.342 350.43 0 0.454 -0.891 0 0.891 0.454 1 0 0 2357.dat
1 15 -109.068 -200.422 370.43 0 0.454 -0.891 0 0.891 0.454 1 0 0 75144 - subModel-056.ldr
1 15 -287.269 -109.626 350.43 0.891 0.454 0 -0.454 0.891 0 0 0 1 2357.dat
1 15 -305.089 -100.547 370.43 0 0.454 0.891 0 0.891 -0.454 -1 0 0 3040b.dat
1 71 -164.513 -199.107 370.43 0.891 0.454 0 -0.454 0.891 0 0 0 1 3245c.dat
1 71 -271.433 -144.63 370.43 0.891 0.454 0 -0.454 0.891 0 0 0 1 3245c.dat
1 71 -207.078 -150.485 370.43 -0.891 0.454 0 0.454 0.891 0 0 0 -1 2653.dat
1 15 -298.165 -131.011 370.43 0 0.454 0.891 0 0.891 -0.454 -1 0 0 3040b.dat
1 15 -137.783 -212.727 370.43 0 0.454 -0.891 0 0.891 0.454 1 0 0 3040b.dat
1 71 -242.719 -132.326 320.43 0 0.454 -0.891 0 0.891 0.454 1 0 0 3001.dat
1 71 -171.438 -168.644 320.43 0 0.454 -0.891 0 0.891 0.454 1 0 0 3001.dat
1 19 -271.095 -99.91 300.43 0 0.454 -0.891 0 0.891 0.454 1 0 0 3020.dat
1 19 -128.534 -172.546 300.43 0 0.454 -0.891 0 0.891 0.454 1 0 0 3020.dat
1 70 -198.168 -155.025 350.43 0 0.454 -0.891 0 0.891 0.454 1 0 0 3062b.dat
1 70 -215.988 -145.945 350.43 0 0.454 -0.891 0 0.891 0.454 1 0 0 3062b.dat
1 70 -198.168 -155.025 290.43 0 0.454 -0.891 0 0.891 0.454 1 0 0 3062b.dat
1 25 -119.624 -177.086 320.43 0 0.454 -0.891 0 0.891 0.454 1 0 0 85984.dat
1 25 -119.624 -177.086 280.43 0 0.454 -0.891 0 0.891 0.454 1 0 0 85984.dat
1 25 -280.005 -95.37 320.43 0 0.454 0.891 0 0.891 -0.454 -1 0 0 85984.dat
1 25 -280.005 -95.37 280.43 0 0.454 0.891 0 0.891 -0.454 -1 0 0 85984.dat
1 1 -265.816 -111.578 300.43 0 0.454 0.891 0 0.891 -0.454 -1 0 0 3710.dat
1 1 -141.076 -175.136 300.43 0 0.454 0.891 0 0.891 -0.454 -1 0 0 3710.dat
1 15 -306.734 -81.751 350.43 0 0.454 0.891 0 0.891 -0.454 -1 0 0 92946.dat
1 15 -306.734 -81.751 330.43 0 0.454 0.891 0 0.891 -0.454 -1 0 0 92946.dat
1 15 -306.734 -81.751 310.43 0 0.454 0.891 0 0.891 -0.454 -1 0 0 92946.dat
1 15 -306.734 -81.751 290.43 0 0.454 0.891 0 0.891 -0.454 -1 0 0 92946.dat
1 15 -306.734 -81.751 270.43 0 0.454 0.891 0 0.891 -0.454 -1 0 0 92946.dat
1 15 -306.734 -81.751 250.43 0 0.454 0.891 0 0.891 -0.454 -1 0 0 92946.dat
1 15 -128.534 -172.546 250.43 0.891 0.454 0 -0.454 0.891 0 0 0 1 3710.dat
1 15 -262.185 -104.45 250.43 0.891 0.454 0 -0.454 0.891 0 0 0 1 3623.dat
1 71 -207.078 -150.485 270.43 0.891 0.454 0 -0.454 0.891 0 0 0 1 2653.dat
1 14 -162.528 -173.184 270.43 0.891 0.454 0 -0.454 0.891 0 0 0 1 6541.dat
1 14 -251.629 -127.786 270.43 0.891 0.454 0 -0.454 0.891 0 0 0 1 6541.dat
1 28 -301.457 -93.419 330.43 0.891 0.454 0 -0.454 0.891 0 0 0 1 3024.dat
1 25 -246.351 -139.454 280.43 0.891 0.454 0 -0.454 0.891 0 0 0 1 3022.dat
1 320 -219.619 -153.072 270.43 0 0.454 -0.891 0 0.891 0.454 1 0 0 15712.dat
1 320 -166.159 -180.311 270.43 0 0.454 -0.891 0 0.891 0.454 1 0 0 15712.dat
1 320 -183.979 -171.232 280.43 0 0.454 -0.891 0 0.891 0.454 1 0 0 2412b.dat
1 320 -201.799 -162.152 280.43 0 0.454 -0.891 0 0.891 0.454 1 0 0 2412b.dat
1 71 -166.159 -180.311 290.43 0 0.454 -0.891 0 0.891 0.454 1 0 0 75144 - subModel-057.ldr
1 72 -249.981 -146.582 290.43 -0.891 0.454 0 0.454 0.891 0 0 0 -1 30383.dat
1 72 -249.981 -146.582 270.43 -0.891 0.454 0 0.454 0.891 0 0 0 -1 30383.dat
1 71 -159.973 -190.197 270.43 0 -0.891 0.454 0 0.454 0.891 -1 0 0 30374.dat
1 71 -251.967 -172.506 270.43 0 0.454 0.891 0 0.891 -0.454 -1 0 0 4599b.dat
1 71 -251.967 -172.506 290.43 0 0.454 -0.891 0 0.891 0.454 1 0 0 4599b.dat
1 70 -262.523 -149.17 320.43 0 0.454 -0.891 0 0.891 0.454 1 0 0 75144 - subModel-058.ldr
1 71 -207.078 -150.485 50.4295 -0.891 0.454 0 0.454 0.891 0 0 0 -1 2653.dat
1 15 -126.888 -191.342 50.4295 0 0.454 -0.891 0 0.891 0.454 1 0 0 3040b.dat
1 15 -287.269 -109.626 50.4295 0 0.454 0.891 0 0.891 -0.454 -1 0 0 3040b.dat
1 15 -144.707 -182.264 50.4295 -0.891 0.454 0 0.454 0.891 0 0 0 -1 4070.dat
1 15 -162.528 -173.184 50.4295 -0.891 0.454 0 0.454 0.891 0 0 0 -1 4070.dat
1 15 -251.629 -127.786 50.4295 -0.891 0.454 0 0.454 0.891 0 0 0 -1 4070.dat
1 15 -269.449 -118.706 50.4295 -0.891 0.454 0 0.454 0.891 0 0 0 -1 4070.dat
1 15 -244.703 -158.25 50.4295 0 0.454 -0.891 0 0.891 0.454 1 0 0 4070.dat
1 15 -262.523 -149.17 50.4295 0 0.454 0.891 0 0.891 -0.454 -1 0 0 4286.dat
1 15 -191.243 -185.488 50.4295 0 0.454 -0.891 0 0.891 0.454 1 0 0 60477.dat
1 80 -255.999 -114.336 64.4295 0.891 0 0.454 -0.454 0 0.891 0 -1 0 2412b.dat
1 80 -149.078 -168.814 64.4295 0.891 0 0.454 -0.454 0 0.891 0 -1 0 2412b.dat
1 15 -126.888 -191.342 30.4295 0 0.454 -0.891 0 0.891 0.454 1 0 0 3040b.dat
1 15 -110.714 -181.626 10.4295 0 0.454 -0.891 0 0.891 0.454 1 0 0 92946.dat
1 15 -288.915 -90.83 10.4295 0 0.454 0.891 0 0.891 -0.454 -1 0 0 92946.dat
1 28 -288.915 -90.83 30.4295 0 0.454 0.891 0 0.891 -0.454 -1 0 0 75144 - subModel-060.ldr
1 80 -144.707 -182.264 30.4295 0.891 0.454 0 -0.454 0.891 0 0 0 1 75144 - subModel-061.ldr
1 80 -269.449 -118.706 30.4295 0.891 0.454 0 -0.454 0.891 0 0 0 1 75144 - subModel-061.ldr
1 19 -171.438 -168.644 30.4295 0.891 0.454 0 -0.454 0.891 0 0 0 1 11211.dat
1 19 -207.078 -150.485 30.4295 0.891 0.454 0 -0.454 0.891 0 0 0 1 11211.dat
1 19 -242.719 -132.326 30.4295 0.891 0.454 0 -0.454 0.891 0 0 0 1 11211.dat
1 80 -184.718 -150.654 12.4295 -0.891 0 0.454 0.454 0 0.891 0 1 0 75144 - subModel-062.ldr
1 72 -251.629 -127.786 10.4295 0.891 0.454 0 -0.454 0.891 0 0 0 1 75144 - subModel-063.ldr
1 15 -244.703 -158.25 30.4295 -0.891 0.454 0 0.454 0.891 0 0 0 -1 2357.dat
1 28 -273.081 -125.834 30.4295 0.891 0.454 0 -0.454 0.891 0 0 0 1 3024.dat
1 72 -283.637 -102.498 30.4295 0 0.454 0.891 0 0.891 -0.454 -1 0 0 54200.dat
1 72 -121.44 -180.65 10.4295 0.891 0.454 0 -0.454 0.891 0 0 0 1 30162.dat
1 72 -281.821 -98.934 10.4295 0.891 0.454 0 -0.454 0.891 0 0 0 1 30162.dat
1 2 -226.883 -167.329 30.4295 0.891 0.454 0 -0.454 0.891 0 0 0 1 3062b.dat
1 15 -262.523 -149.17 10.4295 0 0.454 0.891 0 0.891 -0.454 -1 0 0 4286.dat
1 15 -273.081 -125.834 30.4295 0 0.454 0.891 0 0.891 -0.454 -1 0 0 54200.dat
1 15 -191.243 -185.488 20.4295 0 0.454 -0.891 0 0.891 0.454 1 0 0 30363.dat
1 15 -135.797 -186.804 -109.57 -0.891 0.454 0 0.454 0.891 0 0 0 -1 30363.dat
1 71 -197.462 -173.343 229.139 -0.454 -0.033 -0.89 -0.891 0.017 0.454 0 0.999 -0.037 33299.dat
1 1 -197.791 -173.175 239.129 0.033 -0.454 -0.89 -0.017 -0.891 0.454 -0.999 0 -0.037 43093.dat
1 71 -215.925 -163.934 248.397 0.454 -0.89 -0.033 0.891 0.454 0.017 0 -0.037 0.999 60208.dat
1 0 -211.012 -166.437 99.4995 0.033 0.454 0.89 -0.017 0.891 -0.454 -0.999 0 0.037 50451.dat
1 4 -214.936 -164.439 218.412 0.89 0.454 -0.033 -0.454 0.891 0.017 0.037 0 0.999 6590.dat
1 4 -213.683 -165.076 180.45 0.89 0.454 -0.033 -0.454 0.891 0.017 0.037 0 0.999 6590.dat
1 71 -214.343 -164.74 200.43 -0.454 -0.89 0.033 -0.891 0.454 -0.017 0 -0.037 -0.999 41531.dat
1 0 -193.465 -164.156 173.098 -0.052 0.033 -0.998 0.999 -0.017 -0.053 -0.019 -0.999 -0.032 75144 - subModel-064.ldr
1 72 -212.298 -165.782 138.473 -0.89 0.454 0.033 0.454 0.891 -0.017 -0.037 0 -0.999 4185.dat
1 72 -212.034 -165.917 130.479 -0.89 0.454 0.033 0.454 0.891 -0.017 -0.037 0 -0.999 4185.dat
1 71 -211.572 -166.152 116.488 -0.89 0.454 0.033 0.454 0.891 -0.017 -0.037 0 -0.999 98585.dat
1 71 -211.144 -166.37 103.497 0.89 0.454 -0.033 -0.454 0.891 0.017 0.037 0 0.999 32198.dat
1 71 -210.682 -166.605 89.5065 -0.89 0.454 0.033 0.454 0.891 -0.017 -0.037 0 -0.999 32198.dat
1 71 -210.253 -166.824 76.5155 -0.89 0.454 0.033 0.454 0.891 -0.017 -0.037 0 -0.999 98585.dat
1 15 -266.155 -156.298 30.4295 0 0.454 0.891 0 0.891 -0.454 -1 0 0 63864.dat
1 15 -221.605 -178.997 40.4295 0.891 0.454 0 -0.454 0.891 0 0 0 1 87079.dat
1 15 -221.605 -178.997 10.4295 0.891 0.454 0 -0.454 0.891 0 0 0 1 3710.dat
1 71 -207.641 -168.161 -2.72949 -0.454 0.89 -0.036 -0.891 -0.454 0.011 -0.007 0.037 0.999 32198.dat
1 71 -207.026 -168.341 -19.7175 0.454 0.89 0.036 0.891 -0.454 -0.011 0.007 0.037 -0.999 75144 - 13971.dat
1 72 -205.555 -168.771 -60.3865 -0.454 -0.89 0.036 -0.891 0.454 -0.011 -0.007 -0.037 -0.999 59443.dat
1 80 -206.339 -168.542 -38.7035 -0.89 -0.454 -0.036 0.454 -0.891 0.011 -0.037 -0.007 0.999 32187.dat
1 72 -217.973 -171.868 350.43 -0.891 0.454 0 0.454 0.891 0 0 0 -1 3894.dat
1 0 -195.613 -172.038 360.43 0 0.454 0.891 0 0.891 -0.454 -1 0 0 2780.dat
1 0 -231.253 -153.879 360.43 0 0.454 0.891 0 0.891 -0.454 -1 0 0 2780.dat
1 71 -217.973 -171.868 370.43 0.891 0.454 0 -0.454 0.891 0 0 0 1 3701.dat
1 19 -213.433 -162.958 408.43 0 -0.454 -0.891 0 -0.891 0.454 -1 0 0 75144 - subModel-065.ldr
1 14 -213.433 -162.958 390.43 -0.999 -0.052 0 -0.052 0.999 0 0 0 -1 75144 - subModel-066.ldr
1 71 -213.433 -162.958 438.43 0.454 -0.891 0 0.891 0.454 0 0 0 1 41531.dat
1 72 -213.433 -162.958 455.43 0.454 0.891 0 0.891 -0.454 0 0 0 -1 75144 - subModel-067.ldr
1 72 -213.433 -162.958 481.43 0.454 0.891 0 0.891 -0.454 0 0 0 -1 10928.dat
1 15 -166.498 -225.032 370.43 0 0.454 -0.891 0 0.891 0.454 1 0 0 3040b.dat
1 71 -194.875 -192.616 370.43 -0.891 0.454 0 0.454 0.891 0 0 0 -1 3623.dat
1 71 -248.335 -165.378 370.43 -0.891 0.454 0 0.454 0.891 0 0 0 -1 3623.dat
1 71 -212.695 -183.536 350.43 -0.891 0.454 0 0.454 0.891 0 0 0 -1 3623.dat
1 320 -177.055 -201.696 340.43 0 0.454 -0.891 0 0.891 0.454 1 0 0 2412b.dat
1 320 -248.335 -165.378 340.43 0 0.454 -0.891 0 0.891 0.454 1 0 0 2412b.dat
1 320 -266.155 -156.298 340.43 0 0.454 -0.891 0 0.891 0.454 1 0 0 2412b.dat
1 72 -198.507 -199.744 360.43 0 0.454 -0.891 0 0.891 0.454 1 0 0 11458.dat
1 72 -216.327 -190.664 360.43 0 0.454 -0.891 0 0.891 0.454 1 0 0 11458.dat
1 72 -234.147 -181.585 360.43 0 0.454 -0.891 0 0.891 0.454 1 0 0 11458.dat
1 72 -177.055 -201.696 370.43 -0.891 0.454 0 0.454 0.891 0 0 0 -1 54200.dat
1 72 -276.713 -132.962 320.43 0 0.454 0.891 0 0.891 -0.454 -1 0 0 3937.dat
1 72 -276.713 -132.962 280.43 0 0.454 0.891 0 0.891 -0.454 -1 0 0 3937.dat
1 71 -219.959 -197.793 350.43 -0.891 0.454 0 0.454 0.891 0 0 0 -1 3623.dat
1 71 -281.684 -127.141 280.43 0 0.951 -0.31 0 0.31 0.951 1 0 0 6134.dat
1 71 -281.684 -127.141 320.43 0 0.951 -0.31 0 0.31 0.951 1 0 0 6134.dat
1 71 -251.967 -172.506 310.43 -0.891 0.454 0 0.454 0.891 0 0 0 -1 4735.dat
1 71 -269.786 -163.426 310.43 -0.891 0.454 0 0.454 0.891 0 0 0 -1 4735.dat
1 72 -286.202 -139.124 290.43 0.31 0.951 0 -0.951 0.31 0 0 0 1 75144 - subModel-068.ldr
1 25 -295.492 -110.585 290.43 0.31 0.951 0 -0.951 0.31 0 0 0 1 3070b.dat
1 71 -289.293 -129.614 270.43 0.31 0.951 0 -0.951 0.31 0 0 0 1 85861.dat
1 71 -295.473 -110.593 270.43 0.31 0.951 0 -0.951 0.31 0 0 0 1 85861.dat
1 72 -292.383 -120.104 310.43 0.31 0.951 0 -0.951 0.31 0 0 0 1 15573.dat
1 72 -286.202 -139.124 330.43 0.31 0.951 0 -0.951 0.31 0 0 0 1 15573.dat
1 72 -301.457 -93.419 330.43 0 0.454 0.891 0 0.891 -0.454 -1 0 0 54200.dat
1 1 -299.991 -122.575 320.43 0 0.951 0.31 0 0.31 -0.951 -1 0 0 3710.dat
1 71 -299.991 -122.575 270.43 -0.31 0.951 0 0.951 0.31 0 0 0 -1 3623.dat
1 71 -293.81 -141.597 330.43 0 0.951 -0.31 0 0.31 0.951 1 0 0 3623.dat
1 15 -236.132 -207.51 270.43 0.891 0.454 0 -0.454 0.891 0 0 0 1 6636.dat
1 71 -250.321 -191.302 300.43 0.891 0.454 0 -0.454 0.891 0 0 0 1 3031.dat
1 15 -280.683 -184.81 290.43 0.891 0.454 0 -0.454 0.891 0 0 0 1 3070b.dat
1 15 -262.863 -193.89 300.43 0 0.454 0.891 0 0.891 -0.454 -1 0 0 3069b.dat
1 25 -262.863 -193.89 340.43 0 0.454 0.891 0 0.891 -0.454 -1 0 0 3069b.dat
1 25 -218.313 -216.589 340.43 -0.891 0.454 0 0.454 0.891 0 0 0 -1 87079.dat
1 15 -218.313 -216.589 300.43 -0.891 0.454 0 0.454 0.891 0 0 0 -1 87079.dat
1 71 -187.95 -223.08 350.43 0 0.454 -0.891 0 0.891 0.454 1 0 0 3623.dat
1 71 -205.771 -214 280.43 0 0.454 -0.891 0 0.891 0.454 1 0 0 3023.dat
1 71 -205.771 -214 320.43 0 0.454 0.891 0 0.891 -0.454 -1 0 0 18677.dat
1 15 -236.132 -207.51 370.43 0.891 0.454 0 -0.454 0.891 0 0 0 1 6636.dat
1 71 -277.051 -177.682 360.43 0 0.454 -0.891 0 0.891 0.454 1 0 0 18677.dat
1 71 -259.23 -186.762 360.43 0 0.454 -0.891 0 0.891 0.454 1 0 0 18677.dat
1 71 -219.959 -197.793 330.43 0.891 0.454 0 -0.454 0.891 0 0 0 1 3623.dat
1 72 -264.509 -175.094 340.43 0.891 0.454 0 -0.454 0.891 0 0 0 1 11203.dat
1 25 -280.683 -184.81 350.43 0.891 0.454 0 -0.454 0.891 0 0 0 1 3070b.dat
1 28 -236.871 -186.932 370.43 -0.891 0.454 0 0.454 0.891 0 0 0 -1 15462.dat
1 15 -291.239 -161.474 370.43 0 0.454 0.891 0 0.891 -0.454 -1 0 0 3040b.dat
1 71 -183.411 -214.17 310.43 -0.416 -0.891 0.182 -0.817 0.454 0.356 -0.4 0 -0.917 75144 - subModel-069.ldr
1 72 -151.971 -196.519 320.43 0.891 0.454 0 -0.454 0.891 0 0 0 1 75144 - subModel-070.ldr
1 72 -151.971 -196.519 280.43 0.891 0.454 0 -0.454 0.891 0 0 0 1 75144 - subModel-070.ldr
1 72 -268.141 -182.222 250.43 0 0.454 0.891 0 0.891 -0.454 -1 0 0 75144 - subModel-071.ldr
1 72 -196.861 -218.54 250.43 0 0.454 -0.891 0 0.891 0.454 1 0 0 75144 - subModel-072.ldr
1 25 -280.683 -184.81 320.43 0 0.454 0.891 0 0.891 -0.454 -1 0 0 75144 - subModel-073.ldr
1 15 -310.689 -115.535 300.43 0 0.951 0.31 0 0.31 -0.951 -1 0 0 3068b.dat
1 15 -301.419 -144.067 310.43 0 0.951 0.31 0 0.31 -0.951 -1 0 0 3070b.dat
1 25 -304.509 -134.556 330.43 -0.31 0.951 0 0.951 0.31 0 0 0 -1 3069b.dat
1 25 -307.598 -125.044 350.43 -0.31 0.951 0 0.951 0.31 0 0 0 -1 63864.dat
1 15 -304.51 -134.559 260.43 0.31 0.951 0 -0.951 0.31 0 0 0 1 87079.dat
1 15 -236.132 -207.51 250.43 -0.891 0.454 0 0.454 0.891 0 0 0 -1 6636.dat
1 47 -149.647 -125.876 0.429504 -0.891 0.454 0 0.454 0.891 0 0 0 -1 2654.dat
1 47 -149.647 -125.876 40.4295 -0.891 0.454 0 0.454 0.891 0 0 0 -1 2654.dat
1 72 -149.647 -125.876 300.43 -0.891 0.454 0 0.454 0.891 0 0 0 -1 11203.dat
1 72 -149.647 -125.876 240.43 -0.891 0.454 0 0.454 0.891 0 0 0 -1 11203.dat
1 72 -149.647 -125.876 180.43 -0.891 0.454 0 0.454 0.891 0 0 0 -1 11203.dat
1 72 -201.243 -170.034 -179.599 0.036 0.454 0.89 -0.011 0.891 -0.454 -0.999 0.007 0.037 75144 - subModel-074.ldr
1 72 -185.956 -152.268 -329.578 -0.89 0.454 0.033 0.454 0.891 -0.017 -0.037 0 -0.999 32530.dat
1 15 -185.297 -152.604 -349.563 -0.89 0.454 0.033 0.454 0.891 -0.017 -0.037 0 -0.999 3069b.dat
1 72 -190.933 -174.423 -481.43 -0.033 -0.454 0.89 0.017 -0.891 -0.454 0.999 0 0.037 75144 - subModel-075.ldr
1 71 201.461 -117.431 -339.57 0.891 -0.454 0 0.454 0.891 0 0 0 1 50305.dat
1 71 148 -144.671 -339.57 0.891 -0.454 0 0.454 0.891 0 0 0 1 50304.dat
1 19 178.362 -138.179 -359.57 0 -0.454 -0.891 0 0.891 -0.454 1 0 0 3020.dat
1 15 178.362 -138.179 -419.57 0.891 -0.454 0 0.454 0.891 0 0 0 1 48183.dat
1 15 142.722 -156.339 -349.57 0.891 -0.454 0 0.454 0.891 0 0 0 1 43722.dat
1 15 214.003 -120.019 -349.57 0.891 -0.454 0 0.454 0.891 0 0 0 1 43723.dat
1 15 178.362 -138.179 -259.57 0 -0.454 -0.891 0 0.891 -0.454 1 0 0 6180.dat
1 71 156.91 -140.131 -139.57 0 -0.454 -0.891 0 0.891 -0.454 1 0 0 3029.dat
1 71 246.011 -94.732 -139.57 0.891 -0.454 0 0.454 0.891 0 0 0 1 30355.dat
1 15 115.992 -169.958 -259.57 0.891 -0.454 0 0.454 0.891 0 0 0 1 54383.dat
1 15 240.733 -106.4 -259.57 0.891 -0.454 0 0.454 0.891 0 0 0 1 54384.dat
1 15 276.373 -88.24 -139.57 0.891 -0.454 0 0.454 0.891 0 0 0 1 54384.dat
1 15 124.902 -165.418 -139.57 0 -0.454 -0.891 0 0.891 -0.454 1 0 0 6180.dat
1 15 187.272 -133.639 -159.57 0 -0.454 -0.891 0 0.891 -0.454 1 0 0 88646.dat
1 15 231.823 -110.94 -159.57 0 -0.454 -0.891 0 0.891 -0.454 1 0 0 87079.dat
1 15 196.183 -129.099 -99.5705 -0.891 -0.454 0 -0.454 0.891 0 0 0 -1 87079.dat
1 80 240.733 -106.4 -99.5705 0 -0.454 0.891 0 0.891 0.454 -1 0 0 2412b.dat
1 15 124.902 -165.418 -19.5705 0 -0.454 -0.891 0 0.891 -0.454 1 0 0 6180.dat
1 15 169.452 -142.719 -19.5705 0 -0.454 -0.891 0 0.891 -0.454 1 0 0 6636.dat
1 15 231.823 -110.94 -39.5705 -0.891 -0.454 0 -0.454 0.891 0 0 0 -1 6180.dat
1 15 312.013 -70.08 -19.5705 0.891 -0.454 0 0.454 0.891 0 0 0 1 54384.dat
1 80 112.36 -162.83 -29.5705 0.891 -0.454 0 0.454 0.891 0 0 0 1 6141.dat
1 72 112.36 -162.83 -99.5705 0 -0.454 0.891 0 0.891 0.454 -1 0 0 3666.dat
1 15 103.45 -167.37 -199.57 0 -0.454 0.891 0 0.891 0.454 -1 0 0 51739.dat
1 71 174.73 -131.051 40.4295 0.891 -0.454 0 0.454 0.891 0 0 0 1 3036.dat
1 71 254.921 -90.192 100.43 0 -0.454 0.891 0 0.891 0.454 -1 0 0 60479.dat
1 15 231.823 -110.94 10.4295 -0.891 -0.454 0 -0.454 0.891 0 0 0 -1 6636.dat
1 72 231.823 -110.94 30.4295 -0.891 -0.454 0 -0.454 0.891 0 0 0 -1 3666.dat
1 71 174.73 -131.051 160.43 0.891 -0.454 0 0.454 0.891 0 0 0 1 3036.dat
1 71 317.292 -58.412 100.43 0.891 -0.454 0 0.454 0.891 0 0 0 1 30355.dat
1 15 347.654 -51.921 100.43 0.891 -0.454 0 0.454 0.891 0 0 0 1 54384.dat
1 15 312.013 -70.08 100.43 0 -0.454 -0.891 0 0.891 -0.454 1 0 0 6636.dat
1 15 196.183 -129.099 100.43 -0.891 -0.454 0 -0.454 0.891 0 0 0 -1 6178.dat
1 15 107.082 -174.498 280.43 0 -0.454 0.891 0 0.891 0.454 -1 0 0 2445.dat
1 15 356.564 -47.381 280.43 0 -0.454 0.891 0 0.891 0.454 -1 0 0 2445.dat
1 71 228.191 -103.811 280.43 -0.891 -0.454 0 -0.454 0.891 0 0 0 -1 3456.dat
1 71 228.191 -103.811 360.43 -0.891 -0.454 0 -0.454 0.891 0 0 0 -1 91988.dat
1 80 361.842 -35.713 230.43 0.891 -0.454 0 0.454 0.891 0 0 0 1 6141.dat
1 80 361.842 -35.713 370.43 0.891 -0.454 0 0.454 0.891 0 0 0 1 6141.dat
1 80 94.5405 -171.91 390.43 0.891 -0.454 0 0.454 0.891 0 0 0 1 6141.dat
1 15 320.923 -65.54 200.43 0 -0.454 0.891 0 0.891 0.454 -1 0 0 87079.dat
1 15 285.283 -83.7 200.43 0 -0.454 0.891 0 0.891 0.454 -1 0 0 87079.dat
1 15 303.103 -74.62 250.43 0.891 -0.454 0 0.454 0.891 0 0 0 1 3710.dat
1 15 214.003 -120.019 170.43 -0.891 -0.454 0 -0.454 0.891 0 0 0 -1 6636.dat
1 15 240.733 -106.4 220.43 0 -0.454 -0.891 0 0.891 -0.454 1 0 0 88646.dat
1 15 151.632 -151.799 220.43 0 -0.454 -0.891 0 0.891 -0.454 1 0 0 88646.dat
1 15 142.722 -156.339 170.43 0.891 -0.454 0 0.454 0.891 0 0 0 1 3069b.dat
1 80 187.272 -133.639 240.43 0 -0.454 0.891 0 0.891 0.454 -1 0 0 2412b.dat
1 80 205.093 -124.559 240.43 0 -0.454 0.891 0 0.891 0.454 -1 0 0 2412b.dat
1 72 231.823 -110.94 270.43 0.891 -0.454 0 0.454 0.891 0 0 0 1 60479.dat
1 15 178.362 -138.179 340.43 -0.891 -0.454 0 -0.454 0.891 0 0 0 -1 3958.dat
1 15 285.283 -83.7 340.43 -0.891 -0.454 0 -0.454 0.891 0 0 0 -1 3958.dat
1 80 340.391 -37.665 370.43 0.891 -0.454 0 0.454 0.891 0 0 0 1 6141.dat
1 25 295.839 -60.364 340.43 0.891 -0.454 0 0.454 0.891 0 0 0 1 3795.dat
1 25 206.739 -105.763 330.43 0.891 -0.454 0 0.454 0.891 0 0 0 1 3023.dat
1 25 233.469 -92.144 340.43 0 -0.454 0.891 0 0.891 0.454 -1 0 0 3023.dat
1 25 278.02 -69.444 290.43 0 -0.454 -0.891 0 0.891 -0.454 1 0 0 50304.dat
1 72 224.559 -96.683 240.43 0 -0.454 -0.891 0 0.891 -0.454 1 0 0 11203.dat
1 72 224.559 -96.683 200.43 0 -0.454 -0.891 0 0.891 -0.454 1 0 0 11203.dat
1 71 260.199 -78.524 60.4295 0.891 -0.454 0 0.454 0.891 0 0 0 1 30355.dat
1 72 171.099 -123.923 200.43 0 -0.454 0.891 0 0.891 0.454 -1 0 0 2445.dat
1 72 171.099 -123.923 -39.5705 0 -0.454 0.891 0 0.891 0.454 -1 0 0 2445.dat
1 80 180.009 -119.383 -169.57 0.891 -0.454 0 0.454 0.891 0 0 0 1 6141.dat
1 80 162.189 -128.463 -169.57 0.891 -0.454 0 0.454 0.891 0 0 0 1 6141.dat
1 72 171.099 -123.923 -259.57 0 -0.454 0.891 0 0.891 0.454 -1 0 0 3034.dat
1 72 171.099 -123.923 -359.57 0.891 -0.454 0 0.454 0.891 0 0 0 1 51739.dat
1 71 117.638 -151.162 280.43 0 -0.454 -0.891 0 0.891 -0.454 1 0 0 44570.dat
1 71 117.638 -151.162 200.43 0 -0.454 -0.891 0 0.891 -0.454 1 0 0 44570.dat
1 71 117.638 -151.162 20.4295 0 -0.454 -0.891 0 0.891 -0.454 1 0 0 44570.dat
1 0 144.368 -137.543 110.43 0 -0.454 -0.891 0 0.891 -0.454 1 0 0 32124.dat
1 15 299.471 -67.492 410.43 0 -0.454 0.891 0 0.891 0.454 -1 0 0 75144 - subModel-077.ldr
1 15 130.18 -153.75 410.43 0 -0.454 -0.891 0 0.891 -0.454 1 0 0 75144 - subModel-078.ldr
1 72 117.638 -151.162 380.43 0 -0.454 -0.891 0 0.891 -0.454 1 0 0 11203.dat
1 72 260.199 -78.524 380.43 0.891 -0.454 0 0.454 0.891 0 0 0 1 51739.dat
1 15 196.183 -129.099 200.43 0.891 -0.454 0 0.454 0.891 0 0 0 1 2460.dat
1 15 262.185 -104.448 400.43 0 -0.454 -0.891 0 0.891 -0.454 1 0 0 3069b.dat
1 15 297.826 -86.288 410.43 0 -0.454 -0.891 0 0.891 -0.454 1 0 0 2450.dat
1 15 155.264 -158.927 400.43 0 -0.454 -0.891 0 0.891 -0.454 1 0 0 3069b.dat
1 15 148 -144.671 430.43 -0.891 -0.454 0 -0.454 0.891 0 0 0 -1 54200.dat
1 15 119.624 -177.086 410.43 -0.891 -0.454 0 -0.454 0.891 0 0 0 -1 2450.dat
1 15 181.994 -145.307 -399.57 0.891 -0.454 0 0.454 0.891 0 0 0 1 48183.dat
1 80 181.994 -145.307 -369.57 0.891 -0.454 0 0.454 0.891 0 0 0 1 2412b.dat
1 15 181.994 -145.307 -339.57 0.891 -0.454 0 0.454 0.891 0 0 0 1 3680.dat
1 71 181.994 -145.307 -339.57 0.89 -0.454 0.033 0.454 0.891 0.017 -0.037 0 0.999 3679.dat
1 15 126.888 -191.342 350.43 0.891 -0.454 0 0.454 0.891 0 0 0 1 2357.dat
1 15 109.068 -200.422 370.43 0 -0.454 0.891 0 0.891 0.454 -1 0 0 75144 - subModel-056.ldr
1 71 164.514 -199.107 370.43 -0.891 -0.454 0 -0.454 0.891 0 0 0 -1 3245c.dat
1 71 207.078 -150.483 370.43 -0.891 -0.454 0 -0.454 0.891 0 0 0 -1 2653.dat
1 71 271.434 -144.628 370.43 -0.891 -0.454 0 -0.454 0.891 0 0 0 -1 3245c.dat
1 15 287.27 -109.624 350.43 0 -0.454 -0.891 0 0.891 -0.454 1 0 0 2357.dat
1 15 305.089 -100.544 370.43 0 -0.454 -0.891 0 0.891 -0.454 1 0 0 3040b.dat
1 15 298.165 -131.008 370.43 0 -0.454 -0.891 0 0.891 -0.454 1 0 0 3040b.dat
1 15 137.784 -212.727 370.43 0 -0.454 0.891 0 0.891 0.454 -1 0 0 3040b.dat
1 19 128.534 -172.546 300.43 0 -0.454 -0.891 0 0.891 -0.454 1 0 0 3020.dat
1 19 271.095 -99.908 300.43 0 -0.454 -0.891 0 0.891 -0.454 1 0 0 3020.dat
1 71 171.438 -168.643 320.43 0 -0.454 -0.891 0 0.891 -0.454 1 0 0 3001.dat
1 71 242.719 -132.324 320.43 0 -0.454 -0.891 0 0.891 -0.454 1 0 0 3001.dat
1 70 198.168 -155.023 350.43 0 -0.454 -0.891 0 0.891 -0.454 1 0 0 3062b.dat
1 70 215.988 -145.943 350.43 0 -0.454 -0.891 0 0.891 -0.454 1 0 0 3062b.dat
1 70 198.168 -155.023 290.43 0 -0.454 -0.891 0 0.891 -0.454 1 0 0 3062b.dat
1 1 265.817 -111.576 300.43 0 -0.454 -0.891 0 0.891 -0.454 1 0 0 3710.dat
1 25 280.005 -95.368 320.43 0 -0.454 -0.891 0 0.891 -0.454 1 0 0 85984.dat
1 25 280.005 -95.368 280.43 0 -0.454 -0.891 0 0.891 -0.454 1 0 0 85984.dat
1 1 141.076 -175.135 300.43 0 -0.454 -0.891 0 0.891 -0.454 1 0 0 3710.dat
1 25 119.624 -177.086 280.43 0 -0.454 0.891 0 0.891 0.454 -1 0 0 85984.dat
1 25 119.624 -177.086 320.43 0 -0.454 0.891 0 0.891 0.454 -1 0 0 85984.dat
1 15 306.735 -81.748 350.43 0 -0.454 -0.891 0 0.891 -0.454 1 0 0 92946.dat
1 15 306.735 -81.748 330.43 0 -0.454 -0.891 0 0.891 -0.454 1 0 0 92946.dat
1 15 306.735 -81.748 310.43 0 -0.454 -0.891 0 0.891 -0.454 1 0 0 92946.dat
1 15 306.735 -81.748 290.43 0 -0.454 -0.891 0 0.891 -0.454 1 0 0 92946.dat
1 15 306.735 -81.748 270.43 0 -0.454 -0.891 0 0.891 -0.454 1 0 0 92946.dat
1 15 306.735 -81.748 250.43 0 -0.454 -0.891 0 0.891 -0.454 1 0 0 92946.dat
1 28 301.457 -93.416 330.43 0 -0.454 -0.891 0 0.891 -0.454 1 0 0 3024.dat
1 15 128.534 -172.546 250.43 -0.891 -0.454 0 -0.454 0.891 0 0 0 -1 3710.dat
1 14 162.528 -173.183 270.43 -0.891 -0.454 0 -0.454 0.891 0 0 0 -1 6541.dat
1 14 251.629 -127.784 270.43 -0.891 -0.454 0 -0.454 0.891 0 0 0 -1 6541.dat
1 15 262.185 -104.448 250.43 -0.891 -0.454 0 -0.454 0.891 0 0 0 -1 3623.dat
1 71 207.078 -150.483 270.43 0.891 -0.454 0 0.454 0.891 0 0 0 1 2653.dat
1 25 246.351 -139.452 280.43 0.891 -0.454 0 0.454 0.891 0 0 0 1 3022.dat
1 320 219.62 -153.071 270.43 0 -0.454 0.891 0 0.891 0.454 -1 0 0 15712.dat
1 320 166.16 -180.311 270.43 0 -0.454 0.891 0 0.891 0.454 -1 0 0 15712.dat
1 320 183.98 -171.231 280.43 0 -0.454 0.891 0 0.891 0.454 -1 0 0 2412b.dat
1 320 201.8 -162.151 280.43 0 -0.454 0.891 0 0.891 0.454 -1 0 0 2412b.dat
1 320 166.16 -180.311 290.43 0 -0.454 0.891 0 0.891 0.454 -1 0 0 75144 - subModel-057.ldr
1 72 249.982 -146.58 290.43 0.891 -0.454 0 0.454 0.891 0 0 0 1 30383.dat
1 72 249.982 -146.58 270.43 0.891 -0.454 0 0.454 0.891 0 0 0 1 30383.dat
1 71 159.974 -190.197 270.43 0 0.891 0.454 0 0.454 -0.891 -1 0 0 30374.dat
1 71 251.968 -172.504 290.43 0 -0.454 0.891 0 0.891 0.454 -1 0 0 4599b.dat
1 71 251.968 -172.504 270.43 0 -0.454 -0.891 0 0.891 -0.454 1 0 0 4599b.dat
1 14 262.524 -149.168 320.43 0 -0.454 0.891 0 0.891 0.454 -1 0 0 75144 - subModel-079.ldr
1 15 126.888 -191.342 50.4295 0 -0.454 0.891 0 0.891 0.454 -1 0 0 3040b.dat
1 15 287.27 -109.624 50.4295 0 -0.454 -0.891 0 0.891 -0.454 1 0 0 3040b.dat
1 71 207.078 -150.483 50.4295 -0.891 -0.454 0 -0.454 0.891 0 0 0 -1 2653.dat
1 15 251.629 -127.784 50.4295 -0.891 -0.454 0 -0.454 0.891 0 0 0 -1 4070.dat
1 15 269.449 -118.704 50.4295 -0.891 -0.454 0 -0.454 0.891 0 0 0 -1 4070.dat
1 15 144.708 -182.263 50.4295 -0.891 -0.454 0 -0.454 0.891 0 0 0 -1 4070.dat
1 15 162.528 -173.183 50.4295 -0.891 -0.454 0 -0.454 0.891 0 0 0 -1 4070.dat
1 15 262.524 -149.168 50.4295 0 -0.454 -0.891 0 0.891 -0.454 1 0 0 4286.dat
1 15 191.244 -185.487 50.4295 0 -0.454 0.891 0 0.891 0.454 -1 0 0 60477.dat
1 15 244.704 -158.248 50.4295 0 -0.454 0.891 0 0.891 0.454 -1 0 0 4070.dat
1 80 149.078 -168.813 64.4295 -0.891 0 0.454 -0.454 0 -0.891 0 -1 0 2412b.dat
1 80 255.999 -114.334 64.4295 -0.891 0 0.454 -0.454 0 -0.891 0 -1 0 2412b.dat
1 15 126.888 -191.342 30.4295 0 -0.454 0.891 0 0.891 0.454 -1 0 0 3040b.dat
1 15 110.714 -181.626 10.4295 0 -0.454 0.891 0 0.891 0.454 -1 0 0 92946.dat
1 15 288.915 -90.828 10.4295 0 -0.454 -0.891 0 0.891 -0.454 1 0 0 92946.dat
1 28 288.915 -90.828 30.4295 0 -0.454 -0.891 0 0.891 -0.454 1 0 0 75144 - subModel-081.ldr
1 28 144.708 -182.263 30.4295 0.891 -0.454 0 0.454 0.891 0 0 0 1 75144 - subModel-061.ldr
1 19 171.438 -168.643 30.4295 0.891 -0.454 0 0.454 0.891 0 0 0 1 11211.dat
1 19 207.078 -150.483 30.4295 0.891 -0.454 0 0.454 0.891 0 0 0 1 11211.dat
1 19 242.719 -132.324 30.4295 0.891 -0.454 0 0.454 0.891 0 0 0 1 11211.dat
1 28 269.449 -118.704 30.4295 0.891 -0.454 0 0.454 0.891 0 0 0 1 75144 - subModel-061.ldr
1 80 184.718 -150.653 12.4295 0.891 0 0.454 0.454 0 -0.891 0 1 0 75144 - subModel-082.ldr
1 72 233.809 -136.864 10.4295 0.891 -0.454 0 0.454 0.891 0 0 0 1 75144 - subModel-083.ldr
1 15 244.704 -158.248 30.4295 0 -0.454 0.891 0 0.891 0.454 -1 0 0 2357.dat
1 72 283.637 -102.496 30.4295 0 -0.454 -0.891 0 0.891 -0.454 1 0 0 54200.dat
1 28 273.081 -125.832 30.4295 0 -0.454 -0.891 0 0.891 -0.454 1 0 0 3024.dat
1 2 226.884 -167.328 30.4295 0 -0.454 -0.891 0 0.891 -0.454 1 0 0 3062b.dat
1 72 281.822 -98.932 10.4295 0.891 -0.454 0 0.454 0.891 0 0 0 1 30162.dat
1 72 121.44 -180.65 10.4295 0.891 -0.454 0 0.454 0.891 0 0 0 1 30162.dat
1 15 273.081 -125.832 30.4295 0 -0.454 -0.891 0 0.891 -0.454 1 0 0 54200.dat
1 15 262.524 -149.168 10.4295 0 -0.454 -0.891 0 0.891 -0.454 1 0 0 4286.dat
1 15 191.244 -185.487 20.4295 0 -0.454 0.891 0 0.891 0.454 -1 0 0 30363.dat
1 71 197.458 -173.343 229.151 -0.454 0.033 0.89 0.891 0.017 0.454 0 0.999 -0.037 33299.dat
1 1 197.787 -173.175 239.144 -0.033 -0.454 0.89 -0.017 0.891 0.454 -0.999 0 -0.037 43093.dat
1 71 215.925 -163.933 248.397 0.454 0.89 0.033 -0.891 0.454 0.017 0 -0.037 0.999 60208.dat
1 0 211.012 -166.436 99.4995 -0.033 0.454 -0.89 -0.017 -0.891 -0.454 -0.999 0 0.037 50451.dat
1 4 214.936 -164.437 218.418 -0.89 0.454 0.033 -0.454 -0.891 0.017 0.037 0 0.999 6590.dat
1 4 213.683 -165.075 180.444 -0.89 0.454 0.033 -0.454 -0.891 0.017 0.037 0 0.999 6590.dat
1 71 214.342 -164.739 200.43 -0.454 0.89 -0.033 0.891 0.454 -0.017 0 -0.037 -0.999 41531.dat
1 0 202.541 -181.974 173.099 0.839 -0.033 0.544 -0.546 -0.017 0.838 -0.019 -0.999 -0.032 75144 - subModel-064.ldr
1 72 212.297 -165.781 138.473 0.89 0.454 -0.033 0.454 -0.891 -0.017 -0.037 0 -0.999 4185.dat
1 72 212.034 -165.916 130.479 0.89 0.454 -0.033 0.454 -0.891 -0.017 -0.037 0 -0.999 4185.dat
1 71 211.572 -166.151 116.488 0.89 0.454 -0.033 0.454 -0.891 -0.017 -0.037 0 -0.999 98585.dat
1 71 211.143 -166.369 103.497 -0.89 0.454 0.033 -0.454 -0.891 0.017 0.037 0 0.999 32198.dat
1 71 210.682 -166.604 89.5065 0.89 0.454 -0.033 0.454 -0.891 -0.017 -0.037 0 -0.999 32198.dat
1 71 210.253 -166.823 76.5155 0.89 0.454 -0.033 0.454 -0.891 -0.017 -0.037 0 -0.999 98585.dat
1 15 221.766 -178.914 39.9075 -0.891 -0.454 0.015 -0.454 0.891 0.008 -0.017 0 -1 87079.dat
1 15 266.467 -156.138 30.4325 0.015 -0.454 0.891 0.008 0.891 0.454 -1 0 0.017 63864.dat
1 15 221.61 -178.993 9.90552 0.891 -0.454 -0.015 0.454 0.891 -0.008 0.017 0 1 3710.dat
1 71 207.641 -168.16 -2.72949 -0.454 -0.89 0.036 0.891 -0.454 0.011 0.007 0.037 0.999 32198.dat
1 71 207.025 -168.34 -19.7175 -0.454 0.89 -0.036 0.891 0.454 -0.011 0.007 -0.037 -0.999 75144 - 13971.dat
1 72 205.554 -168.77 -60.3865 -0.454 0.89 -0.036 0.891 0.454 -0.011 0.007 -0.037 -0.999 59443.dat
1 80 206.339 -168.541 -38.7035 0.454 0.89 0.036 -0.891 0.454 0.011 -0.007 -0.037 0.999 32187.dat
1 72 217.974 -171.867 350.43 -0.891 -0.454 0 -0.454 0.891 0 0 0 -1 3894.dat
1 0 231.254 -153.878 360.43 0 -0.454 0.891 0 0.891 0.454 -1 0 0 2780.dat
1 0 195.615 -172.038 360.43 0 -0.454 0.891 0 0.891 0.454 -1 0 0 2780.dat
1 71 217.974 -171.867 370.43 0.891 -0.454 0 0.454 0.891 0 0 0 1 3701.dat
1 19 213.434 -162.957 408.43 0 0.454 -0.891 0 -0.891 -0.454 -1 0 0 75144 - subModel-065.ldr
1 14 213.434 -162.957 390.43 -0.546 -0.839 0 -0.839 0.546 0 0 0 -1 75144 - subModel-066.ldr
1 71 213.434 -162.957 438.43 -0.454 -0.891 0 0.891 -0.454 0 0 0 1 41531.dat
1 72 213.434 -162.957 455.43 -0.454 0.891 0 0.891 0.454 0 0 0 -1 75144 - subModel-067.ldr
1 72 213.434 -162.957 481.43 -0.454 0.891 0 0.891 0.454 0 0 0 -1 10928.dat
1 15 166.499 -225.031 370.43 0 -0.454 0.891 0 0.891 0.454 -1 0 0 3040b.dat
1 71 194.876 -192.615 370.43 0.891 -0.454 0 0.454 0.891 0 0 0 1 3623.dat
1 71 248.336 -165.376 370.43 0.891 -0.454 0 0.454 0.891 0 0 0 1 3623.dat
1 71 212.696 -183.535 350.43 0.891 -0.454 0 0.454 0.891 0 0 0 1 3623.dat
1 320 177.056 -201.695 340.43 0 -0.454 -0.891 0 0.891 -0.454 1 0 0 2412b.dat
1 320 248.336 -165.376 340.43 0 -0.454 -0.891 0 0.891 -0.454 1 0 0 2412b.dat
1 320 266.156 -156.296 340.43 0 -0.454 -0.891 0 0.891 -0.454 1 0 0 2412b.dat
1 72 177.056 -201.695 370.43 -0.891 -0.454 0 -0.454 0.891 0 0 0 -1 54200.dat
1 72 198.508 -199.743 360.43 0 -0.454 -0.891 0 0.891 -0.454 1 0 0 11458.dat
1 72 216.328 -190.663 360.43 0 -0.454 -0.891 0 0.891 -0.454 1 0 0 11458.dat
1 72 234.148 -181.584 360.43 0 -0.454 -0.891 0 0.891 -0.454 1 0 0 11458.dat
1 72 276.714 -132.96 320.43 0 -0.454 -0.891 0 0.891 -0.454 1 0 0 3937.dat
1 72 276.714 -132.96 280.43 0 -0.454 -0.891 0 0.891 -0.454 1 0 0 3937.dat
1 71 219.96 -197.792 350.43 -0.891 -0.454 0 -0.454 0.891 0 0 0 -1 3623.dat
1 71 253.784 -176.068 310.43 -0.891 -0.454 0 -0.454 0.891 0 0 0 -1 4735.dat
1 71 269.788 -163.424 310.43 -0.891 -0.454 0 -0.454 0.891 0 0 0 -1 4735.dat
1 71 281.684 -127.14 280.43 0 -0.951 0.309 0 0.309 0.951 -1 0 0 6134.dat
1 71 281.684 -127.14 320.43 0 -0.951 0.309 0 0.309 0.951 -1 0 0 6134.dat
1 71 289.292 -129.612 270.43 0 -0.951 0.309 0 0.309 0.951 -1 0 0 85861.dat
1 71 295.472 -110.591 270.43 0 -0.951 0.309 0 0.309 0.951 -1 0 0 85861.dat
1 25 295.472 -110.591 290.43 0 -0.951 0.309 0 0.309 0.951 -1 0 0 3070b.dat
1 25 286.202 -139.123 290.43 -0.309 -0.951 0 -0.951 0.309 0 0 0 -1 75144 - subModel-068.ldr
1 72 292.382 -120.102 310.43 -0.309 -0.951 0 -0.951 0.309 0 0 0 -1 15573.dat
1 72 286.202 -139.123 330.43 -0.309 -0.951 0 -0.951 0.309 0 0 0 -1 15573.dat
1 1 299.99 -122.573 320.43 0 -0.951 -0.309 0 0.309 -0.951 1 0 0 3710.dat
1 71 293.81 -141.595 330.43 0 -0.951 -0.309 0 0.309 -0.951 1 0 0 3623.dat
1 71 299.993 -122.574 270.43 0.309 -0.951 0 0.951 0.309 0 0 0 1 3623.dat
1 71 250.322 -191.3 300.43 0.891 -0.454 0 0.454 0.891 0 0 0 1 3031.dat
1 15 236.134 -207.508 270.43 0.891 -0.454 0 0.454 0.891 0 0 0 1 6636.dat
1 15 280.684 -184.808 290.43 0.891 -0.454 0 0.454 0.891 0 0 0 1 3070b.dat
1 25 262.865 -193.888 340.43 0 -0.454 -0.891 0 0.891 -0.454 1 0 0 3069b.dat
1 15 262.865 -193.888 300.43 0 -0.454 -0.891 0 0.891 -0.454 1 0 0 3069b.dat
1 15 218.314 -216.588 300.43 -0.891 -0.454 0 -0.454 0.891 0 0 0 -1 87079.dat
1 25 218.314 -216.588 340.43 -0.891 -0.454 0 -0.454 0.891 0 0 0 -1 87079.dat
1 71 187.951 -223.079 350.43 0 -0.454 -0.891 0 0.891 -0.454 1 0 0 3623.dat
1 71 205.772 -213.999 280.43 0 -0.454 -0.891 0 0.891 -0.454 1 0 0 3023.dat
1 71 205.772 -213.999 320.43 0 -0.454 0.891 0 0.891 0.454 -1 0 0 18677.dat
1 15 236.134 -207.508 370.43 0.891 -0.454 0 0.454 0.891 0 0 0 1 6636.dat
1 71 277.052 -177.68 360.43 0 -0.454 -0.891 0 0.891 -0.454 1 0 0 18677.dat
1 71 259.232 -186.76 360.43 0 -0.454 -0.891 0 0.891 -0.454 1 0 0 18677.dat
1 71 219.96 -197.792 330.43 0.891 -0.454 0 0.454 0.891 0 0 0 1 3623.dat
1 72 264.51 -175.092 340.43 0.891 -0.454 0 0.454 0.891 0 0 0 1 11203.dat
1 25 280.684 -184.808 350.43 0.891 -0.454 0 0.454 0.891 0 0 0 1 3070b.dat
1 28 236.872 -186.93 370.43 0.891 -0.454 0 0.454 0.891 0 0 0 1 15462.dat
1 15 291.24 -161.472 370.43 0 -0.454 -0.891 0 0.891 -0.454 1 0 0 3040b.dat
1 14 183.412 -214.169 310.43 -0.416 0.891 -0.182 0.817 0.454 0.356 0.4 0 -0.917 75144 - subModel-069.ldr
1 14 151.972 -196.519 320.43 -0.891 -0.454 0 -0.454 0.891 0 0 0 -1 75144 - subModel-070.ldr
1 14 151.972 -196.519 280.43 -0.891 -0.454 0 -0.454 0.891 0 0 0 -1 75144 - subModel-070.ldr
1 14 268.142 -182.22 250.43 0 -0.454 -0.891 0 0.891 -0.454 1 0 0 75144 - subModel-072.ldr
1 14 196.862 -218.539 250.43 0 -0.454 0.891 0 0.891 0.454 -1 0 0 75144 - subModel-071.ldr
1 25 280.684 -184.808 320.43 0 -0.454 -0.891 0 0.891 -0.454 1 0 0 75144 - subModel-084.ldr
1 25 304.511 -134.556 330.43 -0.309 -0.951 0 -0.951 0.309 0 0 0 -1 3069b.dat
1 25 307.596 -125.044 350.43 -0.309 -0.951 0 -0.951 0.309 0 0 0 -1 63864.dat
1 15 310.688 -115.533 300.43 -0.309 -0.951 0 -0.951 0.309 0 0 0 -1 3068b.dat
1 15 301.418 -144.065 310.43 -0.309 -0.951 0 -0.951 0.309 0 0 0 -1 3070b.dat
1 15 304.513 -134.558 260.43 -0.309 -0.951 0 -0.951 0.309 0 0 0 -1 87079.dat
1 15 236.134 -207.508 250.43 -0.891 -0.454 0 -0.454 0.891 0 0 0 -1 6636.dat
1 72 149.647 -125.875 300.43 -0.891 -0.454 0 -0.454 0.891 0 0 0 -1 11203.dat
1 72 149.647 -125.875 240.43 -0.891 -0.454 0 -0.454 0.891 0 0 0 -1 11203.dat
1 72 149.647 -125.875 180.43 -0.891 -0.454 0 -0.454 0.891 0 0 0 -1 11203.dat
1 47 149.647 -125.875 40.4295 -0.891 -0.454 0 -0.454 0.891 0 0 0 -1 2654.dat
1 47 149.647 -125.875 0.429504 -0.891 -0.454 0 -0.454 0.891 0 0 0 -1 2654.dat
1 72 201.243 -170.033 -179.599 -0.036 -0.454 0.89 -0.011 0.891 0.454 -0.999 0.007 -0.037 75144 - subModel-074.ldr
1 72 185.956 -152.267 -329.578 0.89 -0.454 0.033 0.454 0.891 0.017 -0.037 0 0.999 32530.dat
1 15 185.297 -152.603 -349.563 0.89 -0.454 0.033 0.454 0.891 0.017 -0.037 0 0.999 3069b.dat
1 72 190.933 -174.422 -481.43 0.033 0.454 0.89 0.017 -0.891 0.454 0.999 0 -0.037 75144 - subModel-075.ldr
1 71 -120.059 -205.678 300.43 0 -0.326 -0.945 0 0.945 -0.326 1 0 0 3031.dat
1 15 -89.0885 -203.467 300.43 0 -0.326 -0.945 0 0.945 -0.326 1 0 0 6636.dat
1 72 -101.15 -199.161 350.43 -0.945 -0.326 0 -0.326 0.945 0 0 0 -1 3023.dat
1 25 -136.361 -219.757 340.43 -0.945 -0.326 0 -0.326 0.945 0 0 0 -1 87079.dat
1 15 -136.361 -219.757 280.43 0.945 -0.326 0 0.326 0.945 0 0 0 1 6179.dat
1 71 120.06 -205.677 300.43 -0.945 0.326 0 0.326 0.945 0 0 0 -1 3031.dat
1 15 89.0905 -203.47 300.43 0 0.326 0.945 0 0.945 -0.326 -1 0 0 6636.dat
1 72 101.15 -199.163 350.43 0.945 0.326 0 -0.326 0.945 0 0 0 1 3023.dat
1 25 136.363 -219.755 340.43 0.945 0.326 0 -0.326 0.945 0 0 0 1 87079.dat
1 15 136.363 -219.755 280.43 0.945 0.326 0 -0.326 0.945 0 0 0 1 6179.dat
1 72 -19.9995 -111 392.43 0 1 0 -1 0 0 0 0 1 3795.dat
1 72 -11.9995 -161 392.43 0 1 0 0 0 1 1 0 0 44301.dat
1 72 -11.9995 -141 392.43 0 1 0 0 0 1 1 0 0 44301.dat
1 72 -11.9995 -81 392.43 0 1 0 0 0 1 1 0 0 44301.dat
1 72 -11.9995 -61 392.43 0 1 0 0 0 1 1 0 0 44301.dat
1 72 -11.9995 -111 392.43 0 1 0 1 0 0 0 0 -1 3176.dat
1 80 -11.9995 -111 422.43 0 -1 0 1 0 0 0 0 1 6141.dat
1 72 -27.9995 -71 412.43 0 1 0 1 0 0 0 0 -1 75144 - subModel-085.ldr
1 72 -27.9995 -151 412.43 0 1 0 1 0 0 0 0 -1 6179.dat
1 72 -35.9995 -141 392.43 0 1 0 0 0 1 1 0 0 44301.dat
1 72 -35.9995 -91 392.43 0 1 0 1 0 0 0 0 -1 3020.dat
1 72 -43.9995 -131 392.43 0 1 0 1 0 0 0 0 -1 3022.dat
1 0 -43.9995 -91 402.43 0 1 0 1 0 0 0 0 -1 50949.dat
1 80 -43.9995 -61 392.43 0 1 0 0 0 -1 -1 0 0 32028.dat
1 57 -43.9995 -91 382.43 0 1 0 -1 0 0 0 0 1 3023.dat
1 72 -51.9995 -71 412.43 0 1 0 1 0 0 0 0 -1 6179.dat
1 72 -51.9995 -151 412.43 0 1 0 1 0 0 0 0 -1 6179.dat
1 72 -59.9995 -71 392.43 0 1 0 1 0 0 0 0 -1 3022.dat
1 72 -59.9995 -141 392.43 0 1 0 0 0 1 1 0 0 44301.dat
1 0 -59.9995 -111 382.43 0 1 0 -1 0 0 0 0 1 93274.dat
1 72 -59.9995 -111 402.43 0 1 0 -1 0 0 0 0 1 75144 - subModel-086.ldr
1 80 -67.9995 -61 392.43 0 1 0 0 0 -1 -1 0 0 32028.dat
1 0 -67.9995 -91 402.43 0 1 0 1 0 0 0 0 -1 50949.dat
1 0 -67.9995 -91 382.43 0 1 0 -1 0 0 0 0 1 99207.dat
1 0 -67.9995 -131 382.43 0 1 0 -1 0 0 0 0 1 99207.dat
1 72 -75.9995 -71 412.43 0 1 0 1 0 0 0 0 -1 6179.dat
1 72 -75.9995 -151 412.43 0 1 0 1 0 0 0 0 -1 6179.dat
1 72 -83.9995 -91 392.43 0 1 0 1 0 0 0 0 -1 3020.dat
1 80 -91.9995 -61 392.43 0 1 0 0 0 -1 -1 0 0 32028.dat
1 80 -91.9995 -121 392.43 0 1 0 0 0 1 1 0 0 32028.dat
1 57 -91.9995 -91 382.43 0 1 0 1 0 0 0 0 -1 3023.dat
1 80 -91.9995 -81 402.43 0 1 0 1 0 0 0 0 -1 6141.dat
1 80 -91.9995 -101 402.43 0 1 0 1 0 0 0 0 -1 6141.dat
1 72 -99.9995 -111 412.43 0 1 0 1 0 0 0 0 -1 6179.dat
1 72 -99.9995 -51 412.43 0 1 0 0 0 1 1 0 0 3020.dat
1 72 -108 -81 392.43 0 1 0 -1 0 0 0 0 1 75144 - subModel-087.ldr
1 72 -124 -91 412.43 0 1 0 1 0 0 0 0 -1 6179.dat
1 80 -29.9995 -131 360.43 0 0 1 1 0 0 0 1 0 2412b.dat
1 80 -49.9995 -131 360.43 0 0 1 1 0 0 0 1 0 2412b.dat
1 80 -89.9995 -91 360.43 0 0 1 1 0 0 0 1 0 2412b.dat
1 80 -69.9995 -91 360.43 0 0 1 1 0 0 0 1 0 2412b.dat
1 0 -39.9995 -91 360.43 0 0 1 1 0 0 0 1 0 2460.dat
1 0 -79.9995 -131 360.43 0 0 1 1 0 0 0 1 0 2460.dat
1 72 4.00049 -71 412.43 0 -1 0 -1 0 0 0 0 -1 6179.dat
1 72 4.00049 -151 412.43 0 -1 0 -1 0 0 0 0 -1 6179.dat
1 72 12.0005 -111 392.43 0 -1 0 -1 0 0 0 0 -1 3176.dat
1 72 12.0005 -81 392.43 0 -1 0 0 0 -1 1 0 0 44301.dat
1 72 12.0005 -61 392.43 0 -1 0 0 0 -1 1 0 0 44301.dat
1 72 12.0005 -141 392.43 0 -1 0 0 0 -1 1 0 0 44301.dat
1 72 12.0005 -161 392.43 0 -1 0 0 0 -1 1 0 0 44301.dat
1 72 20.0005 -111 392.43 0 -1 0 -1 0 0 0 0 -1 3795.dat
1 80 12.0005 -111 422.43 0 1 0 -1 0 0 0 0 1 6141.dat
1 72 28.0005 -151 412.43 0 -1 0 -1 0 0 0 0 -1 6179.dat
1 72 28.0005 -71 412.43 0 -1 0 -1 0 0 0 0 -1 75144 - subModel-085.ldr
1 72 36.0005 -91 392.43 0 -1 0 -1 0 0 0 0 -1 3020.dat
1 72 36.0005 -141 392.43 0 -1 0 0 0 -1 1 0 0 44301.dat
1 72 44.0005 -131 392.43 0 -1 0 0 0 -1 1 0 0 3022.dat
1 0 44.0005 -91 402.43 0 -1 0 -1 0 0 0 0 -1 50949.dat
1 57 44.0005 -91 382.43 0 -1 0 -1 0 0 0 0 -1 3023.dat
1 80 44.0005 -61 392.43 0 -1 0 0 0 -1 1 0 0 32028.dat
1 72 52.0005 -151 412.43 0 -1 0 -1 0 0 0 0 -1 6179.dat
1 72 52.0005 -71 412.43 0 -1 0 -1 0 0 0 0 -1 6179.dat
1 72 60.0005 -141 392.43 0 -1 0 0 0 -1 1 0 0 44301.dat
1 0 60.0005 -111 382.43 0 -1 0 1 0 0 0 0 1 93274.dat
1 72 60.0005 -71 392.43 0 -1 0 1 0 0 0 0 1 3022.dat
1 72 60.0005 -111 402.43 0 -1 0 -1 0 0 0 0 -1 75144 - subModel-086.ldr
1 0 68.0005 -91 402.43 0 -1 0 -1 0 0 0 0 -1 50949.dat
1 80 68.0005 -61 392.43 0 -1 0 0 0 -1 1 0 0 32028.dat
1 0 68.0005 -91 382.43 0 -1 0 1 0 0 0 0 1 99207.dat
1 0 68.0005 -131 382.43 0 -1 0 1 0 0 0 0 1 99207.dat
1 72 76.0005 -151 412.43 0 -1 0 -1 0 0 0 0 -1 6179.dat
1 72 76.0005 -71 412.43 0 -1 0 -1 0 0 0 0 -1 6179.dat
1 72 84.0005 -91 392.43 0 -1 0 1 0 0 0 0 1 3020.dat
1 80 92.0005 -61 392.43 0 -1 0 0 0 -1 1 0 0 32028.dat
1 80 92.0005 -121 392.43 0 -1 0 0 0 1 -1 0 0 32028.dat
1 57 92.0005 -91 382.43 0 -1 0 -1 0 0 0 0 -1 3023.dat
1 80 92.0005 -101 402.43 0 -1 0 -1 0 0 0 0 -1 6141.dat
1 80 92.0005 -81 402.43 0 -1 0 -1 0 0 0 0 -1 6141.dat
1 72 100 -111 412.43 0 -1 0 -1 0 0 0 0 -1 6179.dat
1 72 100 -51 412.43 0 -1 0 0 0 -1 1 0 0 3020.dat
1 72 108 -81 392.43 0 -1 0 -1 0 0 0 0 -1 75144 - subModel-087.ldr
1 72 124 -91 412.43 0 -1 0 -1 0 0 0 0 -1 6179.dat
1 80 90.0005 -91 360.43 0 0 -1 -1 0 0 0 1 0 2412b.dat
1 80 70.0005 -91 360.43 0 0 -1 -1 0 0 0 1 0 2412b.dat
1 80 50.0005 -131 360.43 0 0 -1 -1 0 0 0 1 0 2412b.dat
1 80 30.0005 -131 360.43 0 0 -1 -1 0 0 0 1 0 2412b.dat
1 0 40.0005 -91 360.43 0 0 -1 -1 0 0 0 1 0 2460.dat
1 0 80.0005 -131 360.43 0 0 -1 -1 0 0 0 1 0 2460.dat
1 0 0.000488281 -245 330.43 1 0 0 0 -1 0 0 0 -1 4595.dat
1 0 18.0005 -255 340.43 0 -1 0 0 0 -1 1 0 0 11253.dat
1 0 -17.9995 -255 340.43 0 1 0 0 0 1 1 0 0 11253.dat
1 0 -17.9995 -255 320.43 0 1 0 0 0 -1 -1 0 0 4085c.dat
1 0 18.0005 -255 320.43 0 -1 0 0 0 -1 1 0 0 4085c.dat
1 0 0.000488281 -253 300.43 -1 0 0 0 -1 0 0 0 1 75144 - subModel-088.ldr
1 0 0.000488281 -235 360.43 -1 0 0 0 -1 0 0 0 1 75144 - subModel-089.ldr
1 0 0.000488281 -261 330.43 0 0 1 0 -1 0 1 0 0 3938.dat
1 0 0.000488281 -255 410.43 0 0 1 0 -1 0 1 0 0 75144 - subModel-090.ldr
1 0 0.000488281 -235 320.43 0 0 -1 0 1 0 1 0 0 4697b.dat
1 15 -69.9995 -189 80.4295 0 0 1 0 1 0 -1 0 0 4510.dat
1 72 -49.9995 -189 140.43 0 0 -1 0 1 0 1 0 0 3023.dat
1 15 -49.9995 -261 150.43 0 0 1 0 1 0 -1 0 0 4460b.dat
1 47 -49.9995 -261 40.4295 0 0 1 0 1 0 -1 0 0 24607.dat
1 15 -69.9995 -189 -79.5705 0 0 1 0 1 0 -1 0 0 4510.dat
1 72 -49.9995 -189 -59.5705 0 0 -1 0 1 0 1 0 0 3023.dat
1 15 -49.9995 -261 -69.5705 0 0 1 0 1 0 -1 0 0 4460b.dat
1 15 0.000488281 -197 -139.57 1 0 0 0 1 0 0 0 1 75144 - subModel-091.ldr
1 15 70.0005 -189 80.4295 0 0 -1 0 1 0 1 0 0 4510.dat
1 72 50.0005 -189 140.43 0 0 -1 0 1 0 1 0 0 3023.dat
1 15 50.0005 -261 150.43 0 0 -1 0 1 0 1 0 0 4460b.dat
1 47 50.0005 -261 40.4295 0 0 -1 0 1 0 1 0 0 24607.dat
1 15 70.0005 -189 -79.5705 0 0 -1 0 1 0 1 0 0 4510.dat
1 72 50.0005 -189 -39.5705 0 0 -1 0 1 0 1 0 0 3023.dat
1 15 50.0005 -261 -69.5705 0 0 -1 0 1 0 1 0 0 4460b.dat
1 15 -49.9995 -269 -39.5705 0 0 -1 0 1 0 1 0 0 6636.dat
1 15 50.0005 -269 -39.5705 0 0 -1 0 1 0 1 0 0 6636.dat
1 71 0.000488281 -253 120.43 0 0 -1 0 1 0 1 0 0 3031.dat
1 71 0.000488281 -261 80.4295 0 0 -1 0 1 0 1 0 0 3032.dat
1 71 -19.9995 -261 150.43 -1 0 0 0 1 0 0 0 -1 44567.dat
1 71 20.0005 -261 150.43 -1 0 0 0 1 0 0 0 -1 44567.dat
1 72 0.000488281 -253 30.4295 -1 0 0 0 1 0 0 0 -1 3023.dat
1 15 0.000488281 -269 50.4295 -1 0 0 0 1 0 0 0 -1 6636.dat
1 15 0.000488281 -269 70.4295 -1 0 0 0 1 0 0 0 -1 6636.dat
1 15 0.000488281 -269 120.43 1 0 0 0 1 0 0 0 1 6180.dat
1 15 0.000488281 -259 8.4295 -1 0 0 0 0 1 0 1 0 75144 - subModel-092.ldr
1 15 -39.9995 -269 30.4295 -1 0 0 0 1 0 0 0 -1 3069b.dat
1 15 40.0005 -269 30.4295 -1 0 0 0 1 0 0 0 -1 3069b.dat
0 NOFILE
0 FILE 75144 - submodel-001.ldr
0 75144 - submodel-001
0 Name: 75144 - submodel-001.ldr
0 Author: Roland Dahl [RolandD]
0 !LDRAW_ORG Unofficial_Model
0 !LICENSE Redistributable under CCAL version 2.0 : see CAreadme.txt
1 72 0 0 0 1 0 0 0 1 0 0 0 1 3894.dat
1 1 -20 10 0 0 0 -1 0 1 0 1 0 0 6558.dat
1 1 20 10 0 0 0 -1 0 1 0 1 0 0 6558.dat
1 4 0 0 20 -1 0 0 0 1 0 0 0 -1 3701.dat
1 0 0 0 -90 0 0 1 0 1 0 -1 0 0 32532.dat
1 1 50 10 -130 -1 0 0 0 1 0 0 0 -1 6558.dat
1 1 -50 10 -130 1 0 0 0 -1 0 0 0 -1 6558.dat
1 0 60 10 -50 1 0 0 0 -1 0 0 0 -1 2780.dat
1 0 -60 10 -50 1 0 0 0 -1 0 0 0 -1 2780.dat
1 14 70 0 -70 0 0 1 0 1 0 -1 0 0 3702.dat
1 14 -70 0 -70 0 0 1 0 1 0 -1 0 0 3702.dat
1 15 -30 0 -130 0 0 1 0 1 0 -1 0 0 3700.dat
1 15 30 0 -130 0 0 1 0 1 0 -1 0 0 3700.dat
0 NOFILE
0 FILE 75144 - submodel-002.ldr
0 75144 - submodel-002
0 Name: 75144 - submodel-002.ldr
0 Author: Roland Dahl [RolandD]
0 !LDRAW_ORG Unofficial_Model
0 !LICENSE Redistributable under CCAL version 2.0 : see CAreadme.txt
1 71 0 0 0 0 0 -1 0 1 0 1 0 0 87087.dat
1 72 10 10 0 0 -1 0 0 0 -1 1 0 0 54200.dat
0 NOFILE
0 FILE 75144 - submodel-003.ldr
0 75144 - submodel-003
0 Name: 75144 - submodel-003.ldr
0 Author: Roland Dahl [RolandD]
0 !LDRAW_ORG Unofficial_Model
0 !LICENSE Redistributable under CCAL version 2.0 : see CAreadme.txt
1 0 0 0 10 1 0 0 0 1 0 0 0 1 92411.dat
1 80 0 30 -12 1 0 0 0 0 -1 0 1 0 2412a.dat
1 80 0 10 -12 1 0 0 0 0 -1 0 1 0 2412a.dat
0 NOFILE
0 FILE 75144 - submodel-004.ldr
0 75144 - submodel-004
0 Name: 75144 - submodel-004.ldr
0 Author: Roland Dahl [RolandD]
0 !LDRAW_ORG Unofficial_Model
0 !LICENSE Redistributable under CCAL version 2.0 : see CAreadme.txt
1 72 0 0 0 1 0 0 0 1 0 0 0 1 4085c.dat
1 72 0 -24 0 1 0 0 0 1 0 0 0 1 4070.dat
1 0 0 -14 -8 1 0 0 0 0 -1 0 1 0 60849.dat
1 72 0 16 -20 1 0 0 0 -1 0 0 0 -1 44676.dat
0 NOFILE
0 FILE 75144 - submodel-005.ldr
0 75144 - submodel-005
0 Name: 75144 - submodel-005.ldr
0 Author: Roland Dahl [RolandD]
0 !LDRAW_ORG Unofficial_Model
0 !LICENSE Redistributable under CCAL version 2.0 : see CAreadme.txt
1 57 0 0 0 1 0 0 0 1 0 0 0 1 3023.dat
1 72 0 -8 0 1 0 0 0 1 0 0 0 1 3023.dat
1 71 0 -16 0 1 0 0 0 1 0 0 0 1 60471.dat
1 72 0 -24 0 1 0 0 0 1 0 0 0 1 3023.dat
0 NOFILE
0 FILE 75144 - submodel-006.ldr
0 75144 - submodel-006
0 Name: 75144 - submodel-006.ldr
0 Author: Roland Dahl [RolandD]
0 !LDRAW_ORG Unofficial_Model
0 !LICENSE Redistributable under CCAL version 2.0 : see CAreadme.txt
1 72 0 0 0 1 0 0 0 1 0 0 0 1 75144 - 15672.dat
1 0 0 -8 10 1 0 0 0 1 0 0 0 1 85861.dat
0 NOFILE
0 FILE 75144 - 14704.dat
0 75144 - 14704
0 Name: 75144 - 14704.dat
0 Author: Roland Dahl [RolandD]
0 !LDRAW_ORG Unofficial_Part
0 !LICENSE Redistributable under CCAL version 2.0 : see CAreadme.txt
0 BFC CERTIFY CCW
1 16 0 4 0 1 0 0 0 -1 0 0 0 1 stud3.dat
1 16 0 8 0 16 0 0 0 -4 0 0 0 6 box4-4a.dat
4 16 -20 8 10 -16 8 6 -16 8 -6 -20 8 -10
4 16 20 8 -10 16 8 -6 16 8 6 20 8 10
4 16 20 8 10 16 8 6 -16 8 6 -20 8 10
1 16 3.25 8 -8 -1.75 0 0 0 -4 0 0 0 -1 box4-4a.dat
1 16 -3.25 8 -8 -1.75 0 0 0 -4 0 0 0 -1 box4-4a.dat
1 16 6 4 -7 -1 0 0 0 -4 0 0 0 1 1-4ndis.dat
1 16 -6 4 -7 0 0 1 0 -4 0 1 0 0 1-4ndis.dat
1 16 0 4 -7 1.5 0 0 0 -4 0 0 0 1 2-4ndis.dat
4 16 5 4 -7 1.5 4 -7 1.5 4 -6 5 4 -6
4 16 -1.5 4 -7 -5 4 -7 -5 4 -6 -1.5 4 -6
1 16 -6 8 -7 1 0 0 0 -4 0 0 0 1 1-4cylo.dat
1 16 6 8 -7 0 0 -1 0 -4 0 1 0 0 1-4cylo.dat
1 16 -6 8 -7 1 0 0 0 -1 0 0 0 1 1-4chrd.dat
1 16 6 8 -7 0 0 -1 0 -1 0 1 0 0 1-4chrd.dat
1 16 0 8 -7 1.5 0 0 0 -4 0 0 0 1 2-4cylo.dat
1 16 0 8 -7 1.5 0 0 0 -1 0 0 0 1 2-4chrd.dat
1 16 -11 6 -6 0 0 -5 2 0 0 0 -2 0 rect3.dat
1 16 11 6 -6 0 0 5 -2 0 0 0 -2 0 rect3.dat
4 16 16 8 -6 20 8 -10 10 8 -10 6 8 -6
4 16 -6 8 -6 -10 8 -10 -20 8 -10 -16 8 -6
4 16 -6 8 -6 -5 8 -7 -5 8 -9 -10 8 -10
4 16 5 8 -7 6 8 -6 10 8 -10 5 8 -9
4 16 -1.5 8 -7 1.5 8 -7 1.5 8 -9 -1.5 8 -9
4 16 -5 8 -9 5 8 -9 10 8 -10 -10 8 -10
1 16 0 8 0 20 0 0 0 -8 0 0 0 10 box4-4a.dat
1 16 15 4 -10 0 0 5 4 0 0 0 2 0 rect3.dat
1 16 -15 4 -10 0 0 -5 -4 0 0 0 2 0 rect3.dat
1 16 0 0 0 1 0 0 0 1 0 0 0 1 stug2-1x2.dat
1 16 0 4 -20 1 0 0 0 1 0 0 0 1 75144 - joint-8-socket-frica.dat
0 NOFILE
0 FILE 75144 - submodel-007.ldr
0 75144 - submodel-007
0 Name: 75144 - submodel-007.ldr
0 Author: Roland Dahl [RolandD]
0 !LDRAW_ORG Unofficial_Model
0 !LICENSE Redistributable under CCAL version 2.0 : see CAreadme.txt
1 71 0 0 0 1 0 0 0 1 0 0 0 1 3938.dat
1 0 -10 -8 0 0 0 -1 0 1 0 1 0 0 3024.dat
1 71 10 -8 10 0 0 -1 0 1 0 1 0 0 2412a.dat
0 NOFILE
0 FILE 75144 - submodel-008.ldr
0 75144 - submodel-008
0 Name: 75144 - submodel-008.ldr
0 Author: Roland Dahl [RolandD]
0 !LDRAW_ORG Unofficial_Model
0 !LICENSE Redistributable under CCAL version 2.0 : see CAreadme.txt
1 71 0 0 0 1 0 0 0 1 0 0 0 1 3938.dat
1 0 10 -8 0 0 0 -1 0 1 0 1 0 0 3024.dat
1 71 -10 -8 10 0 0 -1 0 1 0 1 0 0 2412a.dat
0 NOFILE
0 FILE 75144 - submodel-009.ldr
0 75144 - submodel-009
0 Name: 75144 - submodel-009.ldr
0 Author: Roland Dahl [RolandD]
0 !LDRAW_ORG Unofficial_Model
0 !LICENSE Redistributable under CCAL version 2.0 : see CAreadme.txt
1 71 0 0 0 1 0 0 0 1 0 0 0 1 11215.dat
1 72 0 16 -20 1 0 0 0 1 0 0 0 1 15573.dat
1 71 0 32 -50 1 0 0 0 1 0 0 0 1 15068.dat
0 NOFILE
0 FILE 75144 - submodel-010.ldr
0 75144 - submodel-010
0 Name: 75144 - submodel-010.ldr
0 Author: Roland Dahl [RolandD]
0 !LDRAW_ORG Unofficial_Model
0 !LICENSE Redistributable under CCAL version 2.0 : see CAreadme.txt
1 71 0 0 0 1 0 0 0 1 0 0 0 1 41765.dat
1 80 10 -8 40 0 0 -1 0 1 0 1 0 0 2412a.dat
0 NOFILE
0 FILE 75144 - submodel-011.ldr
0 75144 - submodel-011
0 Name: 75144 - submodel-011.ldr
0 Author: Roland Dahl [RolandD]
0 !LDRAW_ORG Unofficial_Model
0 !LICENSE Redistributable under CCAL version 2.0 : see CAreadme.txt
1 71 0 0 0 1 0 0 0 1 0 0 0 1 41764.dat
1 80 -10 -8 40 0 0 -1 0 1 0 1 0 0 2412a.dat
0 NOFILE
0 FILE 75144 - submodel-012.ldr
0 75144 - submodel-012
0 Name: 75144 - submodel-012.ldr
0 Author: Roland Dahl [RolandD]
0 !LDRAW_ORG Unofficial_Model
0 !LICENSE Redistributable under CCAL version 2.0 : see CAreadme.txt
1 71 -10 0 0 0 0 -1 0 1 0 1 0 0 47905.dat
1 57 -10 -8 0 0 0 -1 0 1 0 1 0 0 30039.dat
1 72 4 10 0 0 -1 0 -1 0 0 0 0 -1 30162.dat
1 72 -24 10 0 0 1 0 1 0 0 0 0 -1 30162.dat
0 NOFILE
0 FILE 75144 - submodel-013.ldr
0 75144 - submodel-013
0 Name: 75144 - submodel-013.ldr
0 Author: Roland Dahl [RolandD]
0 !LDRAW_ORG Unofficial_Model
0 !LICENSE Redistributable under CCAL version 2.0 : see CAreadme.txt
1 71 0 0 0 0 0 -1 0 1 0 1 0 0 3020.dat
1 28 10 -8 20 0 0 -1 0 1 0 1 0 0 3023.dat
1 28 -10 -8 20 0 0 -1 0 1 0 1 0 0 3023.dat
1 72 0 -8 -10 -1 0 0 0 1 0 0 0 -1 15573.dat
1 71 0 8 -40 1 0 0 0 1 0 0 0 1 15068.dat
0 NOFILE
0 FILE 75144 - submodel-014.ldr
0 75144 - submodel-014
0 Name: 75144 - submodel-014.ldr
0 Author: Roland Dahl [RolandD]
0 !LDRAW_ORG Unofficial_Model
0 !LICENSE Redistributable under CCAL version 2.0 : see CAreadme.txt
1 0 0 0 0 1 0 0 0 1 0 0 0 1 87087.dat
1 72 0 10 -10 1 0 0 0 0 -1 0 1 0 54200.dat
0 NOFILE
0 FILE 75144 - submodel-015.ldr
0 75144 - submodel-015
0 Name: 75144 - submodel-015.ldr
0 Author: Roland Dahl [RolandD]
0 !LDRAW_ORG Unofficial_Model
0 !LICENSE Redistributable under CCAL version 2.0 : see CAreadme.txt
1 272 0 0 0 1 0 0 0 1 0 0 0 1 92593.dat
1 80 -30 -8 0 1 0 0 0 1 0 0 0 1 6141.dat
1 80 30 -8 0 1 0 0 0 1 0 0 0 1 6141.dat
1 80 -30 -16 0 1 0 0 0 1 0 0 0 1 6141.dat
1 80 30 -16 0 1 0 0 0 1 0 0 0 1 6141.dat
0 NOFILE
0 FILE 75144 - submodel-016.ldr
0 75144 - submodel-016
0 Name: 75144 - submodel-016.ldr
0 Author: Roland Dahl [RolandD]
0 !LDRAW_ORG Unofficial_Model
0 !LICENSE Redistributable under CCAL version 2.0 : see CAreadme.txt
1 0 0 0 0 1 0 0 0 1 0 0 0 1 32531.dat
1 0 60 10 -20 1 0 0 0 1 0 0 0 1 2780.dat
1 0 -60 10 -20 1 0 0 0 1 0 0 0 1 2780.dat
1 0 -20 10 -50 0 0 -1 0 -1 0 -1 0 0 18651.dat
1 72 -20 10 -50 1 0 0 0 -1 0 0 0 -1 10928.dat
0 NOFILE
0 FILE 75144 - submodel-017.ldr
0 75144 - submodel-017
0 Name: 75144 - submodel-017.ldr
0 Author: Roland Dahl [RolandD]
0 !LDRAW_ORG Unofficial_Model
0 !LICENSE Redistributable under CCAL version 2.0 : see CAreadme.txt
1 0 0 0 0 1 0 0 0 1 0 0 0 1 3024.dat
1 72 0 -24 0 1 0 0 0 1 0 0 0 1 3665a.dat
0 NOFILE
0 FILE 75144 - 62885.dat
0 75144 - 62885
0 Name: 75144 - 62885.dat
0 Author: Roland Dahl [RolandD]
0 !LDRAW_ORG Unofficial_Part
0 !LICENSE Redistributable under CCAL version 2.0 : see CAreadme.txt
0 BFC CERTIFY CCW
1 16 0 -26.209 -21.245 0 0 1 -0.292372 0.956305 0 -0.956305 -0.292372 0 s\75144 - 62885s01.dat
1 16 0 -26.209 -21.245 0 0 -1 -0.292372 0.956305 0 -0.956305 -0.292372 0 s\75144 - 62885s01.dat
1 16 0 -28.987 -30.33 0 0 4 3.82522 2.77753 0 -1.16949 9.0849 0 4-4cylc.dat
4 16 4 -11.031 9.27484 4 -20.8616 -22.8799 4 -16.9391 -24.0791 4 -6.88255 8.81424
4 16 -4 -6.88255 8.81424 -4 -16.9391 -24.0791 -4 -20.8616 -22.8799 -4 -11.031 9.27484
4 16 -4 -20.8616 -22.8799 -4 -16.9391 -24.0791 4 -16.9391 -24.0791 4 -20.8616 -22.8799
2 24 4 -11.031 9.27484 4 -20.8616 -22.8799
2 24 -4 -20.8616 -22.8799 -4 -11.031 9.27484
2 24 -4 -16.9391 -24.0791 -4 -20.8616 -22.8799
2 24 4 -20.8616 -22.8799 4 -16.9391 -24.0791
2 24 -4 -11.031 9.27484 -4 -6.88255 8.81424
2 24 4 -6.88255 8.81424 4 -11.031 9.27484
4 16 -4 -6.88255 8.81424 -4 -11.031 9.27484 4 -11.031 9.27484 4 -6.88255 8.81424
1 16 0 -11.911 -7.632 0 0 -4 -5.02824 -0.956305 0 -16.4466 0.292372 0 rect.dat
2 24 0 -4.59439 -3.99966 1.5 -4.51804 -3.70135
2 24 -1.5 -4.51804 -3.70135 0 -4.59439 -3.99966
1 16 0 -8.354 0 0 0 4 0 -1.2229 0 4 0 0 2-4cyls.dat
1 16 0 -8.354 0 0 0 -4 0 -1.2229 0 4 0 0 2-4cyls.dat
1 16 0 6 0 0 0 4 0 -14.3543 0 -4 0 0 4-4edge.dat
1 16 0 6 0 0 0 4 0 -14.3543 0 -4 0 0 4-4disc.dat
1 16 0 6 0 0 0 4 0 -14.3544 0 -4 0 0 4-4cyli.dat
1 16 0 -9.577 0.001 0 0 4 -1.22292 1 0 -3.99999 0 0 4-4edge.dat
2 24 1.5 -12.469 -9.45993 1.5 -10.7084 -3.70135
2 24 1.5 -5.37791 -7.06042 1.5 -4.51726 -3.69845
2 24 1.5 -4.51726 -3.69845 1.5 -10.7084 -3.70135
2 24 -1.5 -12.469 -9.45993 -1.5 -10.7084 -3.70135
2 24 -1.5 -4.51726 -3.69845 -1.5 -10.7084 -3.70135
2 24 1.5 -12.469 -9.45993 -1.5 -12.469 -9.45993
2 24 -1.5 -9.8666 -11.0531 -1.5 -10.354 -10.8256
2 24 1.5 -9.8666 -11.0531 1.5 -10.354 -10.8256
2 24 -1.5 -5.37791 -7.06042 -1.5 -4.51726 -3.69845
2 24 -1.5 -10.354 -10.8256 -1.5 -12.469 -9.45993
2 24 1.5 -10.354 -10.8256 1.5 -12.469 -9.45993
5 24 -1.5 -10.354 -10.8256 1.5 -10.354 -10.8256 1.5 -12.469 -9.45993 -1.5 -9.8666 -11.0531
4 16 1.5 -10.354 -10.8256 1.5 -8.36655 -6.1467 1.5 -10.7084 -3.70135 1.5 -12.469 -9.45993
3 16 1.5 -9.8666 -11.0531 1.5 -8.36655 -6.1467 1.5 -10.354 -10.8256
4 16 1.5 -5.37791 -7.06042 1.5 -4.51726 -3.69845 1.5 -10.7084 -3.70135 1.5 -8.36655 -6.1467
4 16 -1.5 -12.469 -9.45993 -1.5 -10.7084 -3.70135 -1.5 -8.36655 -6.1467 -1.5 -10.354 -10.8256
3 16 -1.5 -10.354 -10.8256 -1.5 -8.36655 -6.1467 -1.5 -9.8666 -11.0531
4 16 -1.5 -8.36655 -6.1467 -1.5 -10.7084 -3.70135 -1.5 -4.51726 -3.69845 -1.5 -5.37791 -7.06042
1 16 -1.5 -8.366 -6.146 0 1 0 -1.50004 0 2.98864 -4.90642 0 -0.91372 1-4disc.dat
1 16 -1.5 -8.366 -6.146 0 1 0 -1.50004 0 2.98864 -4.90642 0 -0.91372 1-4edge.dat
1 16 1.5 -8.366 -6.146 0 -1 0 -1.50004 0 2.98864 -4.90642 0 -0.91372 1-4disc.dat
1 16 1.5 -8.366 -6.146 0 -1 0 -1.50004 0 2.98864 -4.90642 0 -0.91372 1-4edge.dat
1 16 -1.5 -8.366 -6.146 0 3 0 -1.50004 0 2.98864 -4.90642 0 -0.91372 1-4cyli.dat
4 16 1.5 -12.469 -9.45993 -1.5 -12.469 -9.45993 -1.5 -10.354 -10.8256 1.5 -10.354 -10.8256
4 16 1.5 -10.354 -10.8256 -1.5 -10.354 -10.8256 -1.5 -9.8666 -11.0531 1.5 -9.8666 -11.0531
4 16 1.5 -5.37791 -7.06042 -1.5 -5.37791 -7.06042 -1.5 -4.51726 -3.69845 1.5 -4.51726 -3.69845
2 24 1.5 -14.1593 9.62216 -1.5 -14.1593 9.62216
2 24 -1.5 -21.1931 10.4031 1.5 -21.1931 10.4031
2 24 -1.5 -14.1593 9.62216 -1.5 -21.1931 10.4031
2 24 1.5 -21.1931 10.4031 1.5 -14.1593 9.62216
2 24 -1.5 -20.8121 11.9085 -1.5 -21.1931 10.4031
2 24 -1.5 -20.7319 12.1575 -1.5 -20.8121 11.9085
2 24 -1.5 -14.1593 9.62216 -1.5 -17.3915 12.8827
2 24 1.5 -20.8121 11.9085 1.5 -20.7319 12.1575
2 24 1.5 -21.1931 10.4031 1.5 -20.8121 11.9085
2 24 1.5 -17.3915 12.8827 1.5 -14.1593 9.62216
1 16 1.5 -18.819 11.404 0 -1 0 1.42787 0 -1.4786 1.4786 0 1.42787 5-16disc.dat
1 16 1.5 -18.819 11.404 0 -1 0 1.42787 0 -1.4786 1.4786 0 1.42787 5-16edge.dat
1 16 -1.5 -18.819 11.404 0 1 0 1.42787 0 -1.4786 1.4786 0 1.42787 5-16disc.dat
1 16 -1.5 -18.819 11.404 0 1 0 1.42787 0 -1.4786 1.4786 0 1.42787 5-16edge.dat
1 16 1.5 -18.819 11.404 0 -3 0 1.42787 0 -1.4786 1.4786 0 1.42787 5-16cyli.dat
4 16 1.5 -17.3915 12.8827 1.5 -14.1593 9.62216 -1.5 -14.1593 9.62216 -1.5 -17.3915 12.8827
4 16 -1.5 -20.8121 11.9085 1.5 -20.8121 11.9085 1.5 -20.7319 12.1575 -1.5 -20.7319 12.1575
4 16 -1.5 -21.1931 10.4031 1.5 -21.1931 10.4031 1.5 -20.8121 11.9085 -1.5 -20.8121 11.9085
4 16 -1.5 -18.8194 11.4041 -1.5 -21.1931 10.4031 -1.5 -20.8121 11.9085 -1.5 -20.7319 12.1575
3 16 -1.5 -21.1931 10.4031 -1.5 -18.8194 11.4041 -1.5 -14.1593 9.62216
3 16 -1.5 -18.8194 11.4041 -1.5 -17.3915 12.8827 -1.5 -14.1593 9.62216
4 16 1.5 -20.7319 12.1575 1.5 -20.8121 11.9085 1.5 -21.1931 10.4031 1.5 -18.8194 11.4041
3 16 1.5 -14.1593 9.62216 1.5 -18.8194 11.4041 1.5 -21.1931 10.4031
3 16 1.5 -14.1593 9.62216 1.5 -17.3915 12.8827 1.5 -18.8194 11.4041
5 24 -1.5 -20.8121 11.9085 1.5 -20.8121 11.9085 1.5 -20.7319 12.1575 -1.5 -21.1931 10.4031
0 NOFILE
0 FILE 75144 - submodel-018.ldr
0 75144 - submodel-018
0 Name: 75144 - submodel-018.ldr
0 Author: Roland Dahl [RolandD]
0 !LDRAW_ORG Unofficial_Model
0 !LICENSE Redistributable under CCAL version 2.0 : see CAreadme.txt
1 72 0 0 0 0 0 -1 0 1 0 1 0 0 87087.dat
1 0 18 10 0 0 -1 0 1 0 0 0 0 1 3024.dat
1 80 26 10 0 0 -1 0 1 0 0 0 0 1 6141.dat
1 320 34 10 0 0 -1 0 1 0 0 0 0 1 98138.dat
0 NOFILE
0 FILE 75144 - submodel-019.ldr
0 75144 - submodel-019
0 Name: 75144 - submodel-019.ldr
0 Author: Roland Dahl [RolandD]
0 !LDRAW_ORG Unofficial_Model
0 !LICENSE Redistributable under CCAL version 2.0 : see CAreadme.txt
1 0 0 0 0 0 0 -1 0 1 0 1 0 0 3040b.dat
0 NOFILE
0 FILE 75144 - submodel-020.ldr
0 75144 - submodel-020
0 Name: 75144 - submodel-020.ldr
0 Author: Roland Dahl [RolandD]
0 !LDRAW_ORG Unofficial_Model
0 !LICENSE Redistributable under CCAL version 2.0 : see CAreadme.txt
1 0 0 0 0 0 0 -1 0 1 0 1 0 0 3040b.dat
0 NOFILE
0 FILE 75144 - submodel-021.ldr
0 75144 - submodel-021
0 Name: 75144 - submodel-021.ldr
0 Author: Roland Dahl [RolandD]
0 !LDRAW_ORG Unofficial_Model
0 !LICENSE Redistributable under CCAL version 2.0 : see CAreadme.txt
1 0 0 0 0 1 0 0 0 1 0 0 0 1 2436b.dat
1 80 20 10 -22 1 0 0 0 0 -1 0 1 0 2412b.dat
1 80 -20 10 -22 1 0 0 0 0 -1 0 1 0 2412b.dat
0 NOFILE
0 FILE 75144 - submodel-022.ldr
0 75144 - submodel-022
0 Name: 75144 - submodel-022.ldr
0 Author: Roland Dahl [RolandD]
0 !LDRAW_ORG Unofficial_Model
0 !LICENSE Redistributable under CCAL version 2.0 : see CAreadme.txt
1 71 0 0 0 1 0 0 0 1 0 0 0 1 41862.dat
1 72 0 -8 0 0 0 1 0 1 0 -1 0 0 48183.dat
1 71 0 -16 0 1 0 0 0 1 0 0 0 1 75144 - 92582.dat
1 71 10 -42 0 0 -1 0 0 0 1 -1 0 0 30554b.dat
0 NOFILE
0 FILE 75144 - submodel-023.ldr
0 75144 - submodel-023
0 Name: 75144 - submodel-023.ldr
0 Author: Roland Dahl [RolandD]
0 !LDRAW_ORG Unofficial_Model
0 !LICENSE Redistributable under CCAL version 2.0 : see CAreadme.txt
1 72 0 0 0 1 0 0 0 1 0 0 0 1 63864.dat
0 NOFILE
0 FILE 75144 - submodel-024.ldr
0 75144 - submodel-024
0 Name: 75144 - submodel-024.ldr
0 Author: Roland Dahl [RolandD]
0 !LDRAW_ORG Unofficial_Model
0 !LICENSE Redistributable under CCAL version 2.0 : see CAreadme.txt
1 72 0 0 -10 1 0 0 0 1 0 0 0 1 2431.dat
0 NOFILE
0 FILE 75144 - submodel-025.ldr
0 75144 - submodel-025
0 Name: 75144 - submodel-025.ldr
0 Author: Roland Dahl [RolandD]
0 !LDRAW_ORG Unofficial_Model
0 !LICENSE Redistributable under CCAL version 2.0 : see CAreadme.txt
1 72 0 0 0 1 0 0 0 1 0 0 0 1 2431.dat
0 NOFILE
0 FILE 75144 - submodel-026.ldr
0 75144 - submodel-026
0 Name: 75144 - submodel-026.ldr
0 Author: Roland Dahl [RolandD]
0 !LDRAW_ORG Unofficial_Model
0 !LICENSE Redistributable under CCAL version 2.0 : see CAreadme.txt
1 72 0 0 0 1 0 0 0 1 0 0 0 1 63864.dat
0 NOFILE
0 FILE 75144 - submodel-027.ldr
0 75144 - submodel-027
0 Name: 75144 - submodel-027.ldr
0 Author: Roland Dahl [RolandD]
0 !LDRAW_ORG Unofficial_Model
0 !LICENSE Redistributable under CCAL version 2.0 : see CAreadme.txt
1 28 0 0 0 0 -1 0 1 0 0 0 0 1 6587.dat
1 14 0 23 0 1 0 0 0 0 1 0 -1 0 32123a.dat
1 19 0 11 0 1 0 0 0 0 1 0 -1 0 6589.dat
1 71 0 2 20 0 0 -1 0 1 0 1 0 0 32001.dat
0 NOFILE
0 FILE 75144 - submodel-028.ldr
0 75144 - submodel-028
0 Name: 75144 - submodel-028.ldr
0 Author: Roland Dahl [RolandD]
0 !LDRAW_ORG Unofficial_Model
0 !LICENSE Redistributable under CCAL version 2.0 : see CAreadme.txt
1 0 0 0 0 1 0 0 0 -1 0 0 0 -1 87079.dat
1 0 0 0 -40 1 0 0 0 -1 0 0 0 -1 87079.dat
1 72 0 -8 -30 0 0 1 0 -1 0 1 0 0 3021.dat
1 72 -30 -8 -40 0 0 -1 0 -1 0 -1 0 0 60478.dat
1 72 30 -8 -40 0 0 -1 0 -1 0 -1 0 0 60478.dat
1 80 30 -8 -10 0 0 -1 0 -1 0 -1 0 0 6141.dat
1 80 -30 -8 -10 0 0 -1 0 -1 0 -1 0 0 6141.dat
1 71 0 39.988 -59.995 -1 0 0 0 0 1 0 1 0 75144 - subModel-029.ldr
0 NOFILE
0 FILE 75144 - submodel-030.ldr
0 75144 - submodel-030
0 Name: 75144 - submodel-030.ldr
0 Author: Roland Dahl [RolandD]
0 !LDRAW_ORG Unofficial_Model
0 !LICENSE Redistributable under CCAL version 2.0 : see CAreadme.txt
1 72 0 0 0 1 0 0 0 1 0 0 0 1 3710.dat
1 72 0 -8 0 1 0 0 0 1 0 0 0 1 3710.dat
1 28 0 -32 0 1 0 0 0 1 0 0 0 1 30136.dat
1 15 30 -32 0 0 0 -1 0 1 0 1 0 0 87087.dat
1 15 -30 -32 0 0 0 1 0 1 0 -1 0 0 87087.dat
1 72 0 -40 0 1 0 0 0 1 0 0 0 1 3710.dat
1 72 0 -48 0 1 0 0 0 1 0 0 0 1 3710.dat
1 15 -30 -72 0 0 0 1 0 1 0 -1 0 0 87087.dat
1 28 0 -72 0 1 0 0 0 1 0 0 0 1 30136.dat
1 15 30 -72 0 0 0 -1 0 1 0 1 0 0 87087.dat
1 72 -20 -80 0 1 0 0 0 1 0 0 0 1 15573.dat
1 72 20 -80 0 1 0 0 0 1 0 0 0 1 15573.dat
1 72 48 -20 0 0 -1 0 -1 0 0 0 0 -1 75144 - subModel-031.ldr
1 72 -48 -20 0 0 1 0 -1 0 0 0 0 1 75144 - subModel-031.ldr
0 NOFILE
0 FILE 75144 - submodel-032.ldr
0 75144 - submodel-032
0 Name: 75144 - submodel-032.ldr
0 Author: Roland Dahl [RolandD]
0 !LDRAW_ORG Unofficial_Model
0 !LICENSE Redistributable under CCAL version 2.0 : see CAreadme.txt
1 72 0 16 0 1 0 0 0 1 0 0 0 1 11203.dat
1 80 -10 8 10 1 0 0 0 1 0 0 0 1 6141.dat
1 80 10 8 10 1 0 0 0 1 0 0 0 1 6141.dat
1 0 0 8 -10 1 0 0 0 1 0 0 0 1 11476.dat
1 0 0 0 0 0 0 1 0 1 0 -1 0 0 75144 - 92582.dat
1 0 0 10 -30 -1 0 0 0 -1 0 0 0 1 98397.dat
0 NOFILE
0 FILE 75144 - submodel-033.ldr
0 75144 - submodel-033
0 Name: 75144 - submodel-033.ldr
0 Author: Roland Dahl [RolandD]
0 !LDRAW_ORG Unofficial_Model
0 !LICENSE Redistributable under CCAL version 2.0 : see CAreadme.txt
1 71 0 0 0 1 0 0 0 1 0 0 0 1 99206.dat
1 15 0 6 -10 -1 0 0 0 0 1 0 1 0 85984.dat
0 NOFILE
0 FILE 75144 - submodel-034.ldr
0 75144 - submodel-034
0 Name: 75144 - submodel-034.ldr
0 Author: Roland Dahl [RolandD]
0 !LDRAW_ORG Unofficial_Model
0 !LICENSE Redistributable under CCAL version 2.0 : see CAreadme.txt
1 72 0 0 0 1 0 0 0 1 0 0 0 1 3024.dat
1 15 0 -24 0 1 0 0 0 1 0 0 0 1 87087.dat
1 72 0 -32 0 1 0 0 0 1 0 0 0 1 3024.dat
0 NOFILE
0 FILE 75144 - submodel-035.ldr
0 75144 - submodel-035
0 Name: 75144 - submodel-035.ldr
0 Author: Roland Dahl [RolandD]
0 !LDRAW_ORG Unofficial_Model
0 !LICENSE Redistributable under CCAL version 2.0 : see CAreadme.txt
1 15 0 0 0 1 0 0 0 1 0 0 0 1 92950.dat
1 72 50 -8 0 1 0 0 0 1 0 0 0 1 3024.dat
1 72 -50 -8 0 1 0 0 0 1 0 0 0 1 3024.dat
0 NOFILE
0 FILE 75144 - submodel-036.ldr
0 75144 - submodel-036
0 Name: 75144 - submodel-036.ldr
0 Author: Roland Dahl [RolandD]
0 !LDRAW_ORG Unofficial_Model
0 !LICENSE Redistributable under CCAL version 2.0 : see CAreadme.txt
1 15 0 0 0 1 0 0 0 1 0 0 0 1 3937.dat
1 15 0 0.437 -2.924 1 0 0 0 0.956 -0.292 0 0.292 0.956 3938.dat
1 47 0 -45.466 -16.958 1 0 0 0 0.956 -0.292 0 0.292 0.956 87552.dat
1 15 0 -53.116 -19.297 1 0 0 0 0.956 -0.292 0 0.292 0.956 32028.dat
0 NOFILE
0 FILE 75144 - submodel-037.ldr
0 75144 - submodel-037
0 Name: 75144 - submodel-037.ldr
0 Author: Roland Dahl [RolandD]
0 !LDRAW_ORG Unofficial_Model
0 !LICENSE Redistributable under CCAL version 2.0 : see CAreadme.txt
1 25 0 0 0 0 0 1 0 -1 0 1 0 0 3021.dat
1 72 0 -8 30 0 0 1 0 -1 0 1 0 0 11203.dat
1 25 0 0 50 -1 0 0 0 -1 0 0 0 1 3795.dat
1 71 0 -8 0 -1 0 0 0 -1 0 0 0 1 3666.dat
1 14 40 -8 30 0 0 1 0 -1 0 1 0 0 10247.dat
1 14 -40 -8 30 0 0 1 0 -1 0 1 0 0 10247.dat
1 72 -40 -16 10 0 0 1 0 -1 0 1 0 0 11203.dat
1 72 40 -16 10 0 0 1 0 -1 0 1 0 0 11203.dat
1 25 -40 0 0 -1 0 0 0 -1 0 0 0 1 43723.dat
1 25 40 0 0 -1 0 0 0 -1 0 0 0 1 43722.dat
1 0 40 -18 50 0 0 -1 0 -1 0 -1 0 0 6628.dat
1 0 -40 -18 50 0 0 -1 0 -1 0 -1 0 0 6628.dat
0 NOFILE
0 FILE 75144 - 15456.dat
0 75144 - 15456
0 Name: 75144 - 15456.dat
0 Author: Roland Dahl [RolandD]
0 !LDRAW_ORG Unofficial_Part
0 !LICENSE Redistributable under CCAL version 2.0 : see CAreadme.txt
0 BFC CERTIFY CCW
1 16 0 4 0 1 0 0 0 -1 0 0 0 1 stud4a.dat
1 16 0 4 0 8 0 0 0 1 0 0 0 8 4-4edge.dat
4 16 -20 8 20 -16 8 16 -16 8 -16 -20 8 -20
4 16 20 8 20 16 8 16 -16 8 16 -20 8 20
4 16 20 8 -20 16 8 -16 16 8 16 20 8 20
4 16 -20 8 -20 -16 8 -16 16 8 -16 20 8 -20
1 16 0 8 0 16 0 0 0 -4 0 0 0 16 box4.dat
1 16 0 4 0 8 0 0 0 -1 0 0 0 8 4-4ndis.dat
4 16 -16 4 16 -8 4 8 -8 4 -8 -16 4 -16
4 16 16 4 16 8 4 8 -8 4 8 -16 4 16
4 16 16 4 -16 8 4 -8 8 4 8 16 4 16
4 16 -16 4 -16 -8 4 -8 8 4 -8 16 4 -16
1 16 0 8 0 20 0 0 0 -8 0 0 0 20 box4.dat
1 16 0 4 0 6 0 0 0 -4 0 0 0 6 4-4cyli.dat
1 16 0 0 0 6 0 0 0 1 0 0 0 6 4-4edge.dat
1 16 0 0 0 6 0 0 0 1 0 0 0 6 4-4ndis.dat
4 16 -20 0 -20 -6 0 -6 -6 0 6 -20 0 20
4 16 -20 0 20 -6 0 6 6 0 6 20 0 20
4 16 20 0 20 6 0 6 6 0 -6 20 0 -20
4 16 20 0 -20 6 0 -6 -6 0 -6 -20 0 -20
1 16 0 4 -20 3.8 0 0 0 0 3.8 0 1 0 4-4edge.dat
1 16 0 4 -20.3 -0.2 0 0 0 0 -0.2 0 0.3 0 4-4con19.dat
1 16 0 4 -20.3 4 0 0 0 0 -4 0 -11.4 0 4-4cylo.dat
1 16 0 4 -31.7 0.2 0 0 0 0 -0.2 0 -0.3 0 4-4con19.dat
1 16 0 4 -32 3.8 0 0 0 0 3.8 0 1 0 4-4edge.dat
1 16 0 4 -40 5 0 0 0 0 5 0 -5 0 75144 - 4-4cyl19sph40.dat
1 16 0 4 -40 8 0 0 0 8 0 0 0 8 8-8sphe.dat
1 16 0 0 0 0 0 1 0 1 0 -1 0 0 stug-2x2.dat
0 NOFILE
0 FILE 75144 - submodel-038.ldr
0 75144 - submodel-038
0 Name: 75144 - submodel-038.ldr
0 Author: Roland Dahl [RolandD]
0 !LDRAW_ORG Unofficial_Model
0 !LICENSE Redistributable under CCAL version 2.0 : see CAreadme.txt
1 15 0 0 0 -1 0 0 0 1 0 0 0 -1 2419.dat
1 15 20 -8 -10 -1 0 0 0 1 0 0 0 -1 87079.dat
1 15 20 -8 50 -1 0 0 0 1 0 0 0 -1 30503.dat
1 15 50 0 50 0 0 1 0 1 0 -1 0 0 2419.dat
1 15 70 -8 30 0 0 1 0 1 0 -1 0 0 6636.dat
1 71 70 8 30 0 0 -1 0 1 0 1 0 0 75144 - 14704.dat
1 15 20 8 30 -1 0 0 0 1 0 0 0 -1 30503.dat
1 72 60 16 30 0 0 -1 0 1 0 1 0 0 11203.dat
1 80 10 16 0 1 0 0 0 1 0 0 0 1 93555.dat
1 80 -10 16 0 1 0 0 0 1 0 0 0 1 93555.dat
1 80 30 16 0 1 0 0 0 1 0 0 0 1 93555.dat
0 NOFILE
0 FILE 75144 - submodel-039.ldr
0 75144 - submodel-039
0 Name: 75144 - submodel-039.ldr
0 Author: Roland Dahl [RolandD]
0 !LDRAW_ORG Unofficial_Model
0 !LICENSE Redistributable under CCAL version 2.0 : see CAreadme.txt
1 15 0 0 0 0 0 1 0 1 0 -1 0 0 2419.dat
1 15 10 -8 -20 0 0 1 0 1 0 -1 0 0 87079.dat
1 15 -50 -8 -20 -1 0 0 0 1 0 0 0 -1 30503.dat
1 15 -50 0 -50 -1 0 0 0 1 0 0 0 -1 2419.dat
1 15 -30 -8 -70 -1 0 0 0 1 0 0 0 -1 6636.dat
1 15 -30 8 -20 -1 0 0 0 1 0 0 0 -1 30503.dat
1 71 -30 8 -70 1 0 0 0 1 0 0 0 1 75144 - 14704.dat
1 72 -30 16 -60 1 0 0 0 1 0 0 0 1 11203.dat
1 80 0 16 10 0 0 -1 0 1 0 1 0 0 93555.dat
1 80 0 16 -10 0 0 -1 0 1 0 1 0 0 93555.dat
1 80 0 16 -30 0 0 -1 0 1 0 1 0 0 93555.dat
0 NOFILE
0 FILE 75144 - submodel-040.ldr
0 75144 - submodel-040
0 Name: 75144 - submodel-040.ldr
0 Author: Roland Dahl [RolandD]
0 !LDRAW_ORG Unofficial_Model
0 !LICENSE Redistributable under CCAL version 2.0 : see CAreadme.txt
1 0 0 0 0 1 0 0 0 1 0 0 0 1 62462.dat
1 0 -20 0 0 1 0 0 0 1 0 0 0 1 2780.dat
1 0 20 0 0 1 0 0 0 1 0 0 0 1 2780.dat
0 NOFILE
0 FILE 75144 - submodel-041.ldr
0 75144 - submodel-041
0 Name: 75144 - submodel-041.ldr
0 Author: Roland Dahl [RolandD]
0 !LDRAW_ORG Unofficial_Model
0 !LICENSE Redistributable under CCAL version 2.0 : see CAreadme.txt
1 0 0 0 0 0 1 0 0 0 1 1 0 0 32348.dat
1 0 10 40 0 -1 0 0 0 0 1 0 1 0 2780.dat
1 0 10 72 16 -1 0 0 0 0 1 0 1 0 2780.dat
1 0 20 0 0 0 1 0 0 0 1 1 0 0 32348.dat
1 1 30 0 0 -1 0 0 0 0 1 0 1 0 43093.dat
1 1 30 96 48 -1 0 0 0 0.6 0.8 0 0.8 -0.6 43093.dat
1 1 -10 96 48 1 0 0 0 0.8 0.6 0 -0.6 0.8 43093.dat
1 1 -10 0 0 1 0 0 0 1 0 0 0 1 43093.dat
1 0 -20 -9.008 -17.856 0 1 0 -0.893 0 0.45 0.45 0 0.893 32523.dat
1 0 40 -9.008 -17.856 0 1 0 -0.893 0 0.45 0.45 0 0.893 32523.dat
1 0 40 -18.017 -35.713 -1 0 0 0 -0.893 0.45 0 0.45 0.893 32054.dat
1 0 -20 -18.017 -35.713 1 0 0 0 0.893 0.45 0 -0.45 0.893 32054.dat
0 NOFILE
0 FILE 75144 - submodel-042.ldr
0 75144 - submodel-042
0 Name: 75144 - submodel-042.ldr
0 Author: Roland Dahl [RolandD]
0 !LDRAW_ORG Unofficial_Model
0 !LICENSE Redistributable under CCAL version 2.0 : see CAreadme.txt
1 0 0 0 0 1 0 0 0 1 0 0 0 1 3701.dat
1 0 -20 10 -10 0 0 -1 0 1 0 1 0 0 2780.dat
1 1 20 10 -20 0 0 -1 0 -1 0 -1 0 0 6558.dat
1 0 0 0 -20 1 0 0 0 1 0 0 0 1 3701.dat
1 0 0 -8 -10 1 0 0 0 1 0 0 0 1 3020.dat
1 0 -20 -16 -10 1 0 0 0 1 0 0 0 1 3068b.dat
0 NOFILE
0 FILE 75144 - submodel-043.ldr
0 75144 - submodel-043
0 Name: 75144 - submodel-043.ldr
0 Author: Roland Dahl [RolandD]
0 !LDRAW_ORG Unofficial_Model
0 !LICENSE Redistributable under CCAL version 2.0 : see CAreadme.txt
1 0 0 0 0 1 0 0 0 1 0 0 0 1 3832.dat
1 0 -50 -8 0 0 0 -1 0 1 0 1 0 0 3069b.dat
1 0 -70 -8 0 0 0 -1 0 1 0 1 0 0 15573.dat
1 0 -90 -8 0 0 0 -1 0 1 0 1 0 0 15573.dat
0 NOFILE
0 FILE 75144 - will scotian.ldr
0 75144 - will scotian
0 Name: 75144 - will scotian.ldr
0 Author: Roland Dahl [RolandD]
0 !LDRAW_ORG Unofficial_Model
0 !LICENSE Redistributable under CCAL version 2.0 : see CAreadme.txt
1 25 0 -32 -30 0 0 -1 0 1 0 1 0 0 973ps1.dat
1 15 0 -56 -30 0 0 -1 0 1 0 1 0 0 30370ps2.dat
1 78 0 -56 -30 0 0 -1 0 1 0 1 0 0 3626bp68.dat
1 25 0 -23 -14.448 -0.12 0.697 -0.707 -0.12 0.697 0.707 0.985 0.17 0 3819.dat
1 25 0 -23 -45.552 0 0 -1 0.17 0.985 0 0.985 -0.17 0 3818.dat
1 15 9.884 -5.24 -53.688 0 -0.707 -0.707 0.17 0.697 -0.697 0.985 -0.12 0.12 3820.dat
1 15 19.547 -17.431 -6.312 -0.118 0.022 -0.993 0.122 0.993 0.007 0.985 -0.12 -0.12 3820.dat
1 25 0 0 -30 0 0 -1 0 1 0 1 0 0 3815c01.dat
1 0 29.923 -20.725 -4.66 -0.118 -0.227 -0.967 0.122 0.963 -0.242 0.985 -0.146 -0.086 75144 - 92738.dat
0 NOFILE
0 FILE 75144 - zev senesca.ldr
0 75144 - zev senesca
0 Name: 75144 - zev senesca.ldr
0 Author: Roland Dahl [RolandD]
0 !LDRAW_ORG Unofficial_Model
0 !LICENSE Redistributable under CCAL version 2.0 : see CAreadme.txt
1 25 0 -32 -30 0 0 -1 0 1 0 1 0 0 973ps1.dat
1 148 0 -56 -30 0 0 -1 0 1 0 1 0 0 30370.dat
1 78 0 -56 -30 0 0 -1 0 1 0 1 0 0 3626bp68.dat
1 25 0 -23 -14.448 -0.12 0.697 -0.707 -0.12 0.697 0.707 0.985 0.17 0 3819.dat
1 25 0 -23 -45.552 0 0 -1 0.17 0.985 0 0.985 -0.17 0 3818.dat
1 15 9.884 -5.24 -53.688 0 -0.707 -0.707 0.17 0.697 -0.697 0.985 -0.12 0.12 3820.dat
1 15 19.547 -17.431 -6.312 -0.119 0.022 -0.993 0.122 0.992 0.007 0.985 -0.12 -0.12 3820.dat
1 25 0 0 -30 0 0 -1 0 1 0 1 0 0 3815c01.dat
1 15 35.266 -17.347 -4.436 -0.966 0.119 0.228 -0.241 -0.121 -0.962 -0.086 -0.984 0.146 30304.dat
0 NOFILE
0 FILE 75144 - submodel-044.ldr
0 75144 - submodel-044
0 Name: 75144 - submodel-044.ldr
0 Author: Roland Dahl [RolandD]
0 !LDRAW_ORG Unofficial_Model
0 !LICENSE Redistributable under CCAL version 2.0 : see CAreadme.txt
1 4 0 0 0 1 0 0 0 1 0 0 0 1 18677.dat
1 0 10 10 -10 0 0.276 -0.961 0 0.961 0.276 1 0 0 6628.dat
0 NOFILE
0 FILE 75144 - submodel-045.ldr
0 75144 - submodel-045
0 Name: 75144 - submodel-045.ldr
0 Author: Roland Dahl [RolandD]
0 !LDRAW_ORG Unofficial_Model
0 !LICENSE Redistributable under CCAL version 2.0 : see CAreadme.txt
1 15 0 0 0 1 0 0 0 1 0 0 0 1 60479.dat
1 25 -100 -8 -10 0 0 -1 0 1 0 1 0 0 87079.dat
1 25 -60 -8 -10 0 0 -1 0 1 0 1 0 0 87079.dat
1 71 20 -8 -10 -1 0 0 0 1 0 0 0 -1 6180.dat
0 NOFILE
0 FILE 75144 - submodel-046.ldr
0 75144 - submodel-046
0 Name: 75144 - submodel-046.ldr
0 Author: Roland Dahl [RolandD]
0 !LDRAW_ORG Unofficial_Model
0 !LICENSE Redistributable under CCAL version 2.0 : see CAreadme.txt
1 71 0 0 0 0 0 1 0 1 0 -1 0 0 54383.dat
1 72 20 -8 -50 0 0 1 0 1 0 -1 0 0 30503.dat
1 72 -40 -8 -50 1 0 0 0 1 0 0 0 1 41770.dat
0 NOFILE
0 FILE 75144 - submodel-047.ldr
0 75144 - submodel-047
0 Name: 75144 - submodel-047.ldr
0 Author: Roland Dahl [RolandD]
0 !LDRAW_ORG Unofficial_Model
0 !LICENSE Redistributable under CCAL version 2.0 : see CAreadme.txt
1 72 0 0 0 1 0 0 0 1 0 0 0 1 4085c.dat
1 72 0 -24 0 1 0 0 0 1 0 0 0 1 4070.dat
1 0 0 -14 -8 1 0 0 0 0 -1 0 1 0 60849.dat
1 72 0 16 -20 1 0 0 0 -1 0 0 0 -1 44676.dat
0 NOFILE
0 FILE 75144 - rubberbandround-1.ldr
0 75144 - rubberbandround-1
0 Name: 75144 - rubberbandround-1.ldr
0 Author: Roland Dahl [RolandD]
0 !LDRAW_ORG Unofficial_Part
0 !LICENSE Redistributable under CCAL version 2.0 : see CAreadme.txt
0 BFC CERTIFY CCW
4 16 -5.459467 6.448328 -3.425661 -6.251979 11.293988 -5.135313 -4.972577 11.401085 -5.968863 -4.131599 6.33642 -4.178914
4 16 -5.891401 7.018008 -2.072131 -6.564107 11.18467 -3.640732 -6.251979 11.293988 -5.135313 -5.459467 6.448328 -3.425661
5 24 -5.174381 7.711749 -0.911203 -6.564107 11.18467 -3.640732 -5.726122 11.137167 -2.360626 -5.891401 7.018008 -2.072131
3 16 -6.564107 11.18467 -3.640732 -5.891401 7.018008 -2.072131 -5.174381 7.711749 -0.911203
3 16 -5.174381 7.711749 -0.911203 -5.726122 11.137167 -2.360626 -6.564107 11.18467 -3.640732
5 24 -3.728426 8.123165 -0.622935 -5.726122 11.137167 -2.360626 -4.228902 11.179307 -2.044865 -5.174381 7.711749 -0.911203
3 16 -5.726122 11.137167 -2.360626 -5.174381 7.711749 -0.911203 -3.728426 8.123165 -0.622935
3 16 -3.728426 8.123165 -0.622935 -4.228902 11.179307 -2.044865 -5.726122 11.137167 -2.360626
4 16 -2.400558 8.011257 -1.376188 -2.9495 11.286404 -2.878415 -4.228902 11.179307 -2.044865 -3.728426 8.123165 -0.622935
4 16 -1.968625 7.441576 -2.729718 -2.637372 11.395721 -4.372996 -2.9495 11.286404 -2.878415 -2.400558 8.011257 -1.376188
5 24 -2.685645 6.747836 -3.890646 -2.637372 11.395721 -4.372996 -3.475358 11.443225 -5.653102 -1.968625 7.441576 -2.729718
3 16 -2.637372 11.395721 -4.372996 -1.968625 7.441576 -2.729718 -2.685645 6.747836 -3.890646
3 16 -2.685645 6.747836 -3.890646 -3.475358 11.443225 -5.653102 -2.637372 11.395721 -4.372996
5 24 -4.131599 6.33642 -4.178914 -3.475358 11.443225 -5.653102 -4.972577 11.401085 -5.968863 -2.685645 6.747836 -3.890646
3 16 -3.475358 11.443225 -5.653102 -2.685645 6.747836 -3.890646 -4.131599 6.33642 -4.178914
3 16 -4.131599 6.33642 -4.178914 -4.972577 11.401085 -5.968863 -3.475358 11.443225 -5.653102
5 24 -4.131599 6.33642 -4.178914 -4.972577 11.401085 -5.968863 -2.685645 6.747836 -3.890646 -5.459467 6.448328 -3.425661
5 24 -5.459467 6.448328 -3.425661 -6.251979 11.293988 -5.135313 -4.131599 6.33642 -4.178914 -5.891401 7.018008 -2.072131
5 24 -5.891401 7.018008 -2.072131 -6.564107 11.18467 -3.640732 -5.459467 6.448328 -3.425661 -5.174381 7.711749 -0.911203
5 24 -5.174381 7.711749 -0.911203 -5.726122 11.137167 -2.360626 -5.891401 7.018008 -2.072131 -3.728426 8.123165 -0.622935
5 24 -3.728426 8.123165 -0.622935 -4.228902 11.179307 -2.044865 -5.174381 7.711749 -0.911203 -2.400558 8.011257 -1.376188
5 24 -2.400558 8.011257 -1.376188 -2.9495 11.286404 -2.878415 -3.728426 8.123165 -0.622935 -1.968625 7.441576 -2.729718
5 24 -1.968625 7.441576 -2.729718 -2.637372 11.395721 -4.372996 -2.400558 8.011257 -1.376188 -2.685645 6.747836 -3.890646
5 24 -2.685645 6.747836 -3.890646 -3.475358 11.443225 -5.653102 -1.968625 7.441576 -2.729718 -4.131599 6.33642 -4.178914
5 24 -4.131599 6.33642 -4.178914 -5.459467 6.448328 -3.425661 -3.696365 4.58309 -3.183405 -4.972577 11.401085 -5.968863
5 24 -5.459467 6.448328 -3.425661 -5.891401 7.018008 -2.072131 -5.049995 4.687593 -2.476361 -6.251979 11.293988 -5.135313
5 24 -5.891401 7.018008 -2.072131 -5.174381 7.711749 -0.911203 -5.539133 5.295155 -1.159258 -6.564107 11.18467 -3.640732
5 24 -5.174381 7.711749 -0.911203 -3.728426 8.123165 -0.622935 -4.877251 6.049876 -0.00364 -5.726122 11.137167 -2.360626
5 24 -3.728426 8.123165 -0.622935 -2.400558 8.011257 -1.376188 -3.452068 6.509649 0.313549 -4.228902 11.179307 -2.044865
5 24 -2.400558 8.011257 -1.376188 -1.968625 7.441576 -2.729718 -2.098438 6.405147 -0.393495 -2.9495 11.286404 -2.878415
5 24 -1.968625 7.441576 -2.729718 -2.685645 6.747836 -3.890646 -1.6093 5.797585 -1.710597 -2.637372 11.395721 -4.372996
5 24 -2.685645 6.747836 -3.890646 -4.131599 6.33642 -4.178914 -2.271182 5.042864 -2.866216 -3.475358 11.443225 -5.653102
5 24 -4.972577 11.401085 -5.968863 -6.251979 11.293988 -5.135313 -4.131599 6.33642 -4.178914 -5.124405 12.320213 -6.332389
5 24 -6.251979 11.293988 -5.135313 -6.564107 11.18467 -3.640732 -5.459467 6.448328 -3.425661 -6.403808 12.213117 -5.498839
5 24 -6.564107 11.18467 -3.640732 -5.726122 11.137167 -2.360626 -5.891401 7.018008 -2.072131 -6.715935 12.103798 -4.004258
5 24 -5.726122 11.137167 -2.360626 -4.228902 11.179307 -2.044865 -5.174381 7.711749 -0.911203 -5.87795 12.056295 -2.724152
5 24 -4.228902 11.179307 -2.044865 -2.9495 11.286404 -2.878415 -3.728426 8.123165 -0.622935 -4.380731 12.098435 -2.408391
5 24 -2.9495 11.286404 -2.878415 -2.637372 11.395721 -4.372996 -2.400558 8.011257 -1.376188 -3.101328 12.205532 -3.241942
5 24 -2.637372 11.395721 -4.372996 -3.475358 11.443225 -5.653102 -1.968625 7.441576 -2.729718 -2.789201 12.31485 -4.736523
5 24 -3.475358 11.443225 -5.653102 -4.972577 11.401085 -5.968863 -2.685645 6.747836 -3.890646 -3.627186 12.362352 -6.016628
5 24 -4.638084 2.927738 -1.522468 -4.131599 6.33642 -4.178914 -5.459467 6.448328 -3.425661 -3.260375 2.833017 -2.18284
3 16 -4.131599 6.33642 -4.178914 -3.260375 2.833017 -2.18284 -4.638084 2.927738 -1.522468
3 16 -4.638084 2.927738 -1.522468 -5.459467 6.448328 -3.425661 -4.131599 6.33642 -4.178914
5 24 -5.184173 3.570292 -0.244947 -5.459467 6.448328 -3.425661 -5.891401 7.018008 -2.072131 -4.638084 2.927738 -1.522468
3 16 -5.459467 6.448328 -3.425661 -4.638084 2.927738 -1.522468 -5.184173 3.570292 -0.244947
3 16 -5.184173 3.570292 -0.244947 -5.891401 7.018008 -2.072131 -5.459467 6.448328 -3.425661
5 24 -4.578751 4.38428 0.901366 -5.891401 7.018008 -2.072131 -5.174381 7.711749 -0.911203 -5.184173 3.570292 -0.244947
3 16 -5.891401 7.018008 -2.072131 -5.184173 3.570292 -0.244947 -4.578751 4.38428 0.901366
3 16 -4.578751 4.38428 0.901366 -5.174381 7.711749 -0.911203 -5.891401 7.018008 -2.072131
5 24 -3.176464 4.892878 1.244978 -5.174381 7.711749 -0.911203 -3.728426 8.123165 -0.622935 -4.578751 4.38428 0.901366
3 16 -5.174381 7.711749 -0.911203 -4.578751 4.38428 0.901366 -3.176464 4.892878 1.244978
3 16 -3.176464 4.892878 1.244978 -3.728426 8.123165 -0.622935 -5.174381 7.711749 -0.911203
5 24 -1.798755 4.798156 0.584605 -3.728426 8.123165 -0.622935 -2.400558 8.011257 -1.376188 -3.176464 4.892878 1.244978
3 16 -3.728426 8.123165 -0.622935 -3.176464 4.892878 1.244978 -1.798755 4.798156 0.584605
3 16 -1.798755 4.798156 0.584605 -2.400558 8.011257 -1.376188 -3.728426 8.123165 -0.622935
5 24 -1.252667 4.155602 -0.692915 -2.400558 8.011257 -1.376188 -1.968625 7.441576 -2.729718 -1.798755 4.798156 0.584605
3 16 -2.400558 8.011257 -1.376188 -1.798755 4.798156 0.584605 -1.252667 4.155602 -0.692915
3 16 -1.252667 4.155602 -0.692915 -1.968625 7.441576 -2.729718 -2.400558 8.011257 -1.376188
5 24 -1.858089 3.341614 -1.839229 -1.968625 7.441576 -2.729718 -2.685645 6.747836 -3.890646 -1.252667 4.155602 -0.692915
3 16 -1.968625 7.441576 -2.729718 -1.252667 4.155602 -0.692915 -1.858089 3.341614 -1.839229
3 16 -1.858089 3.341614 -1.839229 -2.685645 6.747836 -3.890646 -1.968625 7.441576 -2.729718
5 24 -3.260375 2.833017 -2.18284 -2.685645 6.747836 -3.890646 -4.131599 6.33642 -4.178914 -1.858089 3.341614 -1.839229
3 16 -2.685645 6.747836 -3.890646 -1.858089 3.341614 -1.839229 -3.260375 2.833017 -2.18284
3 16 -3.260375 2.833017 -2.18284 -4.131599 6.33642 -4.178914 -2.685645 6.747836 -3.890646
5 24 -3.260375 2.833017 -2.18284 -4.131599 6.33642 -4.178914 -1.858089 3.341614 -1.839229 -4.638084 2.927738 -1.522468
5 24 -4.638084 2.927738 -1.522468 -5.459467 6.448328 -3.425661 -3.260375 2.833017 -2.18284 -5.184173 3.570292 -0.244947
5 24 -5.184173 3.570292 -0.244947 -5.891401 7.018008 -2.072131 -4.638084 2.927738 -1.522468 -4.578751 4.38428 0.901366
5 24 -4.578751 4.38428 0.901366 -5.174381 7.711749 -0.911203 -5.184173 3.570292 -0.244947 -3.176464 4.892878 1.244978
5 24 -3.176464 4.892878 1.244978 -3.728426 8.123165 -0.622935 -4.578751 4.38428 0.901366 -1.798755 4.798156 0.584605
5 24 -1.798755 4.798156 0.584605 -2.400558 8.011257 -1.376188 -3.176464 4.892878 1.244978 -1.252667 4.155602 -0.692915
5 24 -1.252667 4.155602 -0.692915 -1.968625 7.441576 -2.729718 -1.798755 4.798156 0.584605 -1.858089 3.341614 -1.839229
5 24 -1.858089 3.341614 -1.839229 -2.685645 6.747836 -3.890646 -1.252667 4.155602 -0.692915 -3.260375 2.833017 -2.18284
5 24 -3.260375 2.833017 -2.18284 -4.638084 2.927738 -1.522468 -2.815426 1.171617 -1.156378 -4.131599 6.33642 -4.178914
5 24 -4.638084 2.927738 -1.522468 -5.184173 3.570292 -0.244947 -4.215909 1.23958 -0.542233 -5.459467 6.448328 -3.425661
5 24 -5.184173 3.570292 -0.244947 -4.578751 4.38428 0.901366 -4.817976 1.877983 0.712002 -5.891401 7.018008 -2.072131
5 24 -4.578751 4.38428 0.901366 -3.176464 4.892878 1.244978 -4.268944 2.712857 1.871612 -5.174381 7.711749 -0.911203
5 24 -3.176464 4.892878 1.244978 -1.798755 4.798156 0.584605 -2.890429 3.255145 2.257313 -3.728426 8.123165 -0.622935
5 24 -1.798755 4.798156 0.584605 -1.252667 4.155602 -0.692915 -1.489945 3.187182 1.643168 -2.400558 8.011257 -1.376188
5 24 -1.252667 4.155602 -0.692915 -1.858089 3.341614 -1.839229 -0.887879 2.548779 0.388933 -1.968625 7.441576 -2.729718
5 24 -1.858089 3.341614 -1.839229 -3.260375 2.833017 -2.18284 -1.43691 1.713905 -0.770677 -2.685645 6.747836 -3.890646
5 24 -3.791628 -0.447546 0.440162 -3.260375 2.833017 -2.18284 -4.638084 2.927738 -1.522468 -2.370508 -0.487944 -0.127229
3 16 -3.260375 2.833017 -2.18284 -2.370508 -0.487944 -0.127229 -3.791628 -0.447546 0.440162
3 16 -3.791628 -0.447546 0.440162 -4.638084 2.927738 -1.522468 -3.260375 2.833017 -2.18284
5 24 -4.448768 0.185293 1.669319 -4.638084 2.927738 -1.522468 -5.184173 3.570292 -0.244947 -3.791628 -0.447546 0.440162
3 16 -4.638084 2.927738 -1.522468 -3.791628 -0.447546 0.440162 -4.448768 0.185293 1.669319
3 16 -4.448768 0.185293 1.669319 -5.184173 3.570292 -0.244947 -4.638084 2.927738 -1.522468
5 24 -3.956987 1.039865 2.840218 -5.184173 3.570292 -0.244947 -4.578751 4.38428 0.901366 -4.448768 0.185293 1.669319
3 16 -5.184173 3.570292 -0.244947 -4.448768 0.185293 1.669319 -3.956987 1.039865 2.840218
3 16 -3.956987 1.039865 2.840218 -4.578751 4.38428 0.901366 -5.184173 3.570292 -0.244947
5 24 -2.604361 1.615573 3.266961 -4.578751 4.38428 0.901366 -3.176464 4.892878 1.244978 -3.956987 1.039865 2.840218
3 16 -4.578751 4.38428 0.901366 -3.956987 1.039865 2.840218 -2.604361 1.615573 3.266961
3 16 -2.604361 1.615573 3.266961 -3.176464 4.892878 1.244978 -4.578751 4.38428 0.901366
5 24 -1.183241 1.575176 2.69957 -3.176464 4.892878 1.244978 -1.798755 4.798156 0.584605 -2.604361 1.615573 3.266961
3 16 -3.176464 4.892878 1.244978 -2.604361 1.615573 3.266961 -1.183241 1.575176 2.69957
3 16 -1.183241 1.575176 2.69957 -1.798755 4.798156 0.584605 -3.176464 4.892878 1.244978
5 24 -0.526101 0.942336 1.470413 -1.798755 4.798156 0.584605 -1.252667 4.155602 -0.692915 -1.183241 1.575176 2.69957
3 16 -1.798755 4.798156 0.584605 -1.183241 1.575176 2.69957 -0.526101 0.942336 1.470413
3 16 -0.526101 0.942336 1.470413 -1.252667 4.155602 -0.692915 -1.798755 4.798156 0.584605
5 24 -1.017882 0.087764 0.299514 -1.252667 4.155602 -0.692915 -1.858089 3.341614 -1.839229 -0.526101 0.942336 1.470413
3 16 -1.252667 4.155602 -0.692915 -0.526101 0.942336 1.470413 -1.017882 0.087764 0.299514
3 16 -1.017882 0.087764 0.299514 -1.858089 3.341614 -1.839229 -1.252667 4.155602 -0.692915
5 24 -2.370508 -0.487944 -0.127229 -1.858089 3.341614 -1.839229 -3.260375 2.833017 -2.18284 -1.017882 0.087764 0.299514
3 16 -1.858089 3.341614 -1.839229 -1.017882 0.087764 0.299514 -2.370508 -0.487944 -0.127229
3 16 -2.370508 -0.487944 -0.127229 -3.260375 2.833017 -2.18284 -1.858089 3.341614 -1.839229
5 24 -2.370508 -0.487944 -0.127229 -3.260375 2.833017 -2.18284 -1.017882 0.087764 0.299514 -3.791628 -0.447546 0.440162
5 24 -3.791628 -0.447546 0.440162 -4.638084 2.927738 -1.522468 -2.370508 -0.487944 -0.127229 -4.448768 0.185293 1.669319
5 24 -4.448768 0.185293 1.669319 -5.184173 3.570292 -0.244947 -3.791628 -0.447546 0.440162 -3.956987 1.039865 2.840218
5 24 -3.956987 1.039865 2.840218 -4.578751 4.38428 0.901366 -4.448768 0.185293 1.669319 -2.604361 1.615573 3.266961
5 24 -2.604361 1.615573 3.266961 -3.176464 4.892878 1.244978 -3.956987 1.039865 2.840218 -1.183241 1.575176 2.69957
5 24 -1.183241 1.575176 2.69957 -1.798755 4.798156 0.584605 -2.604361 1.615573 3.266961 -0.526101 0.942336 1.470413
5 24 -0.526101 0.942336 1.470413 -1.252667 4.155602 -0.692915 -1.183241 1.575176 2.69957 -1.017882 0.087764 0.299514
5 24 -1.017882 0.087764 0.299514 -1.858089 3.341614 -1.839229 -0.526101 0.942336 1.470413 -2.370508 -0.487944 -0.127229
5 24 -2.370508 -0.487944 -0.127229 -3.791628 -0.447546 0.440162 -1.492332 -3.722493 2.000007 -3.260375 2.833017 -2.18284
5 24 -3.791628 -0.447546 0.440162 -4.448768 0.185293 1.669319 -2.944107 -3.738376 2.485026 -4.638084 2.927738 -1.522468
5 24 -4.448768 0.185293 1.669319 -3.956987 1.039865 2.840218 -3.694298 -3.135446 3.675335 -5.184173 3.570292 -0.244947
5 24 -3.956987 1.039865 2.840218 -2.604361 1.615573 3.266961 -3.303453 -2.266891 4.873667 -4.578751 4.38428 0.901366
5 24 -2.604361 1.615573 3.266961 -1.183241 1.575176 2.69957 -2.000524 -1.641499 5.378055 -3.176464 4.892878 1.244978
5 24 -1.183241 1.575176 2.69957 -0.526101 0.942336 1.470413 -0.548749 -1.625617 4.893037 -1.798755 4.798156 0.584605
5 24 -0.526101 0.942336 1.470413 -1.017882 0.087764 0.299514 0.201442 -2.228547 3.702728 -1.252667 4.155602 -0.692915
5 24 -1.017882 0.087764 0.299514 -2.370508 -0.487944 -0.127229 -0.189402 -3.097102 2.504395 -1.858089 3.341614 -1.839229
5 24 -2.090861 -7.024844 4.536059 -2.370508 -0.487944 -0.127229 -3.791628 -0.447546 0.440162 -0.615375 -6.951845 4.135112
3 16 -2.370508 -0.487944 -0.127229 -0.615375 -6.951845 4.135112 -2.090861 -7.024844 4.536059
3 16 -2.090861 -7.024844 4.536059 -3.791628 -0.447546 0.440162 -2.370508 -0.487944 -0.127229
5 24 -2.930511 -6.455214 5.682207 -3.791628 -0.447546 0.440162 -4.448768 0.185293 1.669319 -2.090861 -7.024844 4.536059
3 16 -3.791628 -0.447546 0.440162 -2.090861 -7.024844 4.536059 -2.930511 -6.455214 5.682207
3 16 -2.930511 -6.455214 5.682207 -4.448768 0.185293 1.669319 -3.791628 -0.447546 0.440162
5 24 -2.64247 -5.576636 6.902158 -4.448768 0.185293 1.669319 -3.956987 1.039865 2.840218 -2.930511 -6.455214 5.682207
3 16 -4.448768 0.185293 1.669319 -2.930511 -6.455214 5.682207 -2.64247 -5.576636 6.902158
3 16 -2.64247 -5.576636 6.902158 -3.956987 1.039865 2.840218 -4.448768 0.185293 1.669319
5 24 -1.395468 -4.90377 7.481281 -3.956987 1.039865 2.840218 -2.604361 1.615573 3.266961 -2.64247 -5.576636 6.902158
3 16 -3.956987 1.039865 2.840218 -2.64247 -5.576636 6.902158 -1.395468 -4.90377 7.481281
3 16 -1.395468 -4.90377 7.481281 -2.604361 1.615573 3.266961 -3.956987 1.039865 2.840218
5 24 0.080019 -4.830771 7.080334 -2.604361 1.615573 3.266961 -1.183241 1.575176 2.69957 -1.395468 -4.90377 7.481281
3 16 -2.604361 1.615573 3.266961 -1.395468 -4.90377 7.481281 0.080019 -4.830771 7.080334
3 16 0.080019 -4.830771 7.080334 -1.183241 1.575176 2.69957 -2.604361 1.615573 3.266961
5 24 0.919668 -5.400401 5.934186 -1.183241 1.575176 2.69957 -0.526101 0.942336 1.470413 0.080019 -4.830771 7.080334
3 16 -1.183241 1.575176 2.69957 0.080019 -4.830771 7.080334 0.919668 -5.400401 5.934186
3 16 0.919668 -5.400401 5.934186 -0.526101 0.942336 1.470413 -1.183241 1.575176 2.69957
5 24 0.631628 -6.278979 4.714235 -0.526101 0.942336 1.470413 -1.017882 0.087764 0.299514 0.919668 -5.400401 5.934186
3 16 -0.526101 0.942336 1.470413 0.919668 -5.400401 5.934186 0.631628 -6.278979 4.714235
3 16 0.631628 -6.278979 4.714235 -1.017882 0.087764 0.299514 -0.526101 0.942336 1.470413
5 24 -0.615375 -6.951845 4.135112 -1.017882 0.087764 0.299514 -2.370508 -0.487944 -0.127229 0.631628 -6.278979 4.714235
3 16 -1.017882 0.087764 0.299514 0.631628 -6.278979 4.714235 -0.615375 -6.951845 4.135112
3 16 -0.615375 -6.951845 4.135112 -2.370508 -0.487944 -0.127229 -1.017882 0.087764 0.299514
5 24 -0.615375 -6.951845 4.135112 -2.370508 -0.487944 -0.127229 0.631628 -6.278979 4.714235 -2.090861 -7.024844 4.536059
5 24 -2.090861 -7.024844 4.536059 -3.791628 -0.447546 0.440162 -0.615375 -6.951845 4.135112 -2.930511 -6.455214 5.682207
5 24 -2.930511 -6.455214 5.682207 -4.448768 0.185293 1.669319 -2.090861 -7.024844 4.536059 -2.64247 -5.576636 6.902158
5 24 -2.64247 -5.576636 6.902158 -3.956987 1.039865 2.840218 -2.930511 -6.455214 5.682207 -1.395468 -4.90377 7.481281
5 24 -1.395468 -4.90377 7.481281 -2.604361 1.615573 3.266961 -2.64247 -5.576636 6.902158 0.080019 -4.830771 7.080334
5 24 0.080019 -4.830771 7.080334 -1.183241 1.575176 2.69957 -1.395468 -4.90377 7.481281 0.919668 -5.400401 5.934186
5 24 0.919668 -5.400401 5.934186 -0.526101 0.942336 1.470413 0.080019 -4.830771 7.080334 0.631628 -6.278979 4.714235
5 24 0.631628 -6.278979 4.714235 -1.017882 0.087764 0.299514 0.919668 -5.400401 5.934186 -0.615375 -6.951845 4.135112
5 24 -0.615375 -6.951845 4.135112 -2.090861 -7.024844 4.536059 0.330203 -10.108779 6.34228 -2.370508 -0.487944 -0.127229
5 24 -2.090861 -7.024844 4.536059 -2.930511 -6.455214 5.682207 -1.167597 -10.273212 6.611916 -3.791628 -0.447546 0.440162
5 24 -2.930511 -6.455214 5.682207 -2.64247 -5.576636 6.902158 -2.13558 -9.770805 7.686039 -4.448768 0.185293 1.669319
5 24 -2.64247 -5.576636 6.902158 -1.395468 -4.90377 7.481281 -2.006716 -8.89586 8.935444 -3.956987 1.039865 2.840218
5 24 -1.395468 -4.90377 7.481281 0.080019 -4.830771 7.080334 -0.85649 -8.160909 9.628244 -2.604361 1.615573 3.266961
5 24 0.080019 -4.830771 7.080334 0.919668 -5.400401 5.934186 0.64131 -7.996474 9.358609 -1.183241 1.575176 2.69957
5 24 0.919668 -5.400401 5.934186 0.631628 -6.278979 4.714235 1.609293 -8.498882 8.284486 -0.526101 0.942336 1.470413
5 24 0.631628 -6.278979 4.714235 -0.615375 -6.951845 4.135112 1.480429 -9.373827 7.035081 -1.017882 0.087764 0.299514
5 24 -0.234119 -13.509477 8.703566 -0.615375 -6.951845 4.135112 -2.090861 -7.024844 4.536059 1.269094 -13.254497 8.56762
3 16 -0.615375 -6.951845 4.135112 1.269094 -13.254497 8.56762 -0.234119 -13.509477 8.703566
3 16 -0.234119 -13.509477 8.703566 -2.090861 -7.024844 4.536059 -0.615375 -6.951845 4.135112
5 24 -1.319518 -13.080494 9.694036 -2.090861 -7.024844 4.536059 -2.930511 -6.455214 5.682207 -0.234119 -13.509477 8.703566
3 16 -2.090861 -7.024844 4.536059 -0.234119 -13.509477 8.703566 -1.319518 -13.080494 9.694036
3 16 -1.319518 -13.080494 9.694036 -2.930511 -6.455214 5.682207 -2.090861 -7.024844 4.536059
5 24 -1.351292 -12.218842 10.958824 -2.930511 -6.455214 5.682207 -2.64247 -5.576636 6.902158 -1.319518 -13.080494 9.694036
3 16 -2.930511 -6.455214 5.682207 -1.319518 -13.080494 9.694036 -1.351292 -12.218842 10.958824
3 16 -1.351292 -12.218842 10.958824 -2.64247 -5.576636 6.902158 -2.930511 -6.455214 5.682207
5 24 -0.310826 -11.429263 11.757037 -2.64247 -5.576636 6.902158 -1.395468 -4.90377 7.481281 -1.351292 -12.218842 10.958824
3 16 -2.64247 -5.576636 6.902158 -1.351292 -12.218842 10.958824 -0.310826 -11.429263 11.757037
3 16 -0.310826 -11.429263 11.757037 -1.395468 -4.90377 7.481281 -2.64247 -5.576636 6.902158
5 24 1.192388 -11.174283 11.621092 -1.395468 -4.90377 7.481281 0.080019 -4.830771 7.080334 -0.310826 -11.429263 11.757037
3 16 -1.395468 -4.90377 7.481281 -0.310826 -11.429263 11.757037 1.192388 -11.174283 11.621092
3 16 1.192388 -11.174283 11.621092 0.080019 -4.830771 7.080334 -1.395468 -4.90377 7.481281
5 24 2.277787 -11.603266 10.630622 0.080019 -4.830771 7.080334 0.919668 -5.400401 5.934186 1.192388 -11.174283 11.621092
3 16 0.080019 -4.830771 7.080334 1.192388 -11.174283 11.621092 2.277787 -11.603266 10.630622
3 16 2.277787 -11.603266 10.630622 0.919668 -5.400401 5.934186 0.080019 -4.830771 7.080334
5 24 2.30956 -12.464918 9.365833 0.919668 -5.400401 5.934186 0.631628 -6.278979 4.714235 2.277787 -11.603266 10.630622
3 16 0.919668 -5.400401 5.934186 2.277787 -11.603266 10.630622 2.30956 -12.464918 9.365833
3 16 2.30956 -12.464918 9.365833 0.631628 -6.278979 4.714235 0.919668 -5.400401 5.934186
5 24 1.269094 -13.254497 8.56762 0.631628 -6.278979 4.714235 -0.615375 -6.951845 4.135112 2.30956 -12.464918 9.365833
3 16 0.631628 -6.278979 4.714235 2.30956 -12.464918 9.365833 1.269094 -13.254497 8.56762
3 16 1.269094 -13.254497 8.56762 -0.615375 -6.951845 4.135112 0.631628 -6.278979 4.714235
5 24 1.269094 -13.254497 8.56762 -0.615375 -6.951845 4.135112 2.30956 -12.464918 9.365833 -0.234119 -13.509477 8.703566
5 24 -0.234119 -13.509477 8.703566 -2.090861 -7.024844 4.536059 1.269094 -13.254497 8.56762 -1.319518 -13.080494 9.694036
5 24 -1.319518 -13.080494 9.694036 -2.930511 -6.455214 5.682207 -0.234119 -13.509477 8.703566 -1.351292 -12.218842 10.958824
5 24 -1.351292 -12.218842 10.958824 -2.64247 -5.576636 6.902158 -1.319518 -13.080494 9.694036 -0.310826 -11.429263 11.757037
5 24 -0.310826 -11.429263 11.757037 -1.395468 -4.90377 7.481281 -1.351292 -12.218842 10.958824 1.192388 -11.174283 11.621092
5 24 1.192388 -11.174283 11.621092 0.080019 -4.830771 7.080334 -0.310826 -11.429263 11.757037 2.277787 -11.603266 10.630622
5 24 2.277787 -11.603266 10.630622 0.919668 -5.400401 5.934186 1.192388 -11.174283 11.621092 2.30956 -12.464918 9.365833
5 24 2.30956 -12.464918 9.365833 0.631628 -6.278979 4.714235 2.277787 -11.603266 10.630622 1.269094 -13.254497 8.56762
5 24 1.269094 -13.254497 8.56762 -0.234119 -13.509477 8.703566 2.216949 -16.350304 10.853728 -0.615375 -6.951845 4.135112
5 24 -0.234119 -13.509477 8.703566 -1.319518 -13.080494 9.694036 0.728314 -16.706429 10.836863 -2.090861 -7.024844 4.536059
5 24 -1.319518 -13.080494 9.694036 -1.351292 -12.218842 10.958824 -0.475019 -16.370728 11.721419 -2.930511 -6.455214 5.682207
5 24 -1.351292 -12.218842 10.958824 -0.310826 -11.429263 11.757037 -0.688155 -15.539846 12.989236 -2.64247 -5.576636 6.902158
5 24 -0.310826 -11.429263 11.757037 1.192388 -11.174283 11.621092 0.213761 -14.700506 13.897642 -1.395468 -4.90377 7.481281
5 24 1.192388 -11.174283 11.621092 2.277787 -11.603266 10.630622 1.702397 -14.344379 13.914508 0.080019 -4.830771 7.080334
5 24 2.277787 -11.603266 10.630622 2.30956 -12.464918 9.365833 2.90573 -14.680082 13.029951 0.919668 -5.400401 5.934186
5 24 2.30956 -12.464918 9.365833 1.269094 -13.254497 8.56762 3.118865 -15.510962 11.762135 0.631628 -6.278979 4.714235
5 24 1.697866 -19.886782 12.992703 1.269094 -13.254497 8.56762 -0.234119 -13.509478 8.703566 3.150288 -19.433928 13.161642
3 16 1.269094 -13.254497 8.56762 3.150288 -19.433928 13.161642 1.697866 -19.886782 12.992703
3 16 1.697866 -19.886782 12.992703 -0.234119 -13.509478 8.703566 1.269094 -13.254497 8.56762
5 24 0.394065 -19.649666 13.758879 -0.234119 -13.509478 8.703566 -1.319518 -13.080494 9.694036 1.697866 -19.886782 12.992703
3 16 -0.234119 -13.509478 8.703566 1.697866 -19.886782 12.992703 0.394065 -19.649666 13.758879
3 16 0.394065 -19.649666 13.758879 -1.319518 -13.080494 9.694036 -0.234119 -13.509478 8.703566
5 24 0.002632 -18.861481 15.011353 -1.319518 -13.080494 9.694036 -1.351292 -12.218842 10.958824 0.394065 -19.649666 13.758879
3 16 -1.319518 -13.080494 9.694036 0.394065 -19.649666 13.758879 0.002632 -18.861481 15.011353
3 16 0.002632 -18.861481 15.011353 -1.351292 -12.218842 10.958824 -1.319518 -13.080494 9.694036
5 24 0.752865 -17.983932 16.016441 -1.351292 -12.218842 10.958824 -0.310826 -11.429263 11.757037 0.002632 -18.861481 15.011353
3 16 -1.351292 -12.218842 10.958824 0.002632 -18.861481 15.011353 0.752865 -17.983932 16.016441
3 16 0.752865 -17.983932 16.016441 -0.310826 -11.429263 11.757037 -1.351292 -12.218842 10.958824
5 24 2.205287 -17.531076 16.185381 -0.310826 -11.429263 11.757037 1.192388 -11.174283 11.621092 0.752865 -17.983932 16.016441
3 16 -0.310826 -11.429263 11.757037 0.752865 -17.983932 16.016441 2.205287 -17.531076 16.185381
3 16 2.205287 -17.531076 16.185381 1.192388 -11.174283 11.621092 -0.310826 -11.429263 11.757037
5 24 3.509088 -17.768192 15.419205 1.192388 -11.174283 11.621092 2.277787 -11.603266 10.630622 2.205287 -17.531076 16.185381
3 16 1.192388 -11.174283 11.621092 2.205287 -17.531076 16.185381 3.509088 -17.768192 15.419205
3 16 3.509088 -17.768192 15.419205 2.277787 -11.603266 10.630622 1.192388 -11.174283 11.621092
5 24 3.900521 -18.556377 14.166732 2.277787 -11.603266 10.630622 2.30956 -12.464918 9.365833 3.509088 -17.768192 15.419205
3 16 2.277787 -11.603266 10.630622 3.509088 -17.768192 15.419205 3.900521 -18.556377 14.166732
3 16 3.900521 -18.556377 14.166732 2.30956 -12.464918 9.365833 2.277787 -11.603266 10.630622
5 24 3.150288 -19.433928 13.161642 2.30956 -12.464918 9.365833 1.269094 -13.254497 8.56762 3.900521 -18.556377 14.166732
3 16 2.30956 -12.464918 9.365833 3.900521 -18.556377 14.166732 3.150288 -19.433928 13.161642
3 16 3.150288 -19.433928 13.161642 1.269094 -13.254497 8.56762 2.30956 -12.464918 9.365833
5 24 3.150288 -19.433928 13.161642 1.269094 -13.254497 8.56762 3.900521 -18.556377 14.166732 1.697866 -19.886782 12.992703
5 24 1.697866 -19.886782 12.992703 -0.234119 -13.509478 8.703566 3.150288 -19.433928 13.161642 0.394065 -19.649666 13.758879
5 24 0.394065 -19.649666 13.758879 -1.319518 -13.080494 9.694036 1.697866 -19.886782 12.992703 0.002632 -18.861481 15.011353
5 24 0.002632 -18.861481 15.011353 -1.351292 -12.218842 10.958824 0.394065 -19.649666 13.758879 0.752865 -17.983932 16.016441
5 24 0.752865 -17.983932 16.016441 -0.310826 -11.429263 11.757037 0.002632 -18.861481 15.011353 2.205287 -17.531076 16.185381
5 24 2.205287 -17.531076 16.185381 1.192388 -11.174283 11.621092 0.752865 -17.983932 16.016441 3.509088 -17.768192 15.419205
5 24 3.509088 -17.768192 15.419205 2.277787 -11.603266 10.630622 2.205287 -17.531076 16.185381 3.900521 -18.556377 14.166732
5 24 3.900521 -18.556377 14.166732 2.30956 -12.464918 9.365833 3.509088 -17.768192 15.419205 3.150288 -19.433928 13.161642
5 24 3.150288 -19.433928 13.161642 1.697866 -19.886782 12.992703 4.057492 -22.487381 15.518164 1.269094 -13.254497 8.56762
5 24 1.697866 -19.886782 12.992703 0.394065 -19.649666 13.758879 2.663846 -23.032877 15.196709 -0.234119 -13.509478 8.703566
5 24 0.394065 -19.649666 13.758879 0.002632 -18.861481 15.011353 1.277069 -22.901173 15.831256 -1.319518 -13.080494 9.694036
5 24 0.002632 -18.861481 15.011353 0.752865 -17.983932 16.016441 0.709516 -22.16942 17.050095 -1.351292 -12.218842 10.958824
5 24 0.752865 -17.983932 16.016441 2.205287 -17.531076 16.185381 1.293652 -21.26627 18.139246 -0.310826 -11.429263 11.757037
5 24 2.205287 -17.531076 16.185381 3.509088 -17.768192 15.419205 2.687297 -20.720776 18.460701 1.192388 -11.174283 11.621092
5 24 3.509088 -17.768192 15.419205 3.900521 -18.556377 14.166732 4.074074 -20.852478 17.826155 2.277787 -11.603266 10.630622
5 24 3.900521 -18.556377 14.166732 3.150288 -19.433928 13.161642 4.641628 -21.58423 16.607315 2.30956 -12.464918 9.365833
5 24 3.630085 -26.161966 17.425617 3.150288 -19.433928 13.161642 1.697866 -19.886782 12.992703 4.943821 -25.531441 17.894321
3 16 3.150288 -19.433928 13.161642 4.943821 -25.531441 17.894321 3.630085 -26.161966 17.425617
3 16 3.630085 -26.161966 17.425617 1.697866 -19.886782 12.992703 3.150288 -19.433928 13.161642
5 24 2.181315 -26.138025 17.919216 1.697866 -19.886782 12.992703 0.394065 -19.649666 13.758879 3.630085 -26.161966 17.425617
3 16 1.697866 -19.886782 12.992703 3.630085 -26.161966 17.425617 2.181315 -26.138025 17.919216
3 16 2.181315 -26.138025 17.919216 0.394065 -19.649666 13.758879 1.697866 -19.886782 12.992703
5 24 1.44618 -25.473642 19.085972 0.394065 -19.649666 13.758879 0.002632 -18.861481 15.011353 2.181315 -26.138025 17.919216
3 16 0.394065 -19.649666 13.758879 2.181315 -26.138025 17.919216 1.44618 -25.473642 19.085972
3 16 1.44618 -25.473642 19.085972 0.002632 -18.861481 15.011353 0.394065 -19.649666 13.758879
5 24 1.855313 -24.558002 20.242414 0.002632 -18.861481 15.011353 0.752865 -17.983932 16.016441 1.44618 -25.473642 19.085972
3 16 0.002632 -18.861481 15.011353 1.44618 -25.473642 19.085972 1.855313 -24.558002 20.242414
3 16 1.855313 -24.558002 20.242414 0.752865 -17.983932 16.016441 0.002632 -18.861481 15.011353
5 24 3.169049 -23.927477 20.711119 0.752865 -17.983932 16.016441 2.205287 -17.531076 16.185381 1.855313 -24.558002 20.242414
3 16 0.752865 -17.983932 16.016441 1.855313 -24.558002 20.242414 3.169049 -23.927477 20.711119
3 16 3.169049 -23.927477 20.711119 2.205287 -17.531076 16.185381 0.752865 -17.983932 16.016441
5 24 4.617819 -23.95142 20.217522 2.205287 -17.531076 16.185381 3.509088 -17.768192 15.419205 3.169049 -23.927477 20.711119
3 16 2.205287 -17.531076 16.185381 3.169049 -23.927477 20.711119 4.617819 -23.95142 20.217522
3 16 4.617819 -23.95142 20.217522 3.509088 -17.768192 15.419205 2.205287 -17.531076 16.185381
5 24 5.352954 -24.615803 19.050766 3.509088 -17.768192 15.419205 3.900521 -18.556379 14.166732 4.617819 -23.95142 20.217522
3 16 3.509088 -17.768192 15.419205 4.617819 -23.95142 20.217522 5.352954 -24.615803 19.050766
3 16 5.352954 -24.615803 19.050766 3.900521 -18.556379 14.166732 3.509088 -17.768192 15.419205
5 24 4.943821 -25.531441 17.894321 3.900521 -18.556379 14.166732 3.150288 -19.433928 13.161642 5.352954 -24.615803 19.050766
3 16 3.900521 -18.556379 14.166732 5.352954 -24.615803 19.050766 4.943821 -25.531441 17.894321
3 16 4.943821 -25.531441 17.894321 3.150288 -19.433928 13.161642 3.900521 -18.556379 14.166732
5 24 4.943821 -25.531441 17.894321 3.150288 -19.433928 13.161642 5.352954 -24.615803 19.050766 3.630085 -26.161966 17.425617
5 24 3.630085 -26.161966 17.425617 1.697866 -19.886782 12.992703 4.943821 -25.531441 17.894321 2.181315 -26.138025 17.919216
5 24 2.181315 -26.138025 17.919216 0.394065 -19.649666 13.758879 3.630085 -26.161966 17.425617 1.44618 -25.473642 19.085972
5 24 1.44618 -25.473642 19.085972 0.002632 -18.861481 15.011353 2.181315 -26.138025 17.919216 1.855313 -24.558002 20.242414
5 24 1.855313 -24.558002 20.242414 0.752865 -17.983932 16.016441 1.44618 -25.473642 19.085972 3.169049 -23.927477 20.711119
5 24 3.169049 -23.927477 20.711119 2.205287 -17.531076 16.185381 1.855313 -24.558002 20.242414 4.617819 -23.95142 20.217522
5 24 4.617819 -23.95142 20.217522 3.509088 -17.768192 15.419205 3.169049 -23.927477 20.711119 5.352954 -24.615803 19.050766
5 24 5.352954 -24.615803 19.050766 3.900521 -18.556379 14.166732 4.617819 -23.95142 20.217522 4.943821 -25.531441 17.894321
5 24 4.943821 -25.531441 17.894321 3.630085 -26.161966 17.425617 5.775982 -28.57029 20.296694 3.150288 -19.433928 13.161642
5 24 3.630085 -26.161966 17.425617 2.181315 -26.138025 17.919216 4.552582 -29.270027 19.699362 1.697866 -19.886782 12.992703
5 24 2.181315 -26.138025 17.919216 1.44618 -25.473642 19.085972 3.066041 -29.344072 20.056938 0.394065 -19.649666 13.758879
5 24 1.44618 -25.473642 19.085972 1.855313 -24.558002 20.242414 2.187155 -28.749048 21.159958 0.002632 -18.861481 15.011353
5 24 1.855313 -24.558002 20.242414 3.169049 -23.927477 20.711119 2.430764 -27.833515 22.362289 0.752865 -17.983932 16.016441
5 24 3.169049 -23.927477 20.711119 4.617819 -23.95142 20.217522 3.654164 -27.133778 22.959621 2.205287 -17.531076 16.185381
5 24 4.617819 -23.95142 20.217522 5.352954 -24.615803 19.050766 5.140705 -27.059734 22.602045 3.509088 -17.768192 15.419205
5 24 5.352954 -24.615803 19.050766 4.943821 -25.531441 17.894321 6.019591 -27.654757 21.499025 3.900521 -18.556377 14.166732
5 24 5.469512 -32.365147 21.994007 4.943821 -25.531441 17.894321 3.630085 -26.161966 17.425619 6.587038 -31.604401 22.712025
3 16 4.943821 -25.531441 17.894321 6.587038 -31.604401 22.712025 5.469512 -32.365147 21.994007
3 16 5.469512 -32.365147 21.994007 3.630085 -26.161966 17.425619 4.943821 -25.531441 17.894321
5 24 3.964 -32.536556 22.211264 3.630085 -26.161966 17.425619 2.181315 -26.138025 17.919216 5.469512 -32.365147 21.994007
3 16 3.630085 -26.161966 17.425619 5.469512 -32.365147 21.994007 3.964 -32.536556 22.211264
3 16 3.964 -32.536556 22.211264 2.181315 -26.138025 17.919216 3.630085 -26.161966 17.425619
5 24 2.95241 -32.018215 23.236523 2.181315 -26.138025 17.919216 1.44618 -25.473642 19.085972 3.964 -32.536556 22.211264
3 16 2.181315 -26.138025 17.919216 3.964 -32.536556 22.211264 2.95241 -32.018215 23.236523
3 16 2.95241 -32.018215 23.236523 1.44618 -25.473642 19.085972 2.181315 -26.138025 17.919216
5 24 3.02732 -31.113768 24.469206 1.44618 -25.473642 19.085972 1.855313 -24.558002 20.242414 2.95241 -32.018215 23.236523
3 16 1.44618 -25.473642 19.085972 2.95241 -32.018215 23.236523 3.02732 -31.113768 24.469206
3 16 3.02732 -31.113768 24.469206 1.855313 -24.558002 20.242414 1.44618 -25.473642 19.085972
5 24 4.144846 -30.35302 25.187222 1.855313 -24.558002 20.242414 3.169049 -23.927477 20.711119 3.02732 -31.113768 24.469206
3 16 1.855313 -24.558002 20.242414 3.02732 -31.113768 24.469206 4.144846 -30.35302 25.187222
3 16 4.144846 -30.35302 25.187222 3.169049 -23.927477 20.711119 1.855313 -24.558002 20.242414
5 24 5.650358 -30.181612 24.969967 3.169049 -23.927477 20.711119 4.617819 -23.95142 20.217522 4.144846 -30.35302 25.187222
3 16 3.169049 -23.927477 20.711119 4.144846 -30.35302 25.187222 5.650358 -30.181612 24.969967
3 16 5.650358 -30.181612 24.969967 4.617819 -23.95142 20.217522 3.169049 -23.927477 20.711119
5 24 6.661947 -30.699951 23.944706 4.617819 -23.95142 20.217522 5.352954 -24.615803 19.050766 5.650358 -30.181612 24.969967
3 16 4.617819 -23.95142 20.217522 5.650358 -30.181612 24.969967 6.661947 -30.699951 23.944706
3 16 6.661947 -30.699951 23.944706 5.352954 -24.615803 19.050766 4.617819 -23.95142 20.217522
5 24 6.587038 -31.604401 22.712025 5.352954 -24.615803 19.050766 4.943821 -25.531441 17.894321 6.661947 -30.699951 23.944706
3 16 5.352954 -24.615803 19.050766 6.661947 -30.699951 23.944706 6.587038 -31.604401 22.712025
3 16 6.587038 -31.604401 22.712025 4.943821 -25.531441 17.894321 5.352954 -24.615803 19.050766
5 24 6.587038 -31.604401 22.712025 4.943821 -25.531441 17.894321 6.661947 -30.699951 23.944706 5.469512 -32.365147 21.994007
5 24 5.469512 -32.365147 21.994007 3.630085 -26.161966 17.425619 6.587038 -31.604401 22.712025 3.964 -32.536556 22.211264
5 24 3.964 -32.536556 22.211264 2.181315 -26.138025 17.919216 5.469512 -32.365147 21.994007 2.95241 -32.018215 23.236523
5 24 2.95241 -32.018215 23.236523 1.44618 -25.473642 19.085972 3.964 -32.536556 22.211264 3.02732 -31.113768 24.469206
5 24 3.02732 -31.113768 24.469206 1.855313 -24.558002 20.242414 2.95241 -32.018215 23.236523 4.144846 -30.35302 25.187222
5 24 4.144846 -30.35302 25.187222 3.169049 -23.927477 20.711119 3.02732 -31.113768 24.469206 5.650358 -30.181612 24.969967
5 24 5.650358 -30.181612 24.969967 4.617819 -23.95142 20.217522 4.144846 -30.35302 25.187222 6.661947 -30.699951 23.944706
5 24 6.661947 -30.699951 23.944706 5.352954 -24.615803 19.050766 5.650358 -30.181612 24.969967 6.587038 -31.604401 22.712025
5 24 6.587038 -31.604401 22.712025 5.469512 -32.365147 21.994007 7.329705 -34.65517 25.135128 4.943821 -25.531441 17.894321
5 24 5.469512 -32.365147 21.994007 3.964 -32.536556 22.211264 6.311389 -35.458115 24.321827 3.630085 -26.161966 17.425619
5 24 3.964 -32.536556 22.211264 2.95241 -32.018215 23.236523 4.803719 -35.705353 24.416441 2.181315 -26.138025 17.919216
5 24 2.95241 -32.018215 23.236523 3.02732 -31.113768 24.469206 3.689868 -35.252052 25.363543 1.44618 -25.473642 19.085972
5 24 3.02732 -31.113768 24.469206 4.144846 -30.35302 25.187222 3.622315 -34.36375 26.608334 1.855313 -24.558002 20.242414
5 24 4.144846 -30.35302 25.187222 5.650358 -30.181612 24.969967 4.640632 -33.560802 27.421633 3.169049 -23.927477 20.711119
5 24 5.650358 -30.181612 24.969967 6.661947 -30.699951 23.944706 6.148302 -33.313568 27.327019 4.617819 -23.95142 20.217522
5 24 6.661947 -30.699951 23.944706 6.587038 -31.604401 22.712025 7.262153 -33.766869 26.379917 5.352954 -24.615803 19.050766
5 24 7.145985 -38.543499 26.663935 6.587038 -31.604401 22.712025 5.469512 -32.365147 21.994007 8.055905 -37.704639 27.564772
3 16 6.587038 -31.604401 22.712025 8.055905 -37.704639 27.564772 7.145985 -38.543499 26.663935
3 16 7.145985 -38.543499 26.663935 5.469512 -32.365147 21.994007 6.587038 -31.604401 22.712025
5 24 5.649608 -38.864719 26.635283 5.469512 -32.365147 21.994007 3.964 -32.536556 22.211264 7.145985 -38.543499 26.663935
3 16 5.469512 -32.365147 21.994007 7.145985 -38.543499 26.663935 5.649608 -38.864719 26.635283
3 16 5.649608 -38.864719 26.635283 3.964 -32.536556 22.211264 5.469512 -32.365147 21.994007
5 24 4.443333 -38.480137 27.495596 3.964 -32.536556 22.211264 2.95241 -32.018215 23.236523 5.649608 -38.864719 26.635283
3 16 3.964 -32.536556 22.211264 5.649608 -38.864719 26.635283 4.443333 -38.480137 27.495596
3 16 4.443333 -38.480137 27.495596 2.95241 -32.018215 23.236523 3.964 -32.536556 22.211264
5 24 4.233778 -37.615032 28.740919 2.95241 -32.018215 23.236523 3.02732 -31.113768 24.469206 4.443333 -38.480137 27.495596
3 16 2.95241 -32.018215 23.236523 4.443333 -38.480137 27.495596 4.233778 -37.615032 28.740919
3 16 4.233778 -37.615032 28.740919 3.02732 -31.113768 24.469206 2.95241 -32.018215 23.236523
5 24 5.143699 -36.776173 29.641756 3.02732 -31.113768 24.469206 4.144846 -30.35302 25.187222 4.233778 -37.615032 28.740919
3 16 3.02732 -31.113768 24.469206 4.233778 -37.615032 28.740919 5.143699 -36.776173 29.641756
3 16 5.143699 -36.776173 29.641756 4.144846 -30.35302 25.187222 3.02732 -31.113768 24.469206
5 24 6.640075 -36.454952 29.670408 4.144846 -30.35302 25.187222 5.650358 -30.181612 24.969967 5.143699 -36.776173 29.641756
3 16 4.144846 -30.35302 25.187222 5.143699 -36.776173 29.641756 6.640075 -36.454952 29.670408
3 16 6.640075 -36.454952 29.670408 5.650358 -30.181612 24.969967 4.144846 -30.35302 25.187222
5 24 7.846351 -36.839535 28.810095 5.650358 -30.181612 24.969967 6.661947 -30.699951 23.944706 6.640075 -36.454952 29.670408
3 16 5.650358 -30.181612 24.969967 6.640075 -36.454952 29.670408 7.846351 -36.839535 28.810095
3 16 7.846351 -36.839535 28.810095 6.661947 -30.699951 23.944706 5.650358 -30.181612 24.969967
5 24 8.055905 -37.704639 27.564772 6.661947 -30.699951 23.944706 6.587038 -31.604401 22.712025 7.846351 -36.839535 28.810095
3 16 6.661947 -30.699951 23.944706 7.846351 -36.839535 28.810095 8.055905 -37.704639 27.564772
3 16 8.055905 -37.704639 27.564772 6.587038 -31.604401 22.712025 6.661947 -30.699951 23.944706
5 24 8.055905 -37.704639 27.564772 6.587038 -31.604401 22.712025 7.846351 -36.839535 28.810095 7.145985 -38.543499 26.663935
5 24 7.145985 -38.543499 26.663935 5.469512 -32.365147 21.994007 8.055905 -37.704639 27.564772 5.649608 -38.864719 26.635283
5 24 5.649608 -38.864719 26.635283 3.964 -32.536556 22.211264 7.145985 -38.543499 26.663935 4.443333 -38.480137 27.495596
5 24 4.443333 -38.480137 27.495596 2.95241 -32.018215 23.236523 5.649608 -38.864719 26.635283 4.233778 -37.615032 28.740919
5 24 4.233778 -37.615032 28.740919 3.02732 -31.113768 24.469206 4.443333 -38.480137 27.495596 5.143699 -36.776173 29.641756
5 24 5.143699 -36.776173 29.641756 4.144846 -30.35302 25.187222 4.233778 -37.615032 28.740919 6.640075 -36.454952 29.670408
5 24 6.640075 -36.454952 29.670408 5.650358 -30.181612 24.969967 5.143699 -36.776173 29.641756 7.846351 -36.839535 28.810095
5 24 7.846351 -36.839535 28.810095 6.661947 -30.699951 23.944706 6.640075 -36.454952 29.670408 8.055905 -37.704639 27.564772
5 24 8.055905 -37.704639 27.564772 7.145985 -38.543499 26.663935 8.686467 -40.787228 30.000885 6.587038 -31.604401 22.712025
5 24 7.145985 -38.543499 26.663935 5.649608 -38.864719 26.635283 7.86791 -41.645809 29.03344 5.469512 -32.365147 21.994007
5 24 5.649608 -38.864719 26.635283 4.443333 -38.480137 27.495596 6.38815 -42.013969 28.899591 3.964 -32.536556 22.211264
5 24 4.443333 -38.480137 27.495596 4.233778 -37.615032 28.740919 5.11401 -41.676044 29.677742 2.95241 -32.018215 23.236523
5 24 4.233778 -37.615032 28.740919 5.143699 -36.776173 29.641756 4.791865 -40.829983 30.912066 3.02732 -31.113768 24.469206
5 24 5.143699 -36.776173 29.641756 6.640075 -36.454952 29.670408 5.610421 -39.971401 31.879509 4.144846 -30.35302 25.187222
5 24 6.640075 -36.454952 29.670408 7.846351 -36.839535 28.810095 7.090181 -39.603241 32.013359 5.650358 -30.181612 24.969967
5 24 7.846351 -36.839535 28.810095 8.055905 -37.704639 27.564772 8.364322 -39.94117 31.235209 6.661947 -30.699951 23.944706
5 24 8.58346 -44.74474 31.411905 8.055905 -37.704639 27.564772 7.145985 -38.543499 26.663935 9.305717 -43.869976 32.439663
3 16 8.055905 -37.704639 27.564772 9.305717 -43.869976 32.439663 8.58346 -44.74474 31.411905
3 16 8.58346 -44.74474 31.411905 7.145985 -38.543499 26.663935 8.055905 -37.704639 27.564772
5 24 7.128987 -45.158276 31.173908 7.145985 -38.543499 26.663935 5.649608 -38.864719 26.635283 8.58346 -44.74474 31.411905
3 16 7.145985 -38.543499 26.663935 8.58346 -44.74474 31.411905 7.128987 -45.158276 31.173908
3 16 7.128987 -45.158276 31.173908 5.649608 -38.864719 26.635283 7.145985 -38.543499 26.663935
5 24 5.794309 -44.868343 31.865082 5.649608 -38.864719 26.635283 4.443333 -38.480137 27.495596 7.128987 -45.158276 31.173908
3 16 5.649608 -38.864719 26.635283 7.128987 -45.158276 31.173908 5.794309 -44.868343 31.865082
3 16 5.794309 -44.868343 31.865082 4.443333 -38.480137 27.495596 5.649608 -38.864719 26.635283
5 24 5.361263 -44.044777 33.080547 4.443333 -38.480137 27.495596 4.233778 -37.615032 28.740919 5.794309 -44.868343 31.865082
3 16 4.443333 -38.480137 27.495596 5.794309 -44.868343 31.865082 5.361263 -44.044777 33.080547
3 16 5.361263 -44.044777 33.080547 4.233778 -37.615032 28.740919 4.443333 -38.480137 27.495596
5 24 6.08352 -43.170013 34.108303 4.233778 -37.615032 28.740919 5.143699 -36.776173 29.641756 5.361263 -44.044777 33.080547
3 16 4.233778 -37.615032 28.740919 5.361263 -44.044777 33.080547 6.08352 -43.170013 34.108303
3 16 6.08352 -43.170013 34.108303 5.143699 -36.776173 29.641756 4.233778 -37.615032 28.740919
5 24 7.537993 -42.756477 34.346302 5.143699 -36.776173 29.641756 6.640075 -36.454952 29.670408 6.08352 -43.170013 34.108303
3 16 5.143699 -36.776173 29.641756 6.08352 -43.170013 34.108303 7.537993 -42.756477 34.346302
3 16 7.537993 -42.756477 34.346302 6.640075 -36.454952 29.670408 5.143699 -36.776173 29.641756
5 24 8.87267 -43.04641 33.655128 6.640075 -36.454952 29.670408 7.846351 -36.839535 28.810095 7.537993 -42.756477 34.346302
3 16 6.640075 -36.454952 29.670408 7.537993 -42.756477 34.346302 8.87267 -43.04641 33.655128
3 16 8.87267 -43.04641 33.655128 7.846351 -36.839535 28.810095 6.640075 -36.454952 29.670408
5 24 9.305717 -43.869976 32.439663 7.846351 -36.839535 28.810095 8.055905 -37.704639 27.564772 8.87267 -43.04641 33.655128
3 16 7.846351 -36.839535 28.810095 8.87267 -43.04641 33.655128 9.305717 -43.869976 32.439663
3 16 9.305717 -43.869976 32.439663 8.055905 -37.704639 27.564772 7.846351 -36.839535 28.810095
5 24 9.305717 -43.869976 32.439663 8.055905 -37.704639 27.564772 8.87267 -43.04641 33.655128 8.58346 -44.74474 31.411905
5 24 8.58346 -44.74474 31.411905 7.145985 -38.543499 26.663935 9.305717 -43.869976 32.439663 7.128987 -45.158276 31.173908
5 24 7.128987 -45.158276 31.173908 5.649608 -38.864719 26.635283 8.58346 -44.74474 31.411905 5.794309 -44.868343 31.865082
5 24 5.794309 -44.868343 31.865082 4.443333 -38.480137 27.495596 7.128987 -45.158276 31.173908 5.361263 -44.044777 33.080547
5 24 5.361263 -44.044777 33.080547 4.233778 -37.615032 28.740919 5.794309 -44.868343 31.865082 6.08352 -43.170013 34.108303
5 24 6.08352 -43.170013 34.108303 5.143699 -36.776173 29.641756 5.361263 -44.044777 33.080547 7.537993 -42.756477 34.346302
5 24 7.537993 -42.756477 34.346302 6.640075 -36.454952 29.670408 6.08352 -43.170013 34.108303 8.87267 -43.04641 33.655128
5 24 8.87267 -43.04641 33.655128 7.846351 -36.839535 28.810095 7.537993 -42.756477 34.346302 9.305717 -43.869976 32.439663
5 24 9.305717 -43.869976 32.439663 8.58346 -44.74474 31.411905 9.540537 -45.447899 33.725616 8.055905 -37.704639 27.564772
5 24 8.58346 -44.74474 31.411905 7.128987 -45.158276 31.173908 8.87628 -46.269608 32.61805 7.145985 -38.543499 26.663935
5 24 7.128987 -45.158276 31.173908 5.794309 -44.868343 31.865082 7.436499 -46.660942 32.275944 5.649608 -38.864719 26.635283
5 24 5.794309 -44.868343 31.865082 5.361263 -44.044777 33.080547 6.0646 -46.392662 32.899693 4.443333 -38.480137 27.495596
5 24 5.361263 -44.044777 33.080547 6.08352 -43.170013 34.108303 5.564223 -45.621922 34.12392 4.233778 -37.615032 28.740919
5 24 6.08352 -43.170013 34.108303 7.537993 -42.756477 34.346302 6.22848 -44.800209 35.231487 5.143699 -36.776173 29.641756
5 24 7.537993 -42.756477 34.346302 8.87267 -43.04641 33.655128 7.668261 -44.408878 35.573593 6.640075 -36.454952 29.670408
5 24 8.87267 -43.04641 33.655128 9.305717 -43.869976 32.439663 9.040159 -44.677158 34.949841 7.846351 -36.839535 28.810095
5 24 9.166763 -47.796974 33.830853 9.305717 -43.869976 32.439663 8.58346 -44.74474 31.411905 9.768135 -47.031448 35.012154
3 16 9.305717 -43.869976 32.439663 9.768135 -47.031448 35.012154 9.166763 -47.796974 33.830853
3 16 9.166763 -47.796974 33.830853 8.58346 -44.74474 31.411905 9.305717 -43.869976 32.439663
5 24 7.74793 -48.161507 33.38681 8.58346 -44.74474 31.411905 7.128987 -45.158276 31.173908 9.166763 -47.796974 33.830853
3 16 8.58346 -44.74474 31.411905 9.166763 -47.796974 33.830853 7.74793 -48.161507 33.38681
3 16 7.74793 -48.161507 33.38681 7.128987 -45.158276 31.173908 8.58346 -44.74474 31.411905
5 24 6.342769 -47.911514 33.94014 7.128987 -45.158276 31.173908 5.794309 -44.868343 31.865082 7.74793 -48.161507 33.38681
3 16 7.128987 -45.158276 31.173908 7.74793 -48.161507 33.38681 6.342769 -47.911514 33.94014
3 16 6.342769 -47.911514 33.94014 5.794309 -44.868343 31.865082 7.128987 -45.158276 31.173908
5 24 5.774405 -47.193432 35.166706 5.794309 -44.868343 31.865082 5.361263 -44.044777 33.080547 6.342769 -47.911514 33.94014
3 16 5.794309 -44.868343 31.865082 6.342769 -47.911514 33.94014 5.774405 -47.193432 35.166706
3 16 5.774405 -47.193432 35.166706 5.361263 -44.044777 33.080547 5.794309 -44.868343 31.865082
5 24 6.375777 -46.42791 36.348007 5.361263 -44.044777 33.080547 6.08352 -43.170013 34.108303 5.774405 -47.193432 35.166706
3 16 5.361263 -44.044777 33.080547 5.774405 -47.193432 35.166706 6.375777 -46.42791 36.348007
3 16 6.375777 -46.42791 36.348007 6.08352 -43.170013 34.108303 5.361263 -44.044777 33.080547
5 24 7.794611 -46.063377 36.792049 6.08352 -43.170013 34.108303 7.537993 -42.756477 34.346302 6.375777 -46.42791 36.348007
3 16 6.08352 -43.170013 34.108303 6.375777 -46.42791 36.348007 7.794611 -46.063377 36.792049
3 16 7.794611 -46.063377 36.792049 7.537993 -42.756477 34.346302 6.08352 -43.170013 34.108303
5 24 9.199771 -46.31337 36.238724 7.537993 -42.756477 34.346302 8.87267 -43.04641 33.655128 7.794611 -46.063377 36.792049
3 16 7.537993 -42.756477 34.346302 7.794611 -46.063377 36.792049 9.199771 -46.31337 36.238724
3 16 9.199771 -46.31337 36.238724 8.87267 -43.04641 33.655128 7.537993 -42.756477 34.346302
5 24 9.768135 -47.031448 35.012154 8.87267 -43.04641 33.655128 9.305717 -43.869976 32.439663 9.199771 -46.31337 36.238724
3 16 8.87267 -43.04641 33.655128 9.199771 -46.31337 36.238724 9.768135 -47.031448 35.012154
3 16 9.768135 -47.031448 35.012154 9.305717 -43.869976 32.439663 8.87267 -43.04641 33.655128
5 24 9.768135 -47.031448 35.012154 9.305717 -43.869976 32.439663 9.199771 -46.31337 36.238724 9.166763 -47.796974 33.830853
5 24 9.166763 -47.796974 33.830853 8.58346 -44.74474 31.411905 9.768135 -47.031448 35.012154 7.74793 -48.161507 33.38681
5 24 7.74793 -48.161507 33.38681 7.128987 -45.158276 31.173908 9.166763 -47.796974 33.830853 6.342769 -47.911514 33.94014
5 24 6.342769 -47.911514 33.94014 5.794309 -44.868343 31.865082 7.74793 -48.161507 33.38681 5.774405 -47.193432 35.166706
5 24 5.774405 -47.193432 35.166706 5.361263 -44.044777 33.080547 6.342769 -47.911514 33.94014 6.375777 -46.42791 36.348007
5 24 6.375777 -46.42791 36.348007 6.08352 -43.170013 34.108303 5.774405 -47.193432 35.166706 7.794611 -46.063377 36.792049
5 24 7.794611 -46.063377 36.792049 7.537993 -42.756477 34.346302 6.375777 -46.42791 36.348007 9.199771 -46.31337 36.238724
5 24 9.199771 -46.31337 36.238724 8.87267 -43.04641 33.655128 7.794611 -46.063377 36.792049 9.768135 -47.031448 35.012154
5 24 9.768135 -47.031448 35.012154 9.166763 -47.796974 33.830853 9.772117 -49.005222 36.074192 9.305717 -43.869976 32.439663
5 24 9.166763 -47.796974 33.830853 7.74793 -48.161507 33.38681 9.20026 -49.395931 34.709103 8.58346 -44.74474 31.411905
5 24 7.74793 -48.161507 33.38681 6.342769 -47.911514 33.94014 7.792294 -49.591118 34.141056 7.128987 -45.158276 31.173908
5 24 6.342769 -47.911514 33.94014 5.774405 -47.193432 35.166706 6.372985 -49.476448 34.702801 5.794309 -44.868343 31.865082
5 24 5.774405 -47.193432 35.166706 6.375777 -46.42791 36.348007 5.773747 -49.119091 36.065285 5.361263 -44.044777 33.080547
5 24 6.375777 -46.42791 36.348007 7.794611 -46.063377 36.792049 6.345604 -48.728382 37.430374 6.08352 -43.170013 34.108303
5 24 7.794611 -46.063377 36.792049 9.199771 -46.31337 36.238724 7.753571 -48.533195 37.998425 7.537993 -42.756477 34.346302
5 24 9.199771 -46.31337 36.238724 9.768135 -47.031448 35.012154 9.172879 -48.647865 37.436676 8.87267 -43.04641 33.655128
4 16 9.24149 -50.981106 35.690903 9.166763 -47.796974 33.830853 9.768135 -47.031448 35.012154 9.773113 -51.000988 37.126217
4 16 7.850578 -50.979244 35.051758 7.74793 -48.161507 33.38681 9.166763 -47.796974 33.830853 9.24149 -50.981106 35.690903
5 24 6.415156 -50.996494 35.583179 7.74793 -48.161507 33.38681 6.342769 -47.911514 33.94014 7.850578 -50.979244 35.051758
3 16 7.74793 -48.161507 33.38681 7.850578 -50.979244 35.051758 6.415156 -50.996494 35.583179
3 16 6.415156 -50.996494 35.583179 6.342769 -47.911514 33.94014 7.74793 -48.161507 33.38681
5 24 5.776075 -51.022755 36.973877 6.342769 -47.911514 33.94014 5.774405 -47.193436 35.166706 6.415156 -50.996494 35.583179
3 16 6.342769 -47.911514 33.94014 6.415156 -50.996494 35.583179 5.776075 -51.022755 36.973877
3 16 5.776075 -51.022755 36.973877 5.774405 -47.193436 35.166706 6.342769 -47.911514 33.94014
4 16 6.307698 -51.042641 38.409191 6.375777 -46.42791 36.348007 5.774405 -47.193436 35.166706 5.776075 -51.022755 36.973877
4 16 7.69861 -51.044502 39.048336 7.794611 -46.063377 36.792049 6.375777 -46.42791 36.348007 6.307698 -51.042641 38.409191
5 24 9.134032 -51.027248 38.516911 7.794611 -46.063377 36.792049 9.199771 -46.31337 36.238724 7.69861 -51.044502 39.048336
3 16 7.794611 -46.063377 36.792049 7.69861 -51.044502 39.048336 9.134032 -51.027248 38.516911
3 16 9.134032 -51.027248 38.516911 9.199771 -46.31337 36.238724 7.794611 -46.063377 36.792049
5 24 9.773113 -51.000988 37.126217 9.199771 -46.31337 36.238724 9.768135 -47.031448 35.012154 9.134032 -51.027248 38.516911
3 16 9.199771 -46.31337 36.238724 9.134032 -51.027248 38.516911 9.773113 -51.000988 37.126217
3 16 9.773113 -51.000988 37.126217 9.768135 -47.031448 35.012154 9.199771 -46.31337 36.238724
5 24 9.773113 -51.000988 37.126217 9.768135 -47.031448 35.012154 9.134032 -51.027248 38.516911 9.24149 -50.981106 35.690903
5 24 9.24149 -50.981106 35.690903 9.166763 -47.796974 33.830853 9.773113 -51.000988 37.126217 7.850578 -50.979244 35.051758
5 24 7.850578 -50.979244 35.051758 7.74793 -48.161507 33.38681 9.24149 -50.981106 35.690903 6.415156 -50.996494 35.583179
5 24 6.415156 -50.996494 35.583179 6.342769 -47.911514 33.94014 7.850578 -50.979244 35.051758 5.776075 -51.022755 36.973877
5 24 5.776075 -51.022755 36.973877 5.774405 -47.193436 35.166706 6.415156 -50.996494 35.583179 6.307698 -51.042641 38.409191
5 24 6.307698 -51.042641 38.409191 6.375777 -46.42791 36.348007 5.776075 -51.022755 36.973877 7.69861 -51.044502 39.048336
5 24 7.69861 -51.044502 39.048336 7.794611 -46.063377 36.792049 6.307698 -51.042641 38.409191 9.134032 -51.027248 38.516911
5 24 9.134032 -51.027248 38.516911 9.199771 -46.31337 36.238724 7.69861 -51.044502 39.048336 9.773113 -51.000988 37.126217
5 24 9.773113 -51.000988 37.126217 9.24149 -50.981106 35.690903 9.810014 -52.697853 36.229355 9.768135 -47.031448 35.012154
5 24 9.24149 -50.981106 35.690903 7.850578 -50.979244 35.051758 9.28426 -52.014709 34.964428 9.166763 -47.796974 33.830853
5 24 7.850578 -50.979244 35.051758 6.415156 -50.996494 35.583179 7.89629 -51.73288 34.38369 7.74793 -48.161507 33.38681
5 24 6.415156 -50.996494 35.583179 5.776075 -51.022755 36.973877 6.459158 -52.017456 34.827328 6.342769 -47.911514 33.94014
5 24 5.776075 -51.022755 36.973877 6.307698 -51.042641 38.409191 5.814718 -52.701736 36.035469 5.774405 -47.193436 35.166706
5 24 6.307698 -51.042641 38.409191 7.69861 -51.044502 39.048336 6.340472 -53.38488 37.300396 6.375777 -46.42791 36.348007
5 24 7.69861 -51.044502 39.048336 9.134032 -51.027248 38.516911 7.728442 -53.66671 37.881134 7.794611 -46.063377 36.792049
5 24 9.134032 -51.027248 38.516911 9.773113 -51.000988 37.126217 9.165573 -53.382133 37.437496 9.199771 -46.31337 36.238724
4 16 9.314329 -53.214352 34.522419 9.24149 -50.981106 35.690903 9.773113 -51.000988 37.126217 9.846989 -54.403427 35.325867
4 16 7.923966 -52.71262 34.124546 7.850578 -50.979244 35.051758 9.24149 -50.981106 35.690903 9.314329 -53.214352 34.522419
4 16 6.490355 -53.192139 34.365314 6.415156 -50.996494 35.583179 7.850578 -50.979244 35.051758 7.923966 -52.71262 34.124546
4 16 5.853287 -54.372009 35.103687 5.776075 -51.022755 36.973877 6.415156 -50.996494 35.583179 6.490355 -53.192139 34.365314
4 16 6.385946 -55.561085 35.907135 6.307698 -51.042641 38.409191 5.776075 -51.022755 36.973877 5.853287 -54.372009 35.103687
4 16 7.776309 -56.062817 36.305004 7.69861 -51.044502 39.048336 6.307698 -51.042641 38.409191 6.385946 -55.561085 35.907135
4 16 9.20992 -55.583298 36.064236 9.134032 -51.027248 38.516911 7.69861 -51.044502 39.048336 7.776309 -56.062817 36.305004
4 16 9.846989 -54.403427 35.325867 9.773113 -51.000988 37.126217 9.134032 -51.027248 38.516911 9.20992 -55.583298 36.064236
5 24 9.846989 -54.403427 35.325867 9.773113 -51.000988 37.126217 9.20992 -55.583298 36.064236 9.314329 -53.214352 34.522419
5 24 9.314329 -53.214352 34.522419 9.24149 -50.981106 35.690903 9.846989 -54.403427 35.325867 7.923966 -52.71262 34.124546
5 24 7.923966 -52.71262 34.124546 7.850578 -50.979244 35.051758 9.314329 -53.214352 34.522419 6.490355 -53.192139 34.365314
5 24 6.490355 -53.192139 34.365314 6.415156 -50.996494 35.583179 7.923966 -52.71262 34.124546 5.853287 -54.372009 35.103687
5 24 5.853287 -54.372009 35.103687 5.776075 -51.022755 36.973877 6.490355 -53.192139 34.365314 6.385946 -55.561085 35.907135
5 24 6.385946 -55.561085 35.907135 6.307698 -51.042641 38.409191 5.853287 -54.372009 35.103687 7.776309 -56.062817 36.305004
5 24 7.776309 -56.062817 36.305004 7.69861 -51.044502 39.048336 6.385946 -55.561085 35.907135 9.20992 -55.583298 36.064236
5 24 9.20992 -55.583298 36.064236 9.134032 -51.027248 38.516911 7.776309 -56.062817 36.305004 9.846989 -54.403427 35.325867
5 24 9.846989 -54.403427 35.325867 9.314329 -53.214352 34.522419 9.954346 -54.538441 33.35844 9.773113 -51.000988 37.126217
5 24 9.314329 -53.214352 34.522419 7.923966 -52.71262 34.124546 9.365819 -53.132969 33.212029 9.24149 -50.981106 35.690903
5 24 7.923966 -52.71262 34.124546 6.490355 -53.192139 34.365314 7.950876 -52.556087 33.120987 7.850578 -50.979244 35.051758
5 24 6.490355 -53.192139 34.365314 5.853287 -54.372009 35.103687 6.538372 -53.145721 33.138645 6.415156 -50.996494 35.583179
5 24 5.853287 -54.372009 35.103687 6.385946 -55.561085 35.907135 5.955733 -54.556473 33.254662 5.776075 -51.022755 36.973877
5 24 6.385946 -55.561085 35.907135 7.776309 -56.062817 36.305004 6.544261 -55.961941 33.401073 6.307698 -51.042641 38.409191
5 24 7.776309 -56.062817 36.305004 9.20992 -55.583298 36.064236 7.959203 -56.538822 33.492119 7.69861 -51.044502 39.048336
5 24 9.20992 -55.583298 36.064236 9.846989 -54.403427 35.325867 9.371708 -55.949192 33.474461 9.134032 -51.027248 38.516911
4 16 9.432329 -53.359394 31.946047 9.314329 -53.214352 34.522419 9.846989 -54.403427 35.325867 10.059055 -54.648689 31.409317
4 16 8.001676 -52.859623 32.16193 7.923966 -52.71262 34.124546 9.314329 -53.214352 34.522419 9.432329 -53.359394 31.946047
4 16 6.605154 -53.442131 31.930504 6.490355 -53.192139 34.365314 7.923966 -52.71262 34.124546 8.001676 -52.859623 32.16193
4 16 6.060827 -54.765694 31.387337 5.853287 -54.372009 35.103687 6.490355 -53.192139 34.365314 6.605154 -53.442131 31.930504
4 16 6.687554 -56.054989 30.850607 6.385946 -55.561085 35.907135 5.853287 -54.372009 35.103687 6.060827 -54.765694 31.387337
4 16 8.118207 -56.554764 30.634726 7.776309 -56.062817 36.305004 6.385946 -55.561085 35.907135 6.687554 -56.054989 30.850607
4 16 9.514729 -55.972256 30.86615 9.20992 -55.583298 36.064236 7.776309 -56.062817 36.305004 8.118207 -56.554764 30.634726
4 16 10.059055 -54.648689 31.409317 9.846989 -54.403427 35.325867 9.20992 -55.583298 36.064236 9.514729 -55.972256 30.86615
5 24 10.059055 -54.648689 31.409317 9.846989 -54.403427 35.325867 9.514729 -55.972256 30.86615 9.432329 -53.359394 31.946047
5 24 9.432329 -53.359394 31.946047 9.314329 -53.214352 34.522419 10.059055 -54.648689 31.409317 8.001676 -52.859623 32.16193
5 24 8.001676 -52.859623 32.16193 7.923966 -52.71262 34.124546 9.432329 -53.359394 31.946047 6.605154 -53.442131 31.930504
5 24 6.605154 -53.442131 31.930504 6.490355 -53.192139 34.365314 8.001676 -52.859623 32.16193 6.060827 -54.765694 31.387337
5 24 6.060827 -54.765694 31.387337 5.853287 -54.372009 35.103687 6.605154 -53.442131 31.930504 6.687554 -56.054989 30.850607
5 24 6.687554 -56.054989 30.850607 6.385946 -55.561085 35.907135 6.060827 -54.765694 31.387337 8.118207 -56.554764 30.634726
5 24 8.118207 -56.554764 30.634726 7.776309 -56.062817 36.305004 6.687554 -56.054989 30.850607 9.514729 -55.972256 30.86615
5 24 9.514729 -55.972256 30.86615 9.20992 -55.583298 36.064236 8.118207 -56.554764 30.634726 10.059055 -54.648689 31.409317
5 24 10.059055 -54.648689 31.409317 9.432329 -53.359394 31.946047 9.895907 -53.046719 30.083279 9.846989 -54.403427 35.325867
5 24 9.432329 -53.359394 31.946047 8.001676 -52.859623 32.16193 9.234721 -52.022461 31.008953 9.314329 -53.214352 34.522419
5 24 8.001676 -52.859623 32.16193 6.605154 -53.442131 31.930504 7.797138 -51.72427 31.442062 7.923966 -52.71262 34.124546
5 24 6.605154 -53.442131 31.930504 6.060827 -54.765694 31.387337 6.425275 -52.32682 31.128897 6.490355 -53.192139 34.365314
5 24 6.060827 -54.765694 31.387337 6.687554 -56.054989 30.850607 5.922753 -53.47715 30.252905 5.853287 -54.372009 35.103687
5 24 6.687554 -56.054989 30.850607 8.118207 -56.554764 30.634726 6.583941 -54.501408 29.32723 6.385946 -55.561085 35.907135
5 24 8.118207 -56.554764 30.634726 9.514729 -55.972256 30.86615 8.021523 -54.799599 28.894121 7.776309 -56.062817 36.305004
5 24 9.514729 -55.972256 30.86615 10.059055 -54.648689 31.409317 9.393386 -54.197048 29.207287 9.20992 -55.583298 36.064236
4 16 9.066718 -50.768921 30.02935 9.432329 -53.359394 31.946047 10.059055 -54.648689 31.409317 9.715775 -51.425335 28.808287
4 16 7.651453 -50.726269 30.611029 8.001676 -52.859623 32.16193 9.432329 -53.359394 31.946047 9.066718 -50.768921 30.02935
5 24 6.299023 -51.322361 30.212587 8.001676 -52.859623 32.16193 6.605154 -53.442131 31.930504 7.651453 -50.726269 30.611029
3 16 8.001676 -52.859623 32.16193 7.651453 -50.726269 30.611029 6.299023 -51.322361 30.212587
3 16 6.299023 -51.322361 30.212587 6.605154 -53.442131 31.930504 8.001676 -52.859623 32.16193
5 24 5.801664 -52.208015 29.067427 6.605154 -53.442131 31.930504 6.060827 -54.765694 31.387337 6.299023 -51.322361 30.212587
3 16 6.605154 -53.442131 31.930504 6.299023 -51.322361 30.212587 5.801664 -52.208015 29.067427
3 16 5.801664 -52.208015 29.067427 6.060827 -54.765694 31.387337 6.605154 -53.442131 31.930504
4 16 6.450721 -52.864429 27.846363 6.687554 -56.054989 30.850607 6.060827 -54.765694 31.387337 5.801664 -52.208015 29.067427
4 16 7.865986 -52.907082 27.264683 8.118207 -56.554764 30.634726 6.687554 -56.054989 30.850607 6.450721 -52.864429 27.846363
5 24 9.218416 -52.310989 27.663124 8.118207 -56.554764 30.634726 9.514729 -55.972256 30.86615 7.865986 -52.907082 27.264683
3 16 8.118207 -56.554764 30.634726 7.865986 -52.907082 27.264683 9.218416 -52.310989 27.663124
3 16 9.218416 -52.310989 27.663124 9.514729 -55.972256 30.86615 8.118207 -56.554764 30.634726
5 24 9.715775 -51.425335 28.808287 9.514729 -55.972256 30.86615 10.059055 -54.648689 31.409317 9.218416 -52.310989 27.663124
3 16 9.514729 -55.972256 30.86615 9.218416 -52.310989 27.663124 9.715775 -51.425335 28.808287
3 16 9.715775 -51.425335 28.808287 10.059055 -54.648689 31.409317 9.514729 -55.972256 30.86615
5 24 9.715775 -51.425335 28.808287 10.059055 -54.648689 31.409317 9.218416 -52.310989 27.663124 9.066718 -50.768921 30.02935
5 24 9.066718 -50.768921 30.02935 9.432329 -53.359394 31.946047 9.715775 -51.425335 28.808287 7.651453 -50.726269 30.611029
5 24 7.651453 -50.726269 30.611029 8.001676 -52.859623 32.16193 9.066718 -50.768921 30.02935 6.299023 -51.322361 30.212587
5 24 6.299023 -51.322361 30.212587 6.605154 -53.442131 31.930504 7.651453 -50.726269 30.611029 5.801664 -52.208015 29.067427
5 24 5.801664 -52.208015 29.067427 6.060827 -54.765694 31.387337 6.299023 -51.322361 30.212587 6.450721 -52.864429 27.846363
5 24 6.450721 -52.864429 27.846363 6.687554 -56.054989 30.850607 5.801664 -52.208015 29.067427 7.865986 -52.907082 27.264683
5 24 7.865986 -52.907082 27.264683 8.118207 -56.554764 30.634726 6.450721 -52.864429 27.846363 9.218416 -52.310989 27.663124
5 24 9.218416 -52.310989 27.663124 9.514729 -55.972256 30.86615 7.865986 -52.907082 27.264683 9.715775 -51.425335 28.808287
5 24 9.715775 -51.425335 28.808287 9.066718 -50.768921 30.02935 7.813205 -46.352036 26.150496 10.059055 -54.648689 31.409317
5 24 9.066718 -50.768921 30.02935 7.651453 -50.726269 30.611029 7.232943 -45.773476 27.443441 9.432329 -53.359394 31.946047
5 24 7.651453 -50.726269 30.611029 6.299023 -51.322361 30.212587 5.861304 -45.802578 28.122343 8.001676 -52.859623 32.16193
5 24 6.299023 -51.322361 30.212587 5.801664 -52.208015 29.067427 4.501777 -46.422298 27.789509 6.605154 -53.442131 31.930504
5 24 5.801664 -52.208015 29.067427 6.450721 -52.864429 27.846363 3.950753 -47.269611 26.63991 6.060827 -54.765694 31.387337
5 24 6.450721 -52.864429 27.846363 7.865986 -52.907082 27.264683 4.531015 -47.848175 25.346964 6.687554 -56.054989 30.850607
5 24 7.865986 -52.907082 27.264683 9.218416 -52.310989 27.663124 5.902654 -47.819069 24.668062 8.118207 -56.554764 30.634726
5 24 9.218416 -52.310989 27.663124 9.715775 -51.425335 28.808287 7.262182 -47.199348 25.000896 9.514729 -55.972256 30.86615
5 24 5.396308 -40.774654 24.854233 9.715775 -51.425335 28.808287 9.066718 -50.768921 30.029348 5.900718 -41.274361 23.498131
3 16 9.715775 -51.425335 28.808287 5.900718 -41.274361 23.498131 5.396308 -40.774654 24.854233
3 16 5.396308 -40.774654 24.854233 9.066718 -50.768921 30.029348 9.715775 -51.425335 28.808287
5 24 4.077029 -40.878494 25.623562 9.066718 -50.768921 30.029348 7.651453 -50.726269 30.611029 5.396308 -40.774654 24.854233
3 16 9.066718 -50.768921 30.029348 5.396308 -40.774654 24.854233 4.077029 -40.878494 25.623562
3 16 4.077029 -40.878494 25.623562 7.651453 -50.726269 30.611029 9.066718 -50.768921 30.029348
5 24 2.715696 -41.525055 25.355453 7.651453 -50.726269 30.611029 6.299023 -51.322361 30.212587 4.077029 -40.878494 25.623562
3 16 7.651453 -50.726269 30.611029 4.077029 -40.878494 25.623562 2.715696 -41.525055 25.355453
3 16 2.715696 -41.525055 25.355453 6.299023 -51.322361 30.212587 7.651453 -50.726269 30.611029
5 24 2.10976 -42.335587 24.206964 6.299023 -51.322361 30.212587 5.801664 -52.208015 29.067427 2.715696 -41.525055 25.355453
3 16 6.299023 -51.322361 30.212587 2.715696 -41.525055 25.355453 2.10976 -42.335587 24.206964
3 16 2.10976 -42.335587 24.206964 5.801664 -52.208015 29.067427 6.299023 -51.322361 30.212587
5 24 2.614169 -42.835289 22.850863 5.801664 -52.208015 29.067427 6.450721 -52.864426 27.846363 2.10976 -42.335587 24.206964
3 16 5.801664 -52.208015 29.067427 2.10976 -42.335587 24.206964 2.614169 -42.835289 22.850863
3 16 2.614169 -42.835289 22.850863 6.450721 -52.864426 27.846363 5.801664 -52.208015 29.067427
5 24 3.933449 -42.731449 22.081535 6.450721 -52.864426 27.846363 7.865986 -52.907082 27.264683 2.614169 -42.835289 22.850863
3 16 6.450721 -52.864426 27.846363 2.614169 -42.835289 22.850863 3.933449 -42.731449 22.081535
3 16 3.933449 -42.731449 22.081535 7.865986 -52.907082 27.264683 6.450721 -52.864426 27.846363
5 24 5.294782 -42.084892 22.349642 7.865986 -52.907082 27.264683 9.218416 -52.310989 27.663124 3.933449 -42.731449 22.081535
3 16 7.865986 -52.907082 27.264683 3.933449 -42.731449 22.081535 5.294782 -42.084892 22.349642
3 16 5.294782 -42.084892 22.349642 9.218416 -52.310989 27.663124 7.865986 -52.907082 27.264683
5 24 5.900718 -41.274361 23.498131 9.218416 -52.310989 27.663124 9.715775 -51.425335 28.808287 5.294782 -42.084892 22.349642
3 16 9.218416 -52.310989 27.663124 5.294782 -42.084892 22.349642 5.900718 -41.274361 23.498131
3 16 5.900718 -41.274361 23.498131 9.715775 -51.425335 28.808287 9.218416 -52.310989 27.663124
5 24 5.900718 -41.274361 23.498131 9.715775 -51.425335 28.808287 5.294782 -42.084892 22.349642 5.396308 -40.774654 24.854233
5 24 5.396308 -40.774654 24.854233 9.066718 -50.768921 30.029348 5.900718 -41.274361 23.498131 4.077029 -40.878494 25.623562
5 24 4.077029 -40.878494 25.623562 7.651453 -50.726269 30.611029 5.396308 -40.774654 24.854233 2.715696 -41.525055 25.355453
5 24 2.715696 -41.525055 25.355453 6.299023 -51.322361 30.212587 4.077029 -40.878494 25.623562 2.10976 -42.335587 24.206964
5 24 2.10976 -42.335587 24.206964 5.801664 -52.208015 29.067427 2.715696 -41.525055 25.355453 2.614169 -42.835289 22.850863
5 24 2.614169 -42.835289 22.850863 6.450721 -52.864426 27.846363 2.10976 -42.335587 24.206964 3.933449 -42.731449 22.081535
5 24 3.933449 -42.731449 22.081535 7.865986 -52.907082 27.264683 2.614169 -42.835289 22.850863 5.294782 -42.084892 22.349642
5 24 5.294782 -42.084892 22.349642 9.218416 -52.310989 27.663124 3.933449 -42.731449 22.081535 5.900718 -41.274361 23.498131
5 24 5.900718 -41.274361 23.498131 5.396308 -40.774654 24.854233 4.635696 -38.021484 21.647179 9.715775 -51.425335 28.808287
5 24 5.396308 -40.774654 24.854233 4.077029 -40.878494 25.623562 4.254153 -37.466347 23.02173 9.066718 -50.768921 30.02935
5 24 4.077029 -40.878494 25.623562 2.715696 -41.525055 25.355453 2.993886 -37.497807 23.889994 7.651453 -50.726269 30.611029
5 24 2.715696 -41.525055 25.355453 2.10976 -42.335587 24.206964 1.593143 -38.097443 23.743355 6.299023 -51.322361 30.212587
5 24 2.10976 -42.335587 24.206964 2.614169 -42.835289 22.850863 0.87246 -38.913994 22.667711 5.801664 -52.208015 29.067427
5 24 2.614169 -42.835289 22.850863 3.933449 -42.731449 22.081535 1.254004 -39.469131 21.293161 6.450721 -52.864429 27.846363
5 24 3.933449 -42.731449 22.081535 5.294782 -42.084892 22.349642 2.514271 -39.437672 20.424896 7.865986 -52.907082 27.264683
5 24 5.294782 -42.084892 22.349642 5.900718 -41.274361 23.498131 3.915014 -38.838036 20.571535 9.218416 -52.310989 27.663124
5 24 3.100148 -34.165947 21.1824 5.900718 -41.274361 23.498131 5.396308 -40.774654 24.854233 3.355811 -34.772137 19.800257
3 16 5.900718 -41.274361 23.498131 3.355811 -34.772137 19.800257 3.100148 -34.165947 21.1824
3 16 3.100148 -34.165947 21.1824 5.396308 -40.774654 24.854233 5.900718 -41.274361 23.498131
5 24 1.908849 -34.124783 22.142742 5.396308 -40.774654 24.854233 4.077029 -40.878494 25.623562 3.100148 -34.165947 21.1824
3 16 5.396308 -40.774654 24.854233 3.100148 -34.165947 21.1824 1.908849 -34.124783 22.142742
3 16 1.908849 -34.124783 22.142742 4.077029 -40.878494 25.623562 5.396308 -40.774654 24.854233
5 24 0.479761 -34.672756 22.118729 4.077029 -40.878494 25.623562 2.715696 -41.525055 25.355453 1.908849 -34.124783 22.142742
3 16 4.077029 -40.878494 25.623562 1.908849 -34.124783 22.142742 0.479761 -34.672756 22.118729
3 16 0.479761 -34.672756 22.118729 2.715696 -41.525055 25.355453 4.077029 -40.878494 25.623562
5 24 -0.349975 -35.488876 21.124428 2.715696 -41.525055 25.355453 2.10976 -42.335583 24.206964 0.479761 -34.672756 22.118729
3 16 2.715696 -41.525055 25.355453 0.479761 -34.672756 22.118729 -0.349975 -35.488876 21.124428
3 16 -0.349975 -35.488876 21.124428 2.10976 -42.335583 24.206964 2.715696 -41.525055 25.355453
5 24 -0.094312 -36.095066 19.742285 2.10976 -42.335583 24.206964 2.614169 -42.835289 22.850863 -0.349975 -35.488876 21.124428
3 16 2.10976 -42.335583 24.206964 -0.349975 -35.488876 21.124428 -0.094312 -36.095066 19.742285
3 16 -0.094312 -36.095066 19.742285 2.614169 -42.835289 22.850863 2.10976 -42.335583 24.206964
5 24 1.096987 -36.136227 18.781944 2.614169 -42.835289 22.850863 3.933449 -42.731449 22.081535 -0.094312 -36.095066 19.742285
3 16 2.614169 -42.835289 22.850863 -0.094312 -36.095066 19.742285 1.096987 -36.136227 18.781944
3 16 1.096987 -36.136227 18.781944 3.933449 -42.731449 22.081535 2.614169 -42.835289 22.850863
5 24 2.526075 -35.588253 18.805956 3.933449 -42.731449 22.081535 5.294782 -42.084892 22.349642 1.096987 -36.136227 18.781944
3 16 3.933449 -42.731449 22.081535 1.096987 -36.136227 18.781944 2.526075 -35.588253 18.805956
3 16 2.526075 -35.588253 18.805956 5.294782 -42.084892 22.349642 3.933449 -42.731449 22.081535
5 24 3.355811 -34.772137 19.800257 5.294782 -42.084892 22.349642 5.900718 -41.274361 23.498131 2.526075 -35.588253 18.805956
3 16 5.294782 -42.084892 22.349642 2.526075 -35.588253 18.805956 3.355811 -34.772137 19.800257
3 16 3.355811 -34.772137 19.800257 5.900718 -41.274361 23.498131 5.294782 -42.084892 22.349642
5 24 3.355811 -34.772137 19.800257 5.900718 -41.274361 23.498131 2.526075 -35.588253 18.805956 3.100148 -34.165947 21.1824
5 24 3.100148 -34.165947 21.1824 5.396308 -40.774654 24.854233 3.355811 -34.772137 19.800257 1.908849 -34.124783 22.142742
5 24 1.908849 -34.124783 22.142742 4.077029 -40.878494 25.623562 3.100148 -34.165947 21.1824 0.479761 -34.672756 22.118729
5 24 0.479761 -34.672756 22.118729 2.715696 -41.525055 25.355453 1.908849 -34.124783 22.142742 -0.349975 -35.488876 21.124428
5 24 -0.349975 -35.488876 21.124428 2.10976 -42.335583 24.206964 0.479761 -34.672756 22.118729 -0.094312 -36.095066 19.742285
5 24 -0.094312 -36.095066 19.742285 2.614169 -42.835289 22.850863 -0.349975 -35.488876 21.124428 1.096987 -36.136227 18.781944
5 24 1.096987 -36.136227 18.781944 3.933449 -42.731449 22.081535 -0.094312 -36.095066 19.742285 2.526075 -35.588253 18.805956
5 24 2.526075 -35.588253 18.805956 5.294782 -42.084892 22.349642 1.096987 -36.136227 18.781944 3.355811 -34.772137 19.800257
5 24 3.355811 -34.772137 19.800257 3.100148 -34.165947 21.1824 2.059631 -31.528618 17.95388 5.900718 -41.274361 23.498131
5 24 3.100148 -34.165947 21.1824 1.908849 -34.124783 22.142742 1.936066 -30.874741 19.332403 5.396308 -40.774654 24.854233
5 24 1.908849 -34.124783 22.142742 0.479761 -34.672756 22.118729 0.825856 -30.758928 20.37986 4.077029 -40.878494 25.623562
5 24 0.479761 -34.672756 22.118729 -0.349975 -35.488876 21.124428 -0.620653 -31.249018 20.482666 2.715696 -41.525055 25.355453
5 24 -0.349975 -35.488876 21.124428 -0.094312 -36.095066 19.742285 -1.556116 -32.057926 19.580599 2.10976 -42.335583 24.206964
5 24 -0.094312 -36.095066 19.742285 1.096987 -36.136227 18.781944 -1.432551 -32.7118 18.202076 2.614169 -42.835289 22.850863
5 24 1.096987 -36.136227 18.781944 2.526075 -35.588253 18.805956 -0.32234 -32.827614 17.154619 3.933449 -42.731449 22.081535
5 24 2.526075 -35.588253 18.805956 3.355811 -34.772137 19.800257 1.124169 -32.337524 17.051813 5.294782 -42.084892 22.349642
5 24 0.757796 -27.591274 17.477646 3.355811 -34.772137 19.800257 3.100148 -34.165943 21.1824 0.748222 -28.287329 16.114355
3 16 3.355811 -34.772137 19.800257 0.748222 -28.287329 16.114355 0.757796 -27.591274 17.477646
3 16 0.757796 -27.591274 17.477646 3.100148 -34.165943 21.1824 3.355811 -34.772137 19.800257
5 24 -0.261973 -27.401785 18.603395 3.100148 -34.165943 21.1824 1.908849 -34.124783 22.142742 0.757796 -27.591274 17.477646
3 16 3.100148 -34.165943 21.1824 0.757796 -27.591274 17.477646 -0.261973 -27.401785 18.603395
3 16 -0.261973 -27.401785 18.603395 1.908849 -34.124783 22.142742 3.100148 -34.165943 21.1824
5 24 -1.713719 -27.829865 18.832155 1.908849 -34.124783 22.142742 0.479761 -34.672756 22.118729 -0.261973 -27.401785 18.603395
3 16 1.908849 -34.124783 22.142742 -0.261973 -27.401785 18.603395 -1.713719 -27.829865 18.832155
3 16 -1.713719 -27.829865 18.832155 0.479761 -34.672756 22.118729 1.908849 -34.124783 22.142742
5 24 -2.747027 -28.624746 18.029919 0.479761 -34.672756 22.118729 -0.349975 -35.488876 21.124428 -1.713719 -27.829865 18.832155
3 16 0.479761 -34.672756 22.118729 -1.713719 -27.829865 18.832155 -2.747027 -28.624746 18.029919
3 16 -2.747027 -28.624746 18.029919 -0.349975 -35.488876 21.124428 0.479761 -34.672756 22.118729
5 24 -2.756602 -29.320801 16.666628 -0.349975 -35.488876 21.124428 -0.094313 -36.095066 19.742285 -2.747027 -28.624746 18.029919
3 16 -0.349975 -35.488876 21.124428 -2.747027 -28.624746 18.029919 -2.756602 -29.320801 16.666628
3 16 -2.756602 -29.320801 16.666628 -0.094313 -36.095066 19.742285 -0.349975 -35.488876 21.124428
5 24 -1.736832 -29.510288 15.540878 -0.094313 -36.095066 19.742285 1.096987 -36.136227 18.781944 -2.756602 -29.320801 16.666628
3 16 -0.094313 -36.095066 19.742285 -2.756602 -29.320801 16.666628 -1.736832 -29.510288 15.540878
3 16 -1.736832 -29.510288 15.540878 1.096987 -36.136227 18.781944 -0.094313 -36.095066 19.742285
5 24 -0.285087 -29.082211 15.312119 1.096987 -36.136227 18.781944 2.526075 -35.588253 18.805956 -1.736832 -29.510288 15.540878
3 16 1.096987 -36.136227 18.781944 -1.736832 -29.510288 15.540878 -0.285087 -29.082211 15.312119
3 16 -0.285087 -29.082211 15.312119 2.526075 -35.588253 18.805956 1.096987 -36.136227 18.781944
5 24 0.748222 -28.287329 16.114355 2.526075 -35.588253 18.805956 3.355811 -34.772137 19.800257 -0.285087 -29.082211 15.312119
3 16 2.526075 -35.588253 18.805956 -0.285087 -29.082211 15.312119 0.748222 -28.287329 16.114355
3 16 0.748222 -28.287329 16.114355 3.355811 -34.772137 19.800257 2.526075 -35.588253 18.805956
5 24 0.748222 -28.287329 16.114355 3.355811 -34.772137 19.800257 -0.285087 -29.082211 15.312119 0.757796 -27.591274 17.477646
5 24 0.757796 -27.591274 17.477646 3.100148 -34.165943 21.1824 0.748222 -28.287329 16.114355 -0.261973 -27.401785 18.603395
5 24 -0.261973 -27.401785 18.603395 1.908849 -34.124783 22.142742 0.757796 -27.591274 17.477646 -1.713719 -27.829865 18.832155
5 24 -1.713719 -27.829865 18.832155 0.479761 -34.672756 22.118729 -0.261973 -27.401785 18.603395 -2.747027 -28.624746 18.029919
5 24 -2.747027 -28.624746 18.029919 -0.349975 -35.488876 21.124428 -1.713719 -27.829865 18.832155 -2.756602 -29.320801 16.666628
5 24 -2.756602 -29.320801 16.666628 -0.094313 -36.095066 19.742285 -2.747027 -28.624746 18.029919 -1.736832 -29.510288 15.540878
5 24 -1.736832 -29.510288 15.540878 1.096987 -36.136227 18.781944 -2.756602 -29.320801 16.666628 -0.285087 -29.082211 15.312119
5 24 -0.285087 -29.082211 15.312119 2.526075 -35.588253 18.805956 -1.736832 -29.510288 15.540878 0.748222 -28.287329 16.114355
5 24 0.748222 -28.287329 16.114355 0.757796 -27.591274 17.477646 -0.591577 -25.06352 14.261369 3.355811 -34.772137 19.800257
5 24 0.757796 -27.591274 17.477646 -0.261973 -27.401785 18.603395 -0.42719 -24.325771 15.592478 3.100148 -34.165947 21.1824
5 24 -0.261973 -27.401785 18.603395 -1.713719 -27.829865 18.832155 -1.330912 -24.05257 16.797382 1.908849 -34.124783 22.142742
5 24 -1.713719 -27.829865 18.832155 -2.747027 -28.624746 18.029919 -2.773352 -24.403954 17.170267 0.479761 -34.672756 22.118729
5 24 -2.747027 -28.624746 18.029919 -2.756602 -29.320801 16.666628 -3.909549 -25.174086 16.492699 -0.349975 -35.488876 21.124428
5 24 -2.756602 -29.320801 16.666628 -1.736832 -29.510288 15.540878 -4.073936 -25.911835 15.161591 -0.094312 -36.095066 19.742285
5 24 -1.736832 -29.510288 15.540878 -0.285087 -29.082211 15.312119 -3.170215 -26.185036 13.956686 1.096987 -36.136227 18.781944
5 24 -0.285087 -29.082211 15.312119 0.748222 -28.287329 16.114355 -1.727774 -25.833652 13.583801 2.526075 -35.588253 18.805956
5 24 -1.632986 -21.069321 13.70485 0.748222 -28.287329 16.114355 0.757796 -27.591274 17.477646 -1.950309 -21.840343 12.421115
3 16 0.748222 -28.287329 16.114355 -1.950309 -21.840343 12.421115 -1.632986 -21.069321 13.70485
3 16 -1.632986 -21.069321 13.70485 0.757796 -27.591274 17.477646 0.748222 -28.287329 16.114355
5 24 -2.410345 -20.715523 14.97516 0.757796 -27.591274 17.477646 -0.261973 -27.401785 18.603395 -1.632986 -21.069321 13.70485
3 16 0.757796 -27.591274 17.477646 -1.632986 -21.069321 13.70485 -2.410345 -20.715523 14.97516
3 16 -2.410345 -20.715523 14.97516 -0.261973 -27.401785 18.603395 0.757796 -27.591274 17.477646
5 24 -3.827018 -20.9862 15.487914 -0.261973 -27.401785 18.603395 -1.713719 -27.829865 18.832155 -2.410345 -20.715523 14.97516
3 16 -0.261973 -27.401785 18.603395 -2.410345 -20.715523 14.97516 -3.827018 -20.9862 15.487914
3 16 -3.827018 -20.9862 15.487914 -1.713719 -27.829865 18.832155 -0.261973 -27.401785 18.603395
5 24 -5.053138 -21.722794 14.942747 -1.713719 -27.829865 18.832155 -2.747027 -28.624746 18.029919 -3.827018 -20.9862 15.487914
3 16 -1.713719 -27.829865 18.832155 -3.827018 -20.9862 15.487914 -5.053138 -21.722794 14.942747
3 16 -5.053138 -21.722794 14.942747 -2.747027 -28.624746 18.029919 -1.713719 -27.829865 18.832155
5 24 -5.370461 -22.493818 13.659013 -2.747027 -28.624746 18.029919 -2.756602 -29.320801 16.666628 -5.053138 -21.722794 14.942747
3 16 -2.747027 -28.624746 18.029919 -5.053138 -21.722794 14.942747 -5.370461 -22.493818 13.659013
3 16 -5.370461 -22.493818 13.659013 -2.756602 -29.320801 16.666628 -2.747027 -28.624746 18.029919
5 24 -4.593102 -22.847614 12.388702 -2.756602 -29.320801 16.666628 -1.736832 -29.510288 15.540878 -5.370461 -22.493818 13.659013
3 16 -2.756602 -29.320801 16.666628 -5.370461 -22.493818 13.659013 -4.593102 -22.847614 12.388702
3 16 -4.593102 -22.847614 12.388702 -1.736832 -29.510288 15.540878 -2.756602 -29.320801 16.666628
5 24 -3.176428 -22.576937 11.875948 -1.736832 -29.510288 15.540878 -0.285087 -29.082211 15.312119 -4.593102 -22.847614 12.388702
3 16 -1.736832 -29.510288 15.540878 -4.593102 -22.847614 12.388702 -3.176428 -22.576937 11.875948
3 16 -3.176428 -22.576937 11.875948 -0.285087 -29.082211 15.312119 -1.736832 -29.510288 15.540878
5 24 -1.950309 -21.840343 12.421115 -0.285087 -29.082211 15.312119 0.748222 -28.287329 16.114355 -3.176428 -22.576937 11.875948
3 16 -0.285087 -29.082211 15.312119 -3.176428 -22.576937 11.875948 -1.950309 -21.840343 12.421115
3 16 -1.950309 -21.840343 12.421115 0.748222 -28.287329 16.114355 -0.285087 -29.082211 15.312119
5 24 -1.950309 -21.840343 12.421115 0.748222 -28.287329 16.114355 -3.176428 -22.576937 11.875948 -1.632986 -21.069321 13.70485
5 24 -1.632986 -21.069321 13.70485 0.757796 -27.591274 17.477646 -1.950309 -21.840343 12.421115 -2.410345 -20.715523 14.97516
5 24 -2.410345 -20.715523 14.97516 -0.261973 -27.401785 18.603395 -1.632986 -21.069321 13.70485 -3.827018 -20.9862 15.487914
5 24 -3.827018 -20.9862 15.487914 -1.713719 -27.829865 18.832155 -2.410345 -20.715523 14.97516 -5.053138 -21.722794 14.942747
5 24 -5.053138 -21.722794 14.942747 -2.747027 -28.624746 18.029919 -3.827018 -20.9862 15.487914 -5.370461 -22.493818 13.659013
5 24 -5.370461 -22.493818 13.659013 -2.756602 -29.320801 16.666628 -5.053138 -21.722794 14.942747 -4.593102 -22.847614 12.388702
5 24 -4.593102 -22.847614 12.388702 -1.736832 -29.510288 15.540878 -5.370461 -22.493818 13.659013 -3.176428 -22.576937 11.875948
5 24 -3.176428 -22.576937 11.875948 -0.285087 -29.082211 15.312119 -4.593102 -22.847614 12.388702 -1.950309 -21.840343 12.421115
5 24 -1.950309 -21.840343 12.421115 -1.632986 -21.069321 13.70485 -3.3367 -18.62484 10.586171 0.748222 -28.287329 16.114355
5 24 -1.632986 -21.069321 13.70485 -2.410345 -20.715523 14.97516 -2.859185 -17.827885 11.802719 0.757796 -27.591274 17.477646
5 24 -2.410345 -20.715523 14.97516 -3.827018 -20.9862 15.487914 -3.490973 -17.39204 13.127116 -0.261973 -27.401785 18.603395
5 24 -3.827018 -20.9862 15.487914 -5.053138 -21.722794 14.942747 -4.861972 -17.572613 13.783548 -1.713719 -27.829865 18.832155
5 24 -5.053138 -21.722794 14.942747 -5.370461 -22.493818 13.659013 -6.169067 -18.26383 13.387486 -2.747027 -28.624746 18.029919
5 24 -5.370461 -22.493818 13.659013 -4.593102 -22.847614 12.388702 -6.646583 -19.060785 12.170938 -2.756602 -29.320801 16.666628
5 24 -4.593102 -22.847614 12.388702 -3.176428 -22.576937 11.875948 -6.014794 -19.496632 10.84654 -1.736832 -29.510288 15.540878
5 24 -3.176428 -22.576937 11.875948 -1.950309 -21.840343 12.421115 -4.643796 -19.316057 10.190108 -0.285087 -29.082211 15.312119
5 24 -4.110314 -14.594566 9.903012 -1.950309 -21.840343 12.421115 -1.632986 -21.069321 13.70485 -4.741736 -15.406959 8.769667
3 16 -1.950309 -21.840343 12.421115 -4.741736 -15.406959 8.769667 -4.110314 -14.594566 9.903012
3 16 -4.110314 -14.594566 9.903012 -1.632986 -21.069321 13.70485 -1.950309 -21.840343 12.421115
5 24 -4.588215 -14.082409 11.26406 -1.632986 -21.069321 13.70485 -2.410345 -20.715523 14.97516 -4.110314 -14.594566 9.903012
3 16 -1.632986 -21.069321 13.70485 -4.110314 -14.594566 9.903012 -4.588215 -14.082409 11.26406
3 16 -4.588215 -14.082409 11.26406 -2.410345 -20.715523 14.97516 -1.632986 -21.069321 13.70485
5 24 -5.895489 -14.170503 12.055529 -2.410345 -20.715523 14.97516 -3.827018 -20.9862 15.487914 -4.588215 -14.082409 11.26406
3 16 -2.410345 -20.715523 14.97516 -4.588215 -14.082409 11.26406 -5.895489 -14.170503 12.055529
3 16 -5.895489 -14.170503 12.055529 -3.827018 -20.9862 15.487914 -2.410345 -20.715523 14.97516
5 24 -7.266353 -14.807243 11.813785 -3.827018 -20.9862 15.487914 -5.053138 -21.722794 14.942747 -5.895489 -14.170503 12.055529
3 16 -3.827018 -20.9862 15.487914 -5.895489 -14.170503 12.055529 -7.266353 -14.807243 11.813785
3 16 -7.266353 -14.807243 11.813785 -5.053138 -21.722794 14.942747 -3.827018 -20.9862 15.487914
5 24 -7.897774 -15.619637 10.680439 -5.053138 -21.722794 14.942747 -5.370461 -22.493818 13.659012 -7.266353 -14.807243 11.813785
3 16 -5.053138 -21.722794 14.942747 -7.266353 -14.807243 11.813785 -7.897774 -15.619637 10.680439
3 16 -7.897774 -15.619637 10.680439 -5.370461 -22.493818 13.659012 -5.053138 -21.722794 14.942747
5 24 -7.419873 -16.131792 9.31939 -5.370461 -22.493818 13.659012 -4.593102 -22.847614 12.388702 -7.897774 -15.619637 10.680439
3 16 -5.370461 -22.493818 13.659012 -7.897774 -15.619637 10.680439 -7.419873 -16.131792 9.31939
3 16 -7.419873 -16.131792 9.31939 -4.593102 -22.847614 12.388702 -5.370461 -22.493818 13.659012
5 24 -6.1126 -16.043699 8.527923 -4.593102 -22.847614 12.388702 -3.176429 -22.576937 11.875948 -7.419873 -16.131792 9.31939
3 16 -4.593102 -22.847614 12.388702 -7.419873 -16.131792 9.31939 -6.1126 -16.043699 8.527923
3 16 -6.1126 -16.043699 8.527923 -3.176429 -22.576937 11.875948 -4.593102 -22.847614 12.388702
5 24 -4.741736 -15.406959 8.769667 -3.176429 -22.576937 11.875948 -1.950309 -21.840343 12.421115 -6.1126 -16.043699 8.527923
3 16 -3.176429 -22.576937 11.875948 -6.1126 -16.043699 8.527923 -4.741736 -15.406959 8.769667
3 16 -4.741736 -15.406959 8.769667 -1.950309 -21.840343 12.421115 -3.176429 -22.576937 11.875948
5 24 -4.741736 -15.406959 8.769667 -1.950309 -21.840343 12.421115 -6.1126 -16.043699 8.527923 -4.110314 -14.594566 9.903012
5 24 -4.110314 -14.594566 9.903012 -1.632986 -21.069321 13.70485 -4.741736 -15.406959 8.769667 -4.588215 -14.082409 11.26406
5 24 -4.588215 -14.082409 11.26406 -2.410345 -20.715523 14.97516 -4.110314 -14.594566 9.903012 -5.895489 -14.170503 12.055529
5 24 -5.895489 -14.170503 12.055529 -3.827018 -20.9862 15.487914 -4.588215 -14.082409 11.26406 -7.266353 -14.807243 11.813785
5 24 -7.266353 -14.807243 11.813785 -5.053138 -21.722794 14.942747 -5.895489 -14.170503 12.055529 -7.897774 -15.619637 10.680439
5 24 -7.897774 -15.619637 10.680439 -5.370461 -22.493818 13.659012 -7.266353 -14.807243 11.813785 -7.419873 -16.131792 9.31939
5 24 -7.419873 -16.131792 9.31939 -4.593102 -22.847614 12.388702 -7.897774 -15.619637 10.680439 -6.1126 -16.043699 8.527923
5 24 -6.1126 -16.043699 8.527923 -3.176429 -22.576937 11.875948 -7.419873 -16.131792 9.31939 -4.741736 -15.406959 8.769667
5 24 -4.741736 -15.406959 8.769667 -4.110314 -14.594566 9.903012 -6.158808 -12.18222 6.975549 -1.950309 -21.840343 12.421115
5 24 -4.110314 -14.594566 9.903012 -4.588215 -14.082409 11.26406 -5.385424 -11.36507 8.013475 -1.632986 -21.069321 13.70485
5 24 -4.588215 -14.082409 11.26406 -5.895489 -14.170503 12.055529 -5.707332 -10.785046 9.393001 -2.410345 -20.715523 14.97516
5 24 -5.895489 -14.170503 12.055529 -7.266353 -14.807243 11.813785 -6.935963 -10.781916 10.30602 -3.827018 -20.9862 15.487914
5 24 -7.266353 -14.807243 11.813785 -7.897774 -15.619637 10.680439 -8.351602 -11.357514 10.217696 -5.053138 -21.722794 14.942747
5 24 -7.897774 -15.619637 10.680439 -7.419873 -16.131792 9.31939 -9.124986 -12.174664 9.17977 -5.370461 -22.493818 13.659012
5 24 -7.419873 -16.131792 9.31939 -6.1126 -16.043699 8.527923 -8.803077 -12.754688 7.800244 -4.593102 -22.847614 12.388702
5 24 -6.1126 -16.043699 8.527923 -4.741736 -15.406959 8.769667 -7.574446 -12.757819 6.887226 -3.176428 -22.576937 11.875948
5 24 -6.683898 -8.140634 6.131225 -4.741736 -15.406959 8.769667 -4.110314 -14.594565 9.903011 -7.589581 -8.952328 5.201689
3 16 -4.741736 -15.406959 8.769667 -7.589581 -8.952328 5.201689 -6.683898 -8.140634 6.131225
3 16 -6.683898 -8.140634 6.131225 -4.110314 -14.594565 9.903011 -4.741736 -15.406959 8.769667
5 24 -6.845792 -7.499989 7.51199 -4.110314 -14.594565 9.903011 -4.588215 -14.082409 11.26406 -6.683898 -8.140634 6.131225
3 16 -4.110314 -14.594565 9.903011 -6.683898 -8.140634 6.131225 -6.845792 -7.499989 7.51199
3 16 -6.845792 -7.499989 7.51199 -4.588215 -14.082409 11.26406 -4.110314 -14.594565 9.903011
5 24 -7.980427 -7.405674 8.53515 -4.588215 -14.082409 11.26406 -5.895489 -14.170503 12.055529 -6.845792 -7.499989 7.51199
3 16 -4.588215 -14.082409 11.26406 -6.845792 -7.499989 7.51199 -7.980427 -7.405674 8.53515
3 16 -7.980427 -7.405674 8.53515 -5.895489 -14.170503 12.055529 -4.588215 -14.082409 11.26406
5 24 -9.423149 -7.912938 8.601351 -5.895489 -14.170503 12.055529 -7.266353 -14.807243 11.813785 -7.980427 -7.405674 8.53515
3 16 -5.895489 -14.170503 12.055529 -7.980427 -7.405674 8.53515 -9.423149 -7.912938 8.601351
3 16 -9.423149 -7.912938 8.601351 -7.266353 -14.807243 11.813785 -5.895489 -14.170503 12.055529
5 24 -10.328832 -8.724632 7.671814 -7.266353 -14.807243 11.813785 -7.897774 -15.619637 10.680439 -9.423149 -7.912938 8.601351
3 16 -7.266353 -14.807243 11.813785 -9.423149 -7.912938 8.601351 -10.328832 -8.724632 7.671814
3 16 -10.328832 -8.724632 7.671814 -7.897774 -15.619637 10.680439 -7.266353 -14.807243 11.813785
5 24 -10.166938 -9.365277 6.29105 -7.897774 -15.619637 10.680439 -7.419873 -16.131792 9.31939 -10.328832 -8.724632 7.671814
3 16 -7.897774 -15.619637 10.680439 -10.328832 -8.724632 7.671814 -10.166938 -9.365277 6.29105
3 16 -10.166938 -9.365277 6.29105 -7.419873 -16.131792 9.31939 -7.897774 -15.619637 10.680439
5 24 -9.032303 -9.459593 5.26789 -7.419873 -16.131792 9.31939 -6.1126 -16.043699 8.527923 -10.166938 -9.365277 6.29105
3 16 -7.419873 -16.131792 9.31939 -10.166938 -9.365277 6.29105 -9.032303 -9.459593 5.26789
3 16 -9.032303 -9.459593 5.26789 -6.1126 -16.043699 8.527923 -7.419873 -16.131792 9.31939
5 24 -7.589581 -8.952328 5.201689 -6.1126 -16.043699 8.527923 -4.741736 -15.406959 8.769667 -9.032303 -9.459593 5.26789
3 16 -6.1126 -16.043699 8.527923 -9.032303 -9.459593 5.26789 -7.589581 -8.952328 5.201689
3 16 -7.589581 -8.952328 5.201689 -4.741736 -15.406959 8.769667 -6.1126 -16.043699 8.527923
5 24 -7.589581 -8.952328 5.201689 -4.741736 -15.406959 8.769667 -9.032303 -9.459593 5.26789 -6.683898 -8.140634 6.131225
5 24 -6.683898 -8.140634 6.131225 -4.110314 -14.594565 9.903011 -7.589581 -8.952328 5.201689 -6.845792 -7.499989 7.51199
5 24 -6.845792 -7.499989 7.51199 -4.588215 -14.082409 11.26406 -6.683898 -8.140634 6.131225 -7.980427 -7.405674 8.53515
5 24 -7.980427 -7.405674 8.53515 -5.895489 -14.170503 12.055529 -6.845792 -7.499989 7.51199 -9.423149 -7.912938 8.601351
5 24 -9.423149 -7.912938 8.601351 -7.266353 -14.807243 11.813785 -7.980427 -7.405674 8.53515 -10.328832 -8.724632 7.671814
5 24 -10.328832 -8.724632 7.671814 -7.897774 -15.619637 10.680439 -9.423149 -7.912938 8.601351 -10.166938 -9.365277 6.29105
5 24 -10.166938 -9.365277 6.29105 -7.419873 -16.131792 9.31939 -10.328832 -8.724632 7.671814 -9.032303 -9.459593 5.26789
5 24 -9.032303 -9.459593 5.26789 -6.1126 -16.043699 8.527923 -10.166938 -9.365277 6.29105 -7.589581 -8.952328 5.201689
5 24 -7.589581 -8.952328 5.201689 -6.683898 -8.140634 6.131225 -9.010009 -5.705058 3.454408 -4.741736 -15.406959 8.769667
5 24 -6.683898 -8.140634 6.131225 -6.845792 -7.499989 7.51199 -7.996228 -4.906725 4.277851 -4.110314 -14.594565 9.903012
5 24 -6.845792 -7.499989 7.51199 -7.980427 -7.405674 8.53515 -8.014192 -4.218915 5.645236 -4.588215 -14.082409 11.26406
5 24 -7.980427 -7.405674 8.53515 -9.423149 -7.912938 8.601351 -9.053375 -4.044537 6.755567 -5.895489 -14.170503 12.055529
5 24 -9.423149 -7.912938 8.601351 -10.328832 -8.724632 7.671814 -10.505041 -4.485741 6.958426 -7.266353 -14.807243 11.813785
5 24 -10.328832 -8.724632 7.671814 -10.166938 -9.365277 6.29105 -11.518823 -5.284074 6.134984 -7.897774 -15.619637 10.680439
5 24 -10.166938 -9.365277 6.29105 -9.032303 -9.459593 5.26789 -11.500859 -5.971883 4.767598 -7.419873 -16.131792 9.31939
5 24 -9.032303 -9.459593 5.26789 -7.589581 -8.952328 5.201689 -10.461675 -6.146261 3.657267 -6.1126 -16.043699 8.527923
5 24 -9.325935 -1.674677 2.433639 -7.589581 -8.952328 5.201689 -6.683898 -8.140634 6.131225 -10.437813 -2.451771 1.724413
3 16 -7.589581 -8.952328 5.201689 -10.437813 -2.451771 1.724413 -9.325935 -1.674677 2.433639
3 16 -9.325935 -1.674677 2.433639 -6.683898 -8.140634 6.131225 -7.589581 -8.952328 5.201689
5 24 -9.199792 -0.946489 3.774152 -6.683898 -8.140634 6.131225 -6.845792 -7.499989 7.51199 -9.325935 -1.674677 2.433639
3 16 -6.683898 -8.140634 6.131225 -9.325935 -1.674677 2.433639 -9.199792 -0.946489 3.774152
3 16 -9.199792 -0.946489 3.774152 -6.845792 -7.499989 7.51199 -6.683898 -8.140634 6.131225
5 24 -10.133272 -0.693769 4.960699 -6.845792 -7.499989 7.51199 -7.980427 -7.405674 8.53515 -9.199792 -0.946489 3.774152
3 16 -6.845792 -7.499989 7.51199 -9.199792 -0.946489 3.774152 -10.133272 -0.693769 4.960699
3 16 -10.133272 -0.693769 4.960699 -7.980427 -7.405674 8.53515 -6.845792 -7.499989 7.51199
5 24 -11.579558 -1.064559 5.298215 -7.980427 -7.405674 8.53515 -9.423149 -7.912938 8.601351 -10.133272 -0.693769 4.960699
3 16 -7.980427 -7.405674 8.53515 -10.133272 -0.693769 4.960699 -11.579558 -1.064559 5.298215
3 16 -11.579558 -1.064559 5.298215 -9.423149 -7.912938 8.601351 -7.980427 -7.405674 8.53515
5 24 -12.691436 -1.841653 4.58899 -9.423149 -7.912938 8.601351 -10.328832 -8.724632 7.671814 -11.579558 -1.064559 5.298215
3 16 -9.423149 -7.912938 8.601351 -11.579558 -1.064559 5.298215 -12.691436 -1.841653 4.58899
3 16 -12.691436 -1.841653 4.58899 -10.328832 -8.724632 7.671814 -9.423149 -7.912938 8.601351
5 24 -12.81758 -2.569841 3.248477 -10.328832 -8.724632 7.671814 -10.166938 -9.365277 6.29105 -12.691436 -1.841653 4.58899
3 16 -10.328832 -8.724632 7.671814 -12.691436 -1.841653 4.58899 -12.81758 -2.569841 3.248477
3 16 -12.81758 -2.569841 3.248477 -10.166938 -9.365277 6.29105 -10.328832 -8.724632 7.671814
5 24 -11.884099 -2.822561 2.06193 -10.166938 -9.365277 6.29105 -9.032303 -9.459592 5.26789 -12.81758 -2.569841 3.248477
3 16 -10.166938 -9.365277 6.29105 -12.81758 -2.569841 3.248477 -11.884099 -2.822561 2.06193
3 16 -11.884099 -2.822561 2.06193 -9.032303 -9.459592 5.26789 -10.166938 -9.365277 6.29105
5 24 -10.437813 -2.451771 1.724413 -9.032303 -9.459592 5.26789 -7.589581 -8.952328 5.201689 -11.884099 -2.822561 2.06193
3 16 -9.032303 -9.459592 5.26789 -11.884099 -2.822561 2.06193 -10.437813 -2.451771 1.724413
3 16 -10.437813 -2.451771 1.724413 -7.589581 -8.952328 5.201689 -9.032303 -9.459592 5.26789
5 24 -10.437813 -2.451771 1.724413 -7.589581 -8.952328 5.201689 -11.884099 -2.822561 2.06193 -9.325935 -1.674677 2.433639
5 24 -9.325935 -1.674677 2.433639 -6.683898 -8.140634 6.131225 -10.437813 -2.451771 1.724413 -9.199792 -0.946489 3.774152
5 24 -9.199792 -0.946489 3.774152 -6.845792 -7.499989 7.51199 -9.325935 -1.674677 2.433639 -10.133272 -0.693769 4.960699
5 24 -10.133272 -0.693769 4.960699 -7.980427 -7.405674 8.53515 -9.199792 -0.946489 3.774152 -11.579558 -1.064559 5.298215
5 24 -11.579558 -1.064559 5.298215 -9.423149 -7.912938 8.601351 -10.133272 -0.693769 4.960699 -12.691436 -1.841653 4.58899
5 24 -12.691436 -1.841653 4.58899 -10.328832 -8.724632 7.671814 -11.579558 -1.064559 5.298215 -12.81758 -2.569841 3.248477
5 24 -12.81758 -2.569841 3.248477 -10.166938 -9.365277 6.29105 -12.691436 -1.841653 4.58899 -11.884099 -2.822561 2.06193
5 24 -11.884099 -2.822561 2.06193 -9.032303 -9.459592 5.26789 -12.81758 -2.569841 3.248477 -10.437813 -2.451771 1.724413
5 24 -10.437813 -2.451771 1.724413 -9.325935 -1.674677 2.433639 -12.664698 2.862764 -1.024032 -7.589581 -8.952328 5.201689
5 24 -9.325935 -1.674677 2.433639 -9.199792 -0.946489 3.774152 -11.409554 3.474019 -0.396236 -6.683898 -8.140634 6.131225
5 24 -9.199792 -0.946489 3.774152 -10.133272 -0.693769 4.960699 -11.065382 4.076524 0.968197 -6.845792 -7.499989 7.51199
5 24 -10.133272 -0.693769 4.960699 -11.579558 -1.064559 5.298215 -11.833794 4.317342 2.270003 -7.980427 -7.405674 8.53515
5 24 -11.579558 -1.064559 5.298215 -12.691436 -1.841653 4.58899 -13.264665 4.055403 2.746598 -9.423149 -7.912938 8.601351
5 24 -12.691436 -1.841653 4.58899 -12.81758 -2.569841 3.248477 -14.519809 3.444148 2.118804 -10.328832 -8.724632 7.671814
5 24 -12.81758 -2.569841 3.248477 -11.884099 -2.822561 2.06193 -14.86398 2.841642 0.75437 -10.166938 -9.365277 6.29105
5 24 -11.884099 -2.822561 2.06193 -10.437813 -2.451771 1.724413 -14.095568 2.600825 -0.547436 -9.032303 -9.459592 5.26789
5 24 -13.518258 8.649565 -3.214408 -10.437813 -2.451771 1.724413 -9.325935 -1.674677 2.433638 -14.889499 8.209515 -3.733254
3 16 -10.437813 -2.451771 1.724413 -14.889499 8.209515 -3.733254 -13.518258 8.649565 -3.214408
3 16 -13.518258 8.649565 -3.214408 -9.325935 -1.674677 2.433638 -10.437813 -2.451771 1.724413
5 24 -12.968536 9.105294 -1.860428 -9.325935 -1.674677 2.433638 -9.199792 -0.946489 3.774152 -13.518258 8.649565 -3.214408
3 16 -9.325935 -1.674677 2.433638 -13.518258 8.649565 -3.214408 -12.968536 9.105294 -1.860428
3 16 -12.968536 9.105294 -1.860428 -9.199792 -0.946489 3.774152 -9.325935 -1.674677 2.433638
5 24 -13.56235 9.309744 -0.464459 -9.199792 -0.946489 3.774152 -10.133272 -0.693769 4.960699 -12.968536 9.105294 -1.860428
3 16 -9.199792 -0.946489 3.774152 -12.968536 9.105294 -1.860428 -13.56235 9.309744 -0.464459
3 16 -13.56235 9.309744 -0.464459 -10.133272 -0.693769 4.960699 -9.199792 -0.946489 3.774152
5 24 -14.951854 9.143149 0.15576 -10.133272 -0.693769 4.960699 -11.579558 -1.064559 5.298215 -13.56235 9.309744 -0.464459
3 16 -10.133272 -0.693769 4.960699 -13.56235 9.309744 -0.464459 -14.951854 9.143149 0.15576
3 16 -14.951854 9.143149 0.15576 -11.579558 -1.064559 5.298215 -10.133272 -0.693769 4.960699
5 24 -16.323095 8.703099 -0.363086 -11.579558 -1.064559 5.298215 -12.691436 -1.841653 4.58899 -14.951854 9.143149 0.15576
3 16 -11.579558 -1.064559 5.298215 -14.951854 9.143149 0.15576 -16.323095 8.703099 -0.363086
3 16 -16.323095 8.703099 -0.363086 -12.691436 -1.841653 4.58899 -11.579558 -1.064559 5.298215
5 24 -16.872818 8.24737 -1.717066 -12.691436 -1.841653 4.58899 -12.81758 -2.569841 3.248477 -16.323095 8.703099 -0.363086
3 16 -12.691436 -1.841653 4.58899 -16.323095 8.703099 -0.363086 -16.872818 8.24737 -1.717066
3 16 -16.872818 8.24737 -1.717066 -12.81758 -2.569841 3.248477 -12.691436 -1.841653 4.58899
5 24 -16.279003 8.04292 -3.113036 -12.81758 -2.569841 3.248477 -11.884099 -2.822561 2.06193 -16.872818 8.24737 -1.717066
3 16 -12.81758 -2.569841 3.248477 -16.872818 8.24737 -1.717066 -16.279003 8.04292 -3.113036
3 16 -16.279003 8.04292 -3.113036 -11.884099 -2.822561 2.06193 -12.81758 -2.569841 3.248477
5 24 -14.889499 8.209515 -3.733254 -11.884099 -2.822561 2.06193 -10.437813 -2.451771 1.724413 -16.279003 8.04292 -3.113036
3 16 -11.884099 -2.822561 2.06193 -16.279003 8.04292 -3.113036 -14.889499 8.209515 -3.733254
3 16 -14.889499 8.209515 -3.733254 -10.437813 -2.451771 1.724413 -11.884099 -2.822561 2.06193
5 24 -14.889499 8.209515 -3.733254 -10.437813 -2.451771 1.724413 -16.279003 8.04292 -3.113036 -13.518258 8.649565 -3.214408
5 24 -13.518258 8.649565 -3.214408 -9.325935 -1.674677 2.433638 -14.889499 8.209515 -3.733254 -12.968536 9.105294 -1.860428
5 24 -12.968536 9.105294 -1.860428 -9.199792 -0.946489 3.774152 -13.518258 8.649565 -3.214408 -13.56235 9.309744 -0.464459
5 24 -13.56235 9.309744 -0.464459 -10.133272 -0.693769 4.960699 -12.968536 9.105294 -1.860428 -14.951854 9.143149 0.15576
5 24 -14.951854 9.143149 0.15576 -11.579558 -1.064559 5.298215 -13.56235 9.309744 -0.464459 -16.323095 8.703099 -0.363086
5 24 -16.323095 8.703099 -0.363086 -12.691436 -1.841653 4.58899 -14.951854 9.143149 0.15576 -16.872818 8.24737 -1.717066
5 24 -16.872818 8.24737 -1.717066 -12.81758 -2.569841 3.248477 -16.323095 8.703099 -0.363086 -16.279003 8.04292 -3.113036
5 24 -16.279003 8.04292 -3.113036 -11.884099 -2.822561 2.06193 -16.872818 8.24737 -1.717066 -14.889499 8.209515 -3.733254
5 24 -14.889499 8.209515 -3.733254 -13.518258 8.649565 -3.214408 -15.256893 10.317454 -3.832893 -10.437813 -2.451771 1.724413
5 24 -13.518258 8.649565 -3.214408 -12.968536 9.105294 -1.860428 -13.793533 10.341279 -3.38439 -9.325935 -1.674677 2.433639
5 24 -12.968536 9.105294 -1.860428 -13.56235 9.309744 -0.464459 -13.075271 10.502636 -2.042299 -9.199792 -0.946489 3.774152
5 24 -13.56235 9.309744 -0.464459 -14.951854 9.143149 0.15576 -13.522853 10.707006 -0.592799 -10.133272 -0.693769 4.960699
5 24 -14.951854 9.143149 0.15576 -16.323095 8.703099 -0.363086 -14.874094 10.834671 0.115011 -11.579558 -1.064559 5.298215
5 24 -16.323095 8.703099 -0.363086 -16.872818 8.24737 -1.717066 -16.337454 10.810847 -0.333492 -12.691436 -1.841653 4.58899
5 24 -16.872818 8.24737 -1.717066 -16.279003 8.04292 -3.113036 -17.055717 10.649489 -1.675583 -12.81758 -2.569841 3.248477
5 24 -16.279003 8.04292 -3.113036 -14.889499 8.209515 -3.733254 -16.608135 10.44512 -3.125083 -11.884099 -2.822561 2.06193
5 24 -14.123197 12.08403 -3.561527 -14.889499 8.209515 -3.733254 -13.518258 8.649565 -3.214408 -15.564011 12.476777 -3.89761
3 16 -14.889499 8.209515 -3.733254 -15.564011 12.476777 -3.89761 -14.123197 12.08403 -3.561527
3 16 -14.123197 12.08403 -3.561527 -13.518258 8.649565 -3.214408 -14.889499 8.209515 -3.733254
5 24 -13.3192 11.920774 -2.269211 -13.518258 8.649565 -3.214408 -12.968536 9.105294 -1.860428 -14.123197 12.08403 -3.561527
3 16 -13.518258 8.649565 -3.214408 -14.123197 12.08403 -3.561527 -13.3192 11.920774 -2.269211
3 16 -13.3192 11.920774 -2.269211 -12.968536 9.105294 -1.860428 -13.518258 8.649565 -3.214408
5 24 -13.62299 12.082641 -0.777682 -12.968536 9.105294 -1.860428 -13.56235 9.309744 -0.464459 -13.3192 11.920774 -2.269211
3 16 -12.968536 9.105294 -1.860428 -13.3192 11.920774 -2.269211 -13.62299 12.082641 -0.777682
3 16 -13.62299 12.082641 -0.777682 -13.56235 9.309744 -0.464459 -12.968536 9.105294 -1.860428
5 24 -14.85661 12.474812 0.03934 -13.56235 9.309744 -0.464459 -14.951854 9.143149 0.15576 -13.62299 12.082641 -0.777682
3 16 -13.56235 9.309744 -0.464459 -13.62299 12.082641 -0.777682 -14.85661 12.474812 0.03934
3 16 -14.85661 12.474812 0.03934 -14.951854 9.143149 0.15576 -13.56235 9.309744 -0.464459
5 24 -16.297424 12.867558 -0.296742 -14.951854 9.143149 0.15576 -16.323095 8.703099 -0.363087 -14.85661 12.474812 0.03934
3 16 -14.951854 9.143149 0.15576 -14.85661 12.474812 0.03934 -16.297424 12.867558 -0.296742
3 16 -16.297424 12.867558 -0.296742 -16.323095 8.703099 -0.363087 -14.951854 9.143149 0.15576
5 24 -17.101421 13.030815 -1.589059 -16.323095 8.703099 -0.363087 -16.872818 8.24737 -1.717066 -16.297424 12.867558 -0.296742
3 16 -16.323095 8.703099 -0.363087 -16.297424 12.867558 -0.296742 -17.101421 13.030815 -1.589059
3 16 -17.101421 13.030815 -1.589059 -16.872818 8.24737 -1.717066 -16.323095 8.703099 -0.363087
5 24 -16.797632 12.868948 -3.080587 -16.872818 8.24737 -1.717066 -16.279003 8.04292 -3.113036 -17.101421 13.030815 -1.589059
3 16 -16.872818 8.24737 -1.717066 -17.101421 13.030815 -1.589059 -16.797632 12.868948 -3.080587
3 16 -16.797632 12.868948 -3.080587 -16.279003 8.04292 -3.113036 -16.872818 8.24737 -1.717066
5 24 -15.564011 12.476777 -3.89761 -16.279003 8.04292 -3.113036 -14.889499 8.209515 -3.733254 -16.797632 12.868948 -3.080587
3 16 -16.279003 8.04292 -3.113036 -16.797632 12.868948 -3.080587 -15.564011 12.476777 -3.89761
3 16 -15.564011 12.476777 -3.89761 -14.889499 8.209515 -3.733254 -16.279003 8.04292 -3.113036
5 24 -15.564011 12.476777 -3.89761 -14.889499 8.209515 -3.733254 -16.797632 12.868948 -3.080587 -14.123197 12.08403 -3.561527
5 24 -14.123197 12.08403 -3.561527 -13.518258 8.649565 -3.214408 -15.564011 12.476777 -3.89761 -13.3192 11.920774 -2.269211
5 24 -13.3192 11.920774 -2.269211 -12.968536 9.105294 -1.860428 -14.123197 12.08403 -3.561527 -13.62299 12.082641 -0.777682
5 24 -13.62299 12.082641 -0.777682 -13.56235 9.309744 -0.464459 -13.3192 11.920774 -2.269211 -14.85661 12.474812 0.03934
5 24 -14.85661 12.474812 0.03934 -14.951854 9.143149 0.15576 -13.62299 12.082641 -0.777682 -16.297424 12.867558 -0.296742
5 24 -16.297424 12.867558 -0.296742 -16.323095 8.703099 -0.363087 -14.85661 12.474812 0.03934 -17.101421 13.030815 -1.589059
5 24 -17.101421 13.030815 -1.589059 -16.872818 8.24737 -1.717066 -16.297424 12.867558 -0.296742 -16.797632 12.868948 -3.080587
5 24 -16.797632 12.868948 -3.080587 -16.279003 8.04292 -3.113036 -17.101421 13.030815 -1.589059 -15.564011 12.476777 -3.89761
5 24 -15.564011 12.476777 -3.89761 -14.123197 12.08403 -3.561527 -14.442783 14.092884 -4.021119 -14.889499 8.209515 -3.733254
5 24 -14.123197 12.08403 -3.561527 -13.3192 11.920774 -2.269211 -13.219735 13.237821 -3.680288 -13.518258 8.649565 -3.214408
5 24 -13.3192 11.920774 -2.269211 -13.62299 12.082641 -0.777682 -12.494867 12.851861 -2.388487 -12.968536 9.105294 -1.860428
5 24 -13.62299 12.082641 -0.777682 -14.85661 12.474812 0.03934 -12.692798 13.161094 -0.902437 -13.56235 9.309744 -0.464459
5 24 -14.85661 12.474812 0.03934 -16.297424 12.867558 -0.296742 -13.697582 13.984376 -0.092646 -14.951854 9.143149 0.15576
5 24 -16.297424 12.867558 -0.296742 -17.101421 13.030815 -1.589059 -14.92063 14.839438 -0.433477 -16.323095 8.703099 -0.363087
5 24 -17.101421 13.030815 -1.589059 -16.797632 12.868948 -3.080587 -15.645498 15.225399 -1.725277 -16.872818 8.24737 -1.717066
5 24 -16.797632 12.868948 -3.080587 -15.564011 12.476777 -3.89761 -15.447568 14.916166 -3.211327 -16.279003 8.04292 -3.113036
4 16 -12.442791 14.499378 -3.780869 -14.123197 12.08403 -3.561527 -15.564011 12.476777 -3.89761 -13.301892 15.712355 -4.146629
4 16 -11.869123 13.931991 -2.480053 -13.3192 11.920774 -2.269211 -14.123197 12.08403 -3.561527 -12.442791 14.499378 -3.780869
4 16 -11.916934 14.342558 -1.006182 -13.622989 12.082641 -0.777682 -13.3192 11.920774 -2.269211 -11.869123 13.931991 -2.480053
4 16 -12.558218 15.490577 -0.22263 -14.85661 12.474812 0.03934 -13.622989 12.082641 -0.777682 -11.916934 14.342558 -1.006182
4 16 -13.417319 16.703552 -0.58839 -16.297424 12.867558 -0.296742 -14.85661 12.474812 0.03934 -12.558218 15.490577 -0.22263
4 16 -13.990988 17.270941 -1.889206 -17.101421 13.030815 -1.589059 -16.297424 12.867558 -0.296742 -13.417319 16.703552 -0.58839
4 16 -13.943176 16.860374 -3.363077 -16.797632 12.868948 -3.080587 -17.101421 13.030815 -1.589059 -13.990988 17.270941 -1.889206
4 16 -13.301892 15.712355 -4.146629 -15.564011 12.476777 -3.89761 -16.797632 12.868948 -3.080587 -13.943176 16.860374 -3.363077
5 24 -13.301892 15.712355 -4.146629 -15.564011 12.476777 -3.89761 -13.943176 16.860374 -3.363077 -12.442791 14.499378 -3.780869
5 24 -12.442791 14.499378 -3.780869 -14.123197 12.08403 -3.561527 -13.301892 15.712355 -4.146629 -11.869123 13.931991 -2.480053
5 24 -11.869123 13.931991 -2.480053 -13.3192 11.920774 -2.269211 -12.442791 14.499378 -3.780869 -11.916934 14.342558 -1.006182
5 24 -11.916934 14.342558 -1.006182 -13.622989 12.082641 -0.777682 -11.869123 13.931991 -2.480053 -12.558218 15.490577 -0.22263
5 24 -12.558218 15.490577 -0.22263 -14.85661 12.474812 0.03934 -11.916934 14.342558 -1.006182 -13.417319 16.703552 -0.58839
5 24 -13.417319 16.703552 -0.58839 -16.297424 12.867558 -0.296742 -12.558218 15.490577 -0.22263 -13.990988 17.270941 -1.889206
5 24 -13.990988 17.270941 -1.889206 -17.101421 13.030815 -1.589059 -13.417319 16.703552 -0.58839 -13.943176 16.860374 -3.363077
5 24 -13.943176 16.860374 -3.363077 -16.797632 12.868948 -3.080587 -13.990988 17.270941 -1.889206 -13.301892 15.712355 -4.146629
5 24 -13.301892 15.712355 -4.146629 -12.442791 14.499378 -3.780869 -11.44064 16.138178 -4.475306 -15.564011 12.476777 -3.89761
5 24 -12.442791 14.499378 -3.780869 -11.869123 13.931991 -2.480053 -11.040257 14.728262 -4.03374 -14.123197 12.08403 -3.561527
5 24 -11.869123 13.931991 -2.480053 -11.916934 14.342558 -1.006182 -10.656597 14.0793 -2.701525 -13.3192 11.920774 -2.269211
5 24 -11.916934 14.342558 -1.006182 -12.558218 15.490577 -0.22263 -10.5144 14.571442 -1.259054 -13.62299 12.082641 -0.777682
5 24 -12.558218 15.490577 -0.22263 -13.417319 16.703552 -0.58839 -10.696966 15.916399 -0.551307 -14.85661 12.474812 0.03934
5 24 -13.417319 16.703552 -0.58839 -13.990988 17.270941 -1.889206 -11.097348 17.326315 -0.992872 -16.297424 12.867558 -0.296742
5 24 -13.990988 17.270941 -1.889206 -13.943176 16.860374 -3.363077 -11.481009 17.975277 -2.325088 -17.101421 13.030815 -1.589059
5 24 -13.943176 16.860374 -3.363077 -13.301892 15.712355 -4.146629 -11.623205 17.483135 -3.767559 -16.797632 12.868948 -3.080587
4 16 -9.674881 15.132738 -4.269646 -12.442791 14.499378 -3.780869 -13.301892 15.712355 -4.146629 -9.579388 16.563999 -4.803982
4 16 -9.496618 14.474933 -2.899003 -11.869123 13.931991 -2.480053 -12.442791 14.499378 -3.780869 -9.674881 15.132738 -4.269646
4 16 -9.149023 14.975917 -1.494959 -11.916934 14.342558 -1.006182 -11.869123 13.931991 -2.480053 -9.496618 14.474933 -2.899003
4 16 -8.835713 16.342222 -0.879984 -12.558218 15.490577 -0.22263 -11.916934 14.342558 -1.006182 -9.149023 14.975917 -1.494959
4 16 -8.740221 17.773483 -1.414321 -13.417319 16.703552 -0.58839 -12.558218 15.490577 -0.22263 -8.835713 16.342222 -0.879984
4 16 -8.918484 18.43129 -2.784963 -13.990988 17.270941 -1.889206 -13.417319 16.703552 -0.58839 -8.740221 17.773483 -1.414321
4 16 -9.266078 17.930305 -4.189007 -13.943176 16.860374 -3.363077 -13.990988 17.270941 -1.889206 -8.918484 18.43129 -2.784963
4 16 -9.579388 16.563999 -4.803982 -13.301892 15.712355 -4.146629 -13.943176 16.860374 -3.363077 -9.266078 17.930305 -4.189007
5 24 -9.579388 16.563999 -4.803982 -13.301892 15.712355 -4.146629 -9.266078 17.930305 -4.189007 -9.674881 15.132738 -4.269646
5 24 -9.674881 15.132738 -4.269646 -12.442791 14.499378 -3.780869 -9.579388 16.563999 -4.803982 -9.496618 14.474933 -2.899003
5 24 -9.496618 14.474933 -2.899003 -11.869123 13.931991 -2.480053 -9.674881 15.132738 -4.269646 -9.149023 14.975917 -1.494959
5 24 -9.149023 14.975917 -1.494959 -11.916934 14.342558 -1.006182 -9.496618 14.474933 -2.899003 -8.835713 16.342222 -0.879984
5 24 -8.835713 16.342222 -0.879984 -12.558218 15.490577 -0.22263 -9.149023 14.975917 -1.494959 -8.740221 17.773483 -1.414321
5 24 -8.740221 17.773483 -1.414321 -13.417319 16.703552 -0.58839 -8.835713 16.342222 -0.879984 -8.918484 18.43129 -2.784963
5 24 -8.918484 18.43129 -2.784963 -13.990988 17.270941 -1.889206 -8.740221 17.773483 -1.414321 -9.266078 17.930305 -4.189007
5 24 -9.266078 17.930305 -4.189007 -13.943176 16.860374 -3.363077 -8.918484 18.43129 -2.784963 -9.579388 16.563999 -4.803982
5 24 -9.579388 16.563999 -4.803982 -9.674881 15.132738 -4.269646 -7.91595 15.6436 -5.171256 -13.301892 15.712355 -4.146629
5 24 -9.674881 15.132738 -4.269646 -9.496618 14.474933 -2.899003 -8.473539 14.365065 -4.540711 -12.442791 14.499378 -3.780869
5 24 -9.496618 14.474933 -2.899003 -9.149023 14.975917 -1.494959 -8.486683 13.770521 -3.130218 -11.869123 13.931991 -2.480053
5 24 -9.149023 14.975917 -1.494959 -8.835713 16.342222 -0.879984 -7.947682 14.208243 -1.766024 -11.916934 14.342558 -1.006182
5 24 -8.835713 16.342222 -0.879984 -8.740221 17.773483 -1.414321 -7.172276 15.421823 -1.247257 -12.558218 15.490577 -0.22263
5 24 -8.740221 17.773483 -1.414321 -8.918484 18.43129 -2.784963 -6.614686 16.700357 -1.877802 -13.417319 16.703552 -0.58839
5 24 -8.918484 18.43129 -2.784963 -9.266078 17.930305 -4.189007 -6.601542 17.294901 -3.288296 -13.990988 17.270941 -1.889206
5 24 -9.266078 17.930305 -4.189007 -9.579388 16.563999 -4.803982 -7.140543 16.85718 -4.652489 -13.943176 16.860374 -3.363077
4 16 -7.19018 13.750729 -4.818654 -9.674881 15.132738 -4.269646 -9.579388 16.563999 -4.803982 -6.252511 14.723201 -5.53853
4 16 -7.360757 13.28296 -3.371159 -9.496617 14.474933 -2.899003 -9.674881 15.132738 -4.269646 -7.19018 13.750729 -4.818654
4 16 -6.664323 13.593907 -2.043967 -9.149023 14.975917 -1.494959 -9.496617 14.474933 -2.899003 -7.360757 13.28296 -3.371159
4 16 -5.508837 14.501423 -1.614531 -8.835713 16.342222 -0.879984 -9.149023 14.975917 -1.494959 -6.664323 13.593907 -2.043967
4 16 -4.571168 15.473895 -2.334407 -8.740221 17.773483 -1.414321 -8.835713 16.342222 -0.879984 -5.508837 14.501423 -1.614531
4 16 -4.400591 15.941664 -3.781902 -8.918484 18.43129 -2.784963 -8.740221 17.773483 -1.414321 -4.571168 15.473895 -2.334407
4 16 -5.097025 15.630716 -5.109094 -9.266078 17.930305 -4.189007 -8.918484 18.43129 -2.784963 -4.400591 15.941664 -3.781902
4 16 -6.252511 14.723201 -5.53853 -9.579388 16.563999 -4.803982 -9.266078 17.930305 -4.189007 -5.097025 15.630716 -5.109094
5 24 -6.252511 14.723201 -5.53853 -9.579388 16.563999 -4.803982 -5.097025 15.630716 -5.109094 -7.19018 13.750729 -4.818654
5 24 -7.19018 13.750729 -4.818654 -9.674881 15.132738 -4.269646 -6.252511 14.723201 -5.53853 -7.360757 13.28296 -3.371159
5 24 -7.360757 13.28296 -3.371159 -9.496617 14.474933 -2.899003 -7.19018 13.750729 -4.818654 -6.664323 13.593907 -2.043967
5 24 -6.664323 13.593907 -2.043967 -9.149023 14.975917 -1.494959 -7.360757 13.28296 -3.371159 -5.508837 14.501423 -1.614531
5 24 -5.508837 14.501423 -1.614531 -8.835713 16.342222 -0.879984 -6.664323 13.593907 -2.043967 -4.571168 15.473895 -2.334407
5 24 -4.571168 15.473895 -2.334407 -8.740221 17.773483 -1.414321 -5.508837 14.501423 -1.614531 -4.400591 15.941664 -3.781902
5 24 -4.400591 15.941664 -3.781902 -8.918484 18.43129 -2.784963 -4.571168 15.473895 -2.334407 -5.097025 15.630716 -5.109094
5 24 -5.097025 15.630716 -5.109094 -9.266078 17.930305 -4.189007 -4.400591 15.941664 -3.781902 -6.252511 14.723201 -5.53853
5 24 -6.252511 14.723201 -5.53853 -7.19018 13.750729 -4.818654 -5.612544 13.062143 -5.753696 -9.579388 16.563999 -4.803982
5 24 -7.19018 13.750729 -4.818654 -7.360757 13.28296 -3.371159 -6.793995 12.491975 -4.964881 -9.674881 15.132738 -4.269646
5 24 -7.360757 13.28296 -3.371159 -6.664323 13.593907 -2.043967 -7.06555 12.190846 -3.488831 -9.496618 14.474933 -2.899003
5 24 -6.664323 13.593907 -2.043967 -5.508837 14.501423 -1.614531 -6.268137 12.335154 -2.190195 -9.149023 14.975917 -1.494959
5 24 -5.508837 14.501423 -1.614531 -4.571168 15.473895 -2.334407 -4.86887 12.840364 -1.829698 -8.835713 16.342222 -0.879984
5 24 -4.571168 15.473895 -2.334407 -4.400591 15.941664 -3.781902 -3.687419 13.410533 -2.618513 -8.740221 17.773483 -1.414321
5 24 -4.400591 15.941664 -3.781902 -5.097025 15.630716 -5.109094 -3.415864 13.711661 -4.094563 -8.918484 18.43129 -2.784963
5 24 -5.097025 15.630716 -5.109094 -6.252511 14.723201 -5.53853 -4.213276 13.567354 -5.393199 -9.266078 17.930305 -4.189007
4 16 -6.251979 11.293988 -5.135313 -7.19018 13.750729 -4.818654 -6.252511 14.723201 -5.53853 -4.972577 11.401085 -5.968863
4 16 -6.564107 11.18467 -3.640732 -7.360757 13.28296 -3.371159 -7.19018 13.750729 -4.818654 -6.251979 11.293988 -5.135313
4 16 -5.726122 11.137167 -2.360626 -6.664323 13.593907 -2.043967 -7.360757 13.28296 -3.371159 -6.564107 11.18467 -3.640732
4 16 -4.228902 11.179307 -2.044865 -5.508837 14.501423 -1.614531 -6.664323 13.593907 -2.043967 -5.726122 11.137167 -2.360626
4 16 -2.9495 11.286404 -2.878415 -4.571168 15.473895 -2.334407 -5.508837 14.501423 -1.614531 -4.228902 11.179307 -2.044865
4 16 -2.637372 11.395721 -4.372996 -4.400591 15.941664 -3.781902 -4.571168 15.473895 -2.334407 -2.9495 11.286404 -2.878415
4 16 -3.475358 11.443225 -5.653102 -5.097025 15.630716 -5.109094 -4.400591 15.941664 -3.781902 -2.637372 11.395721 -4.372996
4 16 -4.972577 11.401085 -5.968863 -6.252511 14.723201 -5.53853 -5.097025 15.630716 -5.109094 -3.475358 11.443225 -5.653102
5 24 -4.972577 11.401085 -5.968863 -6.252511 14.723201 -5.53853 -3.475358 11.443225 -5.653102 -6.251979 11.293988 -5.135313
5 24 -6.251979 11.293988 -5.135313 -7.19018 13.750729 -4.818654 -4.972577 11.401085 -5.968863 -6.564107 11.18467 -3.640732
5 24 -6.564107 11.18467 -3.640732 -7.360757 13.28296 -3.371159 -6.251979 11.293988 -5.135313 -5.726122 11.137167 -2.360626
5 24 -5.726122 11.137167 -2.360626 -6.664323 13.593907 -2.043967 -6.564107 11.18467 -3.640732 -4.228902 11.179307 -2.044865
5 24 -4.228902 11.179307 -2.044865 -5.508837 14.501423 -1.614531 -5.726122 11.137167 -2.360626 -2.9495 11.286404 -2.878415
5 24 -2.9495 11.286404 -2.878415 -4.571168 15.473895 -2.334407 -4.228902 11.179307 -2.044865 -2.637372 11.395721 -4.372996
5 24 -2.637372 11.395721 -4.372996 -4.400591 15.941664 -3.781902 -2.9495 11.286404 -2.878415 -3.475358 11.443225 -5.653102
5 24 -3.475358 11.443225 -5.653102 -5.097025 15.630716 -5.109094 -2.637372 11.395721 -4.372996 -4.972577 11.401085 -5.968863
5 24 -4.972577 11.401085 -5.968863 -6.251979 11.293988 -5.135313 -4.615658 10.474689 -6.088864 -6.252511 14.723201 -5.53853
5 24 -6.251979 11.293988 -5.135313 -6.564107 11.18467 -3.640732 -5.895061 10.367593 -5.255314 -7.19018 13.750729 -4.818654
5 24 -6.564107 11.18467 -3.640732 -5.726122 11.137167 -2.360626 -6.207188 10.258275 -3.760733 -7.360757 13.28296 -3.371159
5 24 -5.726122 11.137167 -2.360626 -4.228902 11.179307 -2.044865 -5.369203 10.210772 -2.480627 -6.664323 13.593907 -2.043967
5 24 -4.228902 11.179307 -2.044865 -2.9495 11.286404 -2.878415 -3.871984 10.252912 -2.164866 -5.508837 14.501423 -1.614531
5 24 -2.9495 11.286404 -2.878415 -2.637372 11.395721 -4.372996 -2.592582 10.360008 -2.998417 -4.571168 15.473895 -2.334407
5 24 -2.637372 11.395721 -4.372996 -3.475358 11.443225 -5.653102 -2.280454 10.469326 -4.492998 -4.400591 15.941664 -3.781902
5 24 -3.475358 11.443225 -5.653102 -4.972577 11.401085 -5.968863 -3.118439 10.516829 -5.773103 -5.097025 15.630716 -5.109094
0 NOFILE
0 FILE 75144 - submodel-048.ldr
0 75144 - submodel-048
0 Name: 75144 - submodel-048.ldr
0 Author: Roland Dahl [RolandD]
0 !LDRAW_ORG Unofficial_Model
0 !LICENSE Redistributable under CCAL version 2.0 : see CAreadme.txt
1 71 0 0 0 1 0 0 0 1 0 0 0 1 98286.dat
1 1 10 10 40 1 0 0 0 1 0 0 0 1 6558.dat
1 72 -10 10 40 0 -1 0 1 0 0 0 0 1 18654.dat
0 NOFILE
0 FILE 75144 - submodel-049.ldr
0 75144 - submodel-049
0 Name: 75144 - submodel-049.ldr
0 Author: Roland Dahl [RolandD]
0 !LDRAW_ORG Unofficial_Model
0 !LICENSE Redistributable under CCAL version 2.0 : see CAreadme.txt
1 0 0 0 0 0 1 0 1 0 0 0 0 -1 87617.dat
1 0 -112.588 0 0 0 -1 0 -1 0 0 0 0 -1 87618.dat
0 NOFILE
0 FILE 75144 - submodel-050.ldr
0 75144 - submodel-050
0 Name: 75144 - submodel-050.ldr
0 Author: Roland Dahl [RolandD]
0 !LDRAW_ORG Unofficial_Model
0 !LICENSE Redistributable under CCAL version 2.0 : see CAreadme.txt
1 4 0 0 0 1 0 0 0 1 0 0 0 1 18677.dat
1 0 10 10 10 0 0 1 0 1 0 -1 0 0 6628.dat
0 NOFILE
0 FILE 75144 - submodel-051.ldr
0 75144 - submodel-051
0 Name: 75144 - submodel-051.ldr
0 Author: Roland Dahl [RolandD]
0 !LDRAW_ORG Unofficial_Model
0 !LICENSE Redistributable under CCAL version 2.0 : see CAreadme.txt
1 25 0 0 0 -1 0 0 0 -1 0 0 0 1 87079.dat
1 15 10 -8 -100 0 0 -1 0 -1 0 -1 0 0 60479.dat
1 25 0 0 -40 -1 0 0 0 -1 0 0 0 1 87079.dat
1 71 0 0 -120 0 0 -1 0 -1 0 -1 0 0 6180.dat
0 NOFILE
0 FILE 75144 - submodel-052.ldr
0 75144 - submodel-052
0 Name: 75144 - submodel-052.ldr
0 Author: Roland Dahl [RolandD]
0 !LDRAW_ORG Unofficial_Model
0 !LICENSE Redistributable under CCAL version 2.0 : see CAreadme.txt
1 71 0 0 0 0 0 1 0 1 0 -1 0 0 54384.dat
1 72 20 -8 50 -1 0 0 0 1 0 0 0 -1 30503.dat
1 72 -40 -8 50 -1 0 0 0 1 0 0 0 -1 41769.dat
0 NOFILE
0 FILE 75144 - rubberbandround-2.ldr
0 75144 - rubberbandround-2
0 Name: 75144 - rubberbandround-2.ldr
0 Author: Roland Dahl [RolandD]
0 !LDRAW_ORG Unofficial_Part
0 !LICENSE Redistributable under CCAL version 2.0 : see CAreadme.txt
0 BFC CERTIFY CCW
4 16 -19.145071 -0.890662 -5.822489 -20.150124 2 -5.590455 -21.396318 2 -4.701553 -20.081547 -1.783984 -5.005093
4 16 -19.020718 -0.520637 -7.302612 -19.89748 2 -7.100196 -20.150124 2 -5.590455 -19.145071 -0.890662 -5.822489
4 16 -19.78133 -0.890662 -8.578424 -20.786381 2 -8.346391 -19.89748 2 -7.100196 -19.020718 -0.520637 -7.302612
4 16 -20.98135 -1.783984 -8.902573 -22.296122 2 -8.599033 -20.786381 2 -8.346391 -19.78133 -0.890662 -8.578424
4 16 -21.917826 -2.677306 -8.085176 -23.542316 2 -7.710133 -22.296122 2 -8.599033 -20.98135 -1.783984 -8.902573
4 16 -22.042179 -3.047332 -6.605053 -23.79496 2 -6.200392 -23.542316 2 -7.710133 -21.917826 -2.677306 -8.085176
4 16 -21.281569 -2.677306 -5.32924 -22.906059 2 -4.954197 -23.79496 2 -6.200392 -22.042179 -3.047332 -6.605053
4 16 -20.081547 -1.783984 -5.005093 -21.396318 2 -4.701553 -22.906059 2 -4.954197 -21.281569 -2.677306 -5.32924
5 24 -20.081547 -1.783984 -5.005093 -21.396318 2 -4.701553 -21.281569 -2.677306 -5.32924 -19.145071 -0.890662 -5.822489
5 24 -19.145071 -0.890662 -5.822489 -20.150124 2 -5.590455 -20.081547 -1.783984 -5.005093 -19.020718 -0.520637 -7.302612
5 24 -19.020718 -0.520637 -7.302612 -19.89748 2 -7.100196 -19.145071 -0.890662 -5.822489 -19.78133 -0.890662 -8.578424
5 24 -19.78133 -0.890662 -8.578424 -20.786381 2 -8.346391 -19.020718 -0.520637 -7.302612 -20.98135 -1.783984 -8.902573
5 24 -20.98135 -1.783984 -8.902573 -22.296122 2 -8.599033 -19.78133 -0.890662 -8.578424 -21.917826 -2.677306 -8.085176
5 24 -21.917826 -2.677306 -8.085176 -23.542316 2 -7.710133 -20.98135 -1.783984 -8.902573 -22.042179 -3.047332 -6.605053
5 24 -22.042179 -3.047332 -6.605053 -23.79496 2 -6.200392 -21.917826 -2.677306 -8.085176 -21.281569 -2.677306 -5.32924
5 24 -21.281569 -2.677306 -5.32924 -22.906059 2 -4.954197 -22.042179 -3.047332 -6.605053 -20.081547 -1.783984 -5.005093
5 24 -20.081547 -1.783984 -5.005093 -19.145071 -0.890662 -5.822489 -18.408173 -2.826793 -5.391422 -21.396318 2 -4.701553
5 24 -19.145071 -0.890662 -5.822489 -19.020718 -0.520637 -7.302612 -17.82373 -1.618806 -6.127859 -20.150124 2 -5.590455
5 24 -19.020718 -0.520637 -7.302612 -19.78133 -0.890662 -8.578424 -17.846022 -1.11822 -7.574255 -19.89748 2 -7.100196
5 24 -19.78133 -0.890662 -8.578424 -20.98135 -1.783984 -8.902573 -18.461987 -1.618271 -8.883332 -20.786381 2 -8.346391
5 24 -20.98135 -1.783984 -8.902573 -21.917826 -2.677306 -8.085176 -19.310802 -2.826037 -9.288248 -22.296122 2 -8.599033
5 24 -21.917826 -2.677306 -8.085176 -22.042179 -3.047332 -6.605053 -19.895245 -4.034025 -8.551812 -23.542316 2 -7.710133
5 24 -22.042179 -3.047332 -6.605053 -21.281569 -2.677306 -5.32924 -19.872955 -4.534611 -7.105415 -23.79496 2 -6.200392
5 24 -21.281569 -2.677306 -5.32924 -20.081547 -1.783984 -5.005093 -19.256989 -4.03456 -5.796339 -22.906059 2 -4.954197
5 24 -21.396318 2 -4.701553 -20.150124 2 -5.590455 -20.081547 -1.783984 -5.005093 -21.723589 2.941905 -4.625997
5 24 -20.150124 2 -5.590455 -19.89748 2 -7.100196 -19.145071 -0.890662 -5.822489 -20.477394 2.941905 -5.514898
5 24 -19.89748 2 -7.100196 -20.786381 2 -8.346391 -19.020718 -0.520637 -7.302612 -20.224752 2.941905 -7.024639
5 24 -20.786381 2 -8.346391 -22.296122 2 -8.599033 -19.78133 -0.890662 -8.578424 -21.113653 2.941905 -8.270834
5 24 -22.296122 2 -8.599033 -23.542316 2 -7.710133 -20.98135 -1.783984 -8.902573 -22.623394 2.941905 -8.523478
5 24 -23.542316 2 -7.710133 -23.79496 2 -6.200392 -21.917826 -2.677306 -8.085176 -23.869589 2.941905 -7.634576
5 24 -23.79496 2 -6.200392 -22.906059 2 -4.954197 -22.042179 -3.047332 -6.605053 -24.122232 2.941905 -6.124835
5 24 -22.906059 2 -4.954197 -21.396318 2 -4.701553 -21.281569 -2.677306 -5.32924 -23.23333 2.941905 -4.87864
4 16 -16.584383 -2.484965 -6.413934 -19.145071 -0.890662 -5.822489 -20.081547 -1.783984 -5.005093 -16.734756 -3.869097 -5.777762
4 16 -16.787323 -1.911493 -7.818601 -19.020718 -0.520637 -7.302612 -19.145071 -0.890662 -5.822489 -16.584383 -2.484965 -6.413934
4 16 -17.224697 -2.484611 -9.168929 -19.78133 -0.890662 -8.578424 -19.020718 -0.520637 -7.302612 -16.787323 -1.911493 -7.818601
4 16 -17.640297 -3.868596 -9.673914 -20.98135 -1.783984 -8.902573 -19.78133 -0.890662 -8.578424 -17.224697 -2.484611 -9.168929
4 16 -17.79067 -5.252728 -9.037743 -21.917826 -2.677306 -8.085176 -20.98135 -1.783984 -8.902573 -17.640297 -3.868596 -9.673914
4 16 -17.58773 -5.8262 -7.633075 -22.042179 -3.047332 -6.605053 -21.917826 -2.677306 -8.085176 -17.79067 -5.252728 -9.037743
4 16 -17.150356 -5.253082 -6.282746 -21.281569 -2.677306 -5.32924 -22.042179 -3.047332 -6.605053 -17.58773 -5.8262 -7.633075
4 16 -16.734756 -3.869097 -5.777762 -20.081547 -1.783984 -5.005093 -21.281569 -2.677306 -5.32924 -17.150356 -5.253082 -6.282746
5 24 -16.734756 -3.869097 -5.777762 -20.081547 -1.783984 -5.005093 -17.150356 -5.253082 -6.282746 -16.584383 -2.484965 -6.413934
5 24 -16.584383 -2.484965 -6.413934 -19.145071 -0.890662 -5.822489 -16.734756 -3.869097 -5.777762 -16.787323 -1.911493 -7.818601
5 24 -16.787323 -1.911493 -7.818601 -19.020718 -0.520637 -7.302612 -16.584383 -2.484965 -6.413934 -17.224697 -2.484611 -9.168929
5 24 -17.224697 -2.484611 -9.168929 -19.78133 -0.890662 -8.578424 -16.787323 -1.911493 -7.818601 -17.640297 -3.868596 -9.673914
5 24 -17.640297 -3.868596 -9.673914 -20.98135 -1.783984 -8.902573 -17.224697 -2.484611 -9.168929 -17.79067 -5.252728 -9.037743
5 24 -17.79067 -5.252728 -9.037743 -21.917826 -2.677306 -8.085176 -17.640297 -3.868596 -9.673914 -17.58773 -5.8262 -7.633075
5 24 -17.58773 -5.8262 -7.633075 -22.042179 -3.047332 -6.605053 -17.79067 -5.252728 -9.037743 -17.150356 -5.253082 -6.282746
5 24 -17.150356 -5.253082 -6.282746 -21.281569 -2.677306 -5.32924 -17.58773 -5.8262 -7.633075 -16.734756 -3.869097 -5.777762
5 24 -16.734756 -3.869097 -5.777762 -16.584383 -2.484965 -6.413934 -14.738833 -3.589254 -6.245542 -20.081547 -1.783984 -5.005093
5 24 -16.584383 -2.484965 -6.413934 -16.787323 -1.911493 -7.818601 -14.928185 -2.179921 -6.812176 -19.145071 -0.890662 -5.822489
5 24 -16.787323 -1.911493 -7.818601 -17.224697 -2.484611 -9.168929 -15.304375 -1.604762 -8.179955 -19.020718 -0.520637 -7.302612
5 24 -17.224697 -2.484611 -9.168929 -17.640297 -3.868596 -9.673914 -15.647036 -2.200694 -9.547652 -19.78133 -0.890662 -8.578424
5 24 -17.640297 -3.868596 -9.673914 -17.79067 -5.252728 -9.037743 -15.75544 -3.618631 -10.114088 -20.98135 -1.783984 -8.902573
5 24 -17.79067 -5.252728 -9.037743 -17.58773 -5.8262 -7.633075 -15.566088 -5.027964 -9.547454 -21.917826 -2.677306 -8.085176
5 24 -17.58773 -5.8262 -7.633075 -17.150356 -5.253082 -6.282746 -15.189898 -5.603123 -8.179675 -22.042179 -3.047332 -6.605053
5 24 -17.150356 -5.253082 -6.282746 -16.734756 -3.869097 -5.777762 -14.847238 -5.007191 -6.811978 -21.281569 -2.677306 -5.32924
4 16 -13.271584 -1.943314 -7.201759 -16.584383 -2.484965 -6.413934 -16.734756 -3.869097 -5.777762 -12.748253 -3.29653 -6.713824
4 16 -13.815512 -1.407696 -8.528561 -16.787323 -1.911493 -7.818601 -16.584383 -2.484965 -6.413934 -13.271584 -1.943314 -7.201759
4 16 -14.061412 -2.003431 -9.917006 -17.224697 -2.484611 -9.168929 -16.787323 -1.911493 -7.818601 -13.815512 -1.407696 -8.528561
4 16 -13.86524 -3.381548 -10.553761 -17.640297 -3.868596 -9.673914 -17.224697 -2.484611 -9.168929 -14.061412 -2.003431 -9.917006
4 16 -13.341909 -4.734763 -10.065826 -17.79067 -5.252728 -9.037743 -17.640297 -3.868596 -9.673914 -13.86524 -3.381548 -10.553761
4 16 -12.797981 -5.270381 -8.739025 -17.58773 -5.8262 -7.633075 -17.79067 -5.252728 -9.037743 -13.341909 -4.734763 -10.065826
4 16 -12.55208 -4.674646 -7.35058 -17.150356 -5.253082 -6.282746 -17.58773 -5.8262 -7.633075 -12.797981 -5.270381 -8.739025
4 16 -12.748253 -3.29653 -6.713824 -16.734756 -3.869097 -5.777762 -17.150356 -5.253082 -6.282746 -12.55208 -4.674646 -7.35058
5 24 -12.748253 -3.29653 -6.713824 -16.734756 -3.869097 -5.777762 -12.55208 -4.674646 -7.35058 -13.271584 -1.943314 -7.201759
5 24 -13.271584 -1.943314 -7.201759 -16.584383 -2.484965 -6.413934 -12.748253 -3.29653 -6.713824 -13.815512 -1.407696 -8.528561
5 24 -13.815512 -1.407696 -8.528561 -16.787323 -1.911493 -7.818601 -13.271584 -1.943314 -7.201759 -14.061412 -2.003431 -9.917006
5 24 -14.061412 -2.003431 -9.917006 -17.224697 -2.484611 -9.168929 -13.815512 -1.407696 -8.528561 -13.86524 -3.381548 -10.553761
5 24 -13.86524 -3.381548 -10.553761 -17.640297 -3.868596 -9.673914 -14.061412 -2.003431 -9.917006 -13.341909 -4.734763 -10.065826
5 24 -13.341909 -4.734763 -10.065826 -17.79067 -5.252728 -9.037743 -13.86524 -3.381548 -10.553761 -12.797981 -5.270381 -8.739025
5 24 -12.797981 -5.270381 -8.739025 -17.58773 -5.8262 -7.633075 -13.341909 -4.734763 -10.065826 -12.55208 -4.674646 -7.35058
5 24 -12.55208 -4.674646 -7.35058 -17.150356 -5.253082 -6.282746 -12.797981 -5.270381 -8.739025 -12.748253 -3.29653 -6.713824
5 24 -12.748253 -3.29653 -6.713824 -13.271584 -1.943314 -7.201759 -10.905106 -2.453156 -7.392316 -16.734756 -3.869097 -5.777762
5 24 -13.271584 -1.943314 -7.201759 -13.815512 -1.407696 -8.528561 -11.538451 -1.145977 -7.875329 -16.584383 -2.484965 -6.413934
5 24 -13.815512 -1.407696 -8.528561 -14.061412 -2.003431 -9.917006 -12.167226 -0.667576 -9.186405 -16.787323 -1.911493 -7.818601
5 24 -14.061412 -2.003431 -9.917006 -13.86524 -3.381548 -10.553761 -12.423101 -1.298193 -10.557535 -17.224697 -2.484611 -9.168929
5 24 -13.86524 -3.381548 -10.553761 -13.341909 -4.734763 -10.065826 -12.15619 -2.668423 -11.185527 -17.640297 -3.868596 -9.673914
5 24 -13.341909 -4.734763 -10.065826 -12.797981 -5.270381 -8.739025 -11.522844 -3.975603 -10.702515 -17.79067 -5.252728 -9.037743
5 24 -12.797981 -5.270381 -8.739025 -12.55208 -4.674646 -7.35058 -10.89407 -4.454004 -9.391438 -17.58773 -5.8262 -7.633075
5 24 -12.55208 -4.674646 -7.35058 -12.748253 -3.29653 -6.713824 -10.638194 -3.823386 -8.020308 -17.150356 -5.253082 -6.282746
4 16 -9.807193 -0.35189 -8.54746 -13.271584 -1.943314 -7.201759 -12.748253 -3.29653 -6.713824 -9.067533 -1.605675 -8.074098
4 16 -10.516014 0.063839 -9.838927 -13.815512 -1.407696 -8.528561 -13.271584 -1.943314 -7.201759 -9.807193 -0.35189 -8.54746
4 16 -10.77878 -0.602016 -11.191975 -14.061412 -2.003431 -9.917005 -13.815512 -1.407696 -8.528561 -10.516014 0.063839 -9.838927
4 16 -10.441565 -1.959407 -11.814005 -13.86524 -3.381548 -10.553761 -14.061412 -2.003431 -9.917005 -10.77878 -0.602016 -11.191975
4 16 -9.701904 -3.213192 -11.340643 -13.341909 -4.734763 -10.065825 -13.86524 -3.381548 -10.553761 -10.441565 -1.959407 -11.814005
4 16 -8.993083 -3.628921 -10.049175 -12.797981 -5.270381 -8.739025 -13.341909 -4.734763 -10.065825 -9.701904 -3.213192 -11.340643
4 16 -8.730317 -2.963066 -8.696128 -12.552081 -4.674646 -7.35058 -12.797981 -5.270381 -8.739025 -8.993083 -3.628921 -10.049175
4 16 -9.067533 -1.605675 -8.074098 -12.748253 -3.29653 -6.713824 -12.552081 -4.674646 -7.35058 -8.730317 -2.963066 -8.696128
5 24 -9.067533 -1.605675 -8.074098 -12.748253 -3.29653 -6.713824 -8.730317 -2.963066 -8.696128 -9.807193 -0.35189 -8.54746
5 24 -9.807193 -0.35189 -8.54746 -13.271584 -1.943314 -7.201759 -9.067533 -1.605675 -8.074098 -10.516014 0.063839 -9.838927
5 24 -10.516014 0.063839 -9.838927 -13.815512 -1.407696 -8.528561 -9.807193 -0.35189 -8.54746 -10.77878 -0.602016 -11.191975
5 24 -10.77878 -0.602016 -11.191975 -14.061412 -2.003431 -9.917005 -10.516014 0.063839 -9.838927 -10.441565 -1.959407 -11.814005
5 24 -10.441565 -1.959407 -11.814005 -13.86524 -3.381548 -10.553761 -10.77878 -0.602016 -11.191975 -9.701904 -3.213192 -11.340643
5 24 -9.701904 -3.213192 -11.340643 -13.341909 -4.734763 -10.065825 -10.441565 -1.959407 -11.814005 -8.993083 -3.628921 -10.049175
5 24 -8.993083 -3.628921 -10.049175 -12.797981 -5.270381 -8.739025 -9.701904 -3.213192 -11.340643 -8.730317 -2.963066 -8.696128
5 24 -8.730317 -2.963066 -8.696128 -12.552081 -4.674646 -7.35058 -8.993083 -3.628921 -10.049175 -9.067533 -1.605675 -8.074098
5 24 -9.067533 -1.605675 -8.074098 -9.807193 -0.35189 -8.54746 -7.311851 -0.779357 -8.869733 -12.748253 -3.29653 -6.713824
5 24 -9.807193 -0.35189 -8.54746 -10.516014 0.063839 -9.838927 -8.068413 0.449093 -9.381271 -13.271584 -1.943314 -7.201759
5 24 -10.516014 0.063839 -9.838927 -10.77878 -0.602016 -11.191975 -8.794443 0.810039 -10.679634 -13.815512 -1.407696 -8.528561
5 24 -10.77878 -0.602016 -11.191975 -10.441565 -1.959407 -11.814005 -9.064643 0.092046 -12.004256 -14.061412 -2.003431 -9.917006
5 24 -10.441565 -1.959407 -11.814005 -9.701904 -3.213192 -11.340643 -8.720732 -1.284297 -12.579192 -13.86524 -3.381548 -10.553761
5 24 -9.701904 -3.213192 -11.340643 -8.993083 -3.628921 -10.049175 -7.96417 -2.512747 -12.067654 -13.341909 -4.734763 -10.065826
5 24 -8.993083 -3.628921 -10.049175 -8.730317 -2.963066 -8.696128 -7.23814 -2.873693 -10.769291 -12.797981 -5.270381 -8.739025
5 24 -8.730317 -2.963066 -8.696128 -9.067533 -1.605675 -8.074098 -6.96794 -2.1557 -9.444669 -12.55208 -4.674646 -7.35058
5 24 -6.330667 1.248062 -10.216908 -9.067533 -1.605675 -8.074097 -9.807193 -0.35189 -8.54746 -5.557057 0.046502 -9.668339
3 16 -9.067533 -1.605675 -8.074097 -5.557057 0.046502 -9.668339 -6.330667 1.248062 -10.216908
3 16 -6.330667 1.248062 -10.216908 -9.807193 -0.35189 -8.54746 -9.067533 -1.605675 -8.074097
5 24 -7.073445 1.553851 -11.519952 -9.807193 -0.35189 -8.54746 -10.516015 0.063839 -9.838927 -6.330667 1.248062 -10.216908
3 16 -9.807193 -0.35189 -8.54746 -6.330667 1.248062 -10.216908 -7.073445 1.553851 -11.519952
3 16 -7.073445 1.553851 -11.519952 -10.516015 0.063839 -9.838927 -9.807193 -0.35189 -8.54746
5 24 -7.350282 0.784743 -12.814162 -10.516015 0.063839 -9.838927 -10.77878 -0.602016 -11.191975 -7.073445 1.553851 -11.519952
3 16 -10.516015 0.063839 -9.838927 -7.073445 1.553851 -11.519952 -7.350282 0.784743 -12.814162
3 16 -7.350282 0.784743 -12.814162 -10.77878 -0.602016 -11.191975 -10.516015 0.063839 -9.838927
5 24 -6.999011 -0.608729 -13.341409 -10.77878 -0.602016 -11.191975 -10.441565 -1.959407 -11.814005 -7.350282 0.784743 -12.814162
3 16 -10.77878 -0.602016 -11.191975 -7.350282 0.784743 -12.814162 -6.999011 -0.608729 -13.341409
3 16 -6.999011 -0.608729 -13.341409 -10.441565 -1.959407 -11.814005 -10.77878 -0.602016 -11.191975
5 24 -6.225402 -1.810289 -12.792839 -10.441565 -1.959407 -11.814005 -9.701904 -3.213192 -11.340643 -6.999011 -0.608729 -13.341409
3 16 -10.441565 -1.959407 -11.814005 -6.999011 -0.608729 -13.341409 -6.225402 -1.810289 -12.792839
3 16 -6.225402 -1.810289 -12.792839 -9.701904 -3.213192 -11.340643 -10.441565 -1.959407 -11.814005
5 24 -5.482624 -2.116078 -11.489796 -9.701904 -3.213192 -11.340643 -8.993083 -3.628921 -10.049175 -6.225402 -1.810289 -12.792839
3 16 -9.701904 -3.213192 -11.340643 -6.225402 -1.810289 -12.792839 -5.482624 -2.116078 -11.489796
3 16 -5.482624 -2.116078 -11.489796 -8.993083 -3.628921 -10.049175 -9.701904 -3.213192 -11.340643
5 24 -5.205786 -1.34697 -10.195585 -8.993083 -3.628921 -10.049175 -8.730317 -2.963066 -8.696127 -5.482624 -2.116078 -11.489796
3 16 -8.993083 -3.628921 -10.049175 -5.482624 -2.116078 -11.489796 -5.205786 -1.34697 -10.195585
3 16 -5.205786 -1.34697 -10.195585 -8.730317 -2.963066 -8.696127 -8.993083 -3.628921 -10.049175
5 24 -5.557057 0.046502 -9.668339 -8.730317 -2.963066 -8.696127 -9.067533 -1.605675 -8.074097 -5.205786 -1.34697 -10.195585
3 16 -8.730317 -2.963066 -8.696127 -5.205786 -1.34697 -10.195585 -5.557057 0.046502 -9.668339
3 16 -5.557057 0.046502 -9.668339 -9.067533 -1.605675 -8.074097 -8.730317 -2.963066 -8.696127
5 24 -5.557057 0.046502 -9.668339 -9.067533 -1.605675 -8.074097 -5.205786 -1.34697 -10.195585 -6.330667 1.248062 -10.216908
5 24 -6.330667 1.248062 -10.216908 -9.807193 -0.35189 -8.54746 -5.557057 0.046502 -9.668339 -7.073445 1.553851 -11.519952
5 24 -7.073445 1.553851 -11.519952 -10.516015 0.063839 -9.838927 -6.330667 1.248062 -10.216908 -7.350282 0.784743 -12.814162
5 24 -7.350282 0.784743 -12.814162 -10.77878 -0.602016 -11.191975 -7.073445 1.553851 -11.519952 -6.999011 -0.608729 -13.341409
5 24 -6.999011 -0.608729 -13.341409 -10.441565 -1.959407 -11.814005 -7.350282 0.784743 -12.814162 -6.225402 -1.810289 -12.792839
5 24 -6.225402 -1.810289 -12.792839 -9.701904 -3.213192 -11.340643 -6.999011 -0.608729 -13.341409 -5.482624 -2.116078 -11.489796
5 24 -5.482624 -2.116078 -11.489796 -8.993083 -3.628921 -10.049175 -6.225402 -1.810289 -12.792839 -5.205786 -1.34697 -10.195585
5 24 -5.205786 -1.34697 -10.195585 -8.730317 -2.963066 -8.696127 -5.482624 -2.116078 -11.489796 -5.557057 0.046502 -9.668339
5 24 -5.557057 0.046502 -9.668339 -6.330667 1.248062 -10.216908 -2.143921 1.62158 -11.364202 -9.067533 -1.605675 -8.074098
5 24 -6.330667 1.248062 -10.216908 -7.073445 1.553851 -11.519952 -2.937105 2.776903 -11.980023 -9.807193 -0.35189 -8.54746
5 24 -7.073445 1.553851 -11.519952 -7.350282 0.784743 -12.814162 -3.67502 2.999442 -13.302561 -10.516015 0.063839 -9.838927
5 24 -7.350282 0.784743 -12.814162 -6.999011 -0.608729 -13.341409 -3.925405 2.158839 -14.557089 -10.77878 -0.602016 -11.191975
5 24 -6.999011 -0.608729 -13.341409 -6.225402 -1.810289 -12.792839 -3.541588 0.747507 -15.008721 -10.441565 -1.959407 -11.814005
5 24 -6.225402 -1.810289 -12.792839 -5.482624 -2.116078 -11.489796 -2.748404 -0.407815 -14.3929 -9.701904 -3.213192 -11.340643
5 24 -5.482624 -2.116078 -11.489796 -5.205786 -1.34697 -10.195585 -2.010489 -0.630355 -13.070363 -8.993083 -3.628921 -10.049175
5 24 -5.205786 -1.34697 -10.195585 -5.557057 0.046502 -9.668339 -1.760104 0.210248 -11.815835 -8.730317 -2.963066 -8.696128
5 24 0.455867 4.300564 -13.74661 -5.557057 0.046502 -9.668339 -6.330667 1.248062 -10.216908 1.267123 3.195292 -13.065886
3 16 -5.557057 0.046502 -9.668339 1.267123 3.195292 -13.065886 0.455867 4.300564 -13.74661
3 16 0.455867 4.300564 -13.74661 -6.330667 1.248062 -10.216908 -5.557057 0.046502 -9.668339
5 24 -0.275336 4.439075 -15.084258 -6.330667 1.248062 -10.216908 -7.073445 1.553851 -11.519952 0.455867 4.300564 -13.74661
3 16 -6.330667 1.248062 -10.216908 0.455867 4.300564 -13.74661 -0.275336 4.439075 -15.084258
3 16 -0.275336 4.439075 -15.084258 -7.073445 1.553851 -11.519952 -6.330667 1.248062 -10.216908
5 24 -0.498158 3.529688 -16.295254 -7.073445 1.553851 -11.519952 -7.350283 0.784743 -12.814162 -0.275336 4.439075 -15.084258
3 16 -7.073445 1.553851 -11.519952 -0.275336 4.439075 -15.084258 -0.498158 3.529688 -16.295254
3 16 -0.498158 3.529688 -16.295254 -7.350283 0.784743 -12.814162 -7.073445 1.553851 -11.519952
5 24 -0.082072 2.105109 -16.670214 -7.350283 0.784743 -12.814162 -6.999012 -0.608729 -13.341409 -0.498158 3.529688 -16.295254
3 16 -7.350283 0.784743 -12.814162 -0.498158 3.529688 -16.295254 -0.082072 2.105109 -16.670214
3 16 -0.082072 2.105109 -16.670214 -6.999012 -0.608729 -13.341409 -7.350283 0.784743 -12.814162
5 24 0.729183 0.999837 -15.98949 -6.999012 -0.608729 -13.341409 -6.225402 -1.810289 -12.792839 -0.082072 2.105109 -16.670214
3 16 -6.999012 -0.608729 -13.341409 -0.082072 2.105109 -16.670214 0.729183 0.999837 -15.98949
3 16 0.729183 0.999837 -15.98949 -6.225402 -1.810289 -12.792839 -6.999012 -0.608729 -13.341409
5 24 1.460387 0.861327 -14.651841 -6.225402 -1.810289 -12.792839 -5.482624 -2.116078 -11.489796 0.729183 0.999837 -15.98949
3 16 -6.225402 -1.810289 -12.792839 0.729183 0.999837 -15.98949 1.460387 0.861327 -14.651841
3 16 1.460387 0.861327 -14.651841 -5.482624 -2.116078 -11.489796 -6.225402 -1.810289 -12.792839
5 24 1.683209 1.770713 -13.440845 -5.482624 -2.116078 -11.489796 -5.205786 -1.34697 -10.195585 1.460387 0.861327 -14.651841
3 16 -5.482624 -2.116078 -11.489796 1.460387 0.861327 -14.651841 1.683209 1.770713 -13.440845
3 16 1.683209 1.770713 -13.440845 -5.205786 -1.34697 -10.195585 -5.482624 -2.116078 -11.489796
5 24 1.267123 3.195292 -13.065886 -5.205786 -1.34697 -10.195585 -5.557057 0.046502 -9.668339 1.683209 1.770713 -13.440845
3 16 -5.205786 -1.34697 -10.195585 1.683209 1.770713 -13.440845 1.267123 3.195292 -13.065886
3 16 1.267123 3.195292 -13.065886 -5.557057 0.046502 -9.668339 -5.205786 -1.34697 -10.195585
5 24 1.267123 3.195292 -13.065886 -5.557057 0.046502 -9.668339 1.683209 1.770713 -13.440845 0.455867 4.300564 -13.74661
5 24 0.455867 4.300564 -13.74661 -6.330667 1.248062 -10.216908 1.267123 3.195292 -13.065886 -0.275336 4.439075 -15.084258
5 24 -0.275336 4.439075 -15.084258 -7.073445 1.553851 -11.519952 0.455867 4.300564 -13.74661 -0.498158 3.529688 -16.295254
5 24 -0.498158 3.529688 -16.295254 -7.350283 0.784743 -12.814162 -0.275336 4.439075 -15.084258 -0.082072 2.105109 -16.670214
5 24 -0.082072 2.105109 -16.670214 -6.999012 -0.608729 -13.341409 -0.498158 3.529688 -16.295254 0.729183 0.999837 -15.98949
5 24 0.729183 0.999837 -15.98949 -6.225402 -1.810289 -12.792839 -0.082072 2.105109 -16.670214 1.460387 0.861327 -14.651841
5 24 1.460387 0.861327 -14.651841 -5.482624 -2.116078 -11.489796 0.729183 0.999837 -15.98949 1.683209 1.770713 -13.440845
5 24 1.683209 1.770713 -13.440845 -5.205786 -1.34697 -10.195585 1.460387 0.861327 -14.651841 1.267123 3.195292 -13.065886
5 24 1.267123 3.195292 -13.065886 0.455867 4.300564 -13.74661 4.614852 4.783848 -14.854644 -5.557057 0.046502 -9.668339
5 24 0.455867 4.300564 -13.74661 -0.275336 4.439075 -15.084258 3.784213 5.807851 -15.632205 -6.330667 1.248062 -10.216908
5 24 -0.275336 4.439075 -15.084258 -0.498158 3.529688 -16.295254 3.08129 5.823205 -16.991915 -7.073445 1.553851 -11.519952
5 24 -0.498158 3.529688 -16.295254 -0.082072 2.105109 -16.670214 2.917847 4.820914 -18.137274 -7.350282 0.784743 -12.814162
5 24 -0.082072 2.105109 -16.670214 0.729183 0.999837 -15.98949 3.389627 3.388108 -18.397345 -6.999011 -0.608729 -13.341409
5 24 0.729183 0.999837 -15.98949 1.460387 0.861327 -14.651841 4.220266 2.364105 -17.619785 -6.225402 -1.810289 -12.792839
5 24 1.460387 0.861327 -14.651841 1.683209 1.770713 -13.440845 4.923189 2.348752 -16.260075 -5.482624 -2.116078 -11.489796
5 24 1.683209 1.770713 -13.440845 1.267123 3.195292 -13.065886 5.086632 3.351042 -15.114716 -5.205786 -1.34697 -10.195585
5 24 7.113343 7.302795 -17.524445 1.267123 3.195292 -13.065886 0.455867 4.300564 -13.74661 7.958335 6.367515 -16.65589
3 16 1.267123 3.195292 -13.065886 7.958335 6.367515 -16.65589 7.113343 7.302795 -17.524445
3 16 7.113343 7.302795 -17.524445 0.455867 4.300564 -13.74661 1.267123 3.195292 -13.065886
5 24 6.443273 7.194765 -18.896481 0.455867 4.300564 -13.74661 -0.275336 4.439075 -15.084258 7.113343 7.302795 -17.524445
3 16 0.455867 4.300564 -13.74661 7.113343 7.302795 -17.524445 6.443273 7.194765 -18.896481
3 16 6.443273 7.194765 -18.896481 -0.275336 4.439075 -15.084258 0.455867 4.300564 -13.74661
5 24 6.340643 6.10671 -19.968277 -0.275336 4.439075 -15.084258 -0.498158 3.529688 -16.295254 6.443273 7.194765 -18.896481
3 16 -0.275336 4.439075 -15.084258 6.443273 7.194765 -18.896481 6.340643 6.10671 -19.968277
3 16 6.340643 6.10671 -19.968277 -0.498158 3.529688 -16.295254 -0.275336 4.439075 -15.084258
5 24 6.865572 4.675996 -20.11199 -0.498158 3.529688 -16.295254 -0.082072 2.105109 -16.670214 6.340643 6.10671 -19.968277
3 16 -0.498158 3.529688 -16.295254 6.340643 6.10671 -19.968277 6.865572 4.675996 -20.11199
3 16 6.865572 4.675996 -20.11199 -0.082072 2.105109 -16.670214 -0.498158 3.529688 -16.295254
5 24 7.710564 3.740716 -19.243437 -0.082072 2.105109 -16.670214 0.729183 0.999837 -15.98949 6.865572 4.675996 -20.11199
3 16 -0.082072 2.105109 -16.670214 6.865572 4.675996 -20.11199 7.710564 3.740716 -19.243437
3 16 7.710564 3.740716 -19.243437 0.729183 0.999837 -15.98949 -0.082072 2.105109 -16.670214
5 24 8.380634 3.848746 -17.871401 0.729183 0.999837 -15.98949 1.460387 0.861326 -14.651841 7.710564 3.740716 -19.243437
3 16 0.729183 0.999837 -15.98949 7.710564 3.740716 -19.243437 8.380634 3.848746 -17.871401
3 16 8.380634 3.848746 -17.871401 1.460387 0.861326 -14.651841 0.729183 0.999837 -15.98949
5 24 8.483265 4.936801 -16.799603 1.460387 0.861326 -14.651841 1.683209 1.770713 -13.440845 8.380634 3.848746 -17.871401
3 16 1.460387 0.861326 -14.651841 8.380634 3.848746 -17.871401 8.483265 4.936801 -16.799603
3 16 8.483265 4.936801 -16.799603 1.683209 1.770713 -13.440845 1.460387 0.861326 -14.651841
5 24 7.958335 6.367515 -16.65589 1.683209 1.770713 -13.440845 1.267123 3.195292 -13.065886 8.483265 4.936801 -16.799603
3 16 1.683209 1.770713 -13.440845 8.483265 4.936801 -16.799603 7.958335 6.367515 -16.65589
3 16 7.958335 6.367515 -16.65589 1.267123 3.195292 -13.065886 1.683209 1.770713 -13.440845
5 24 7.958335 6.367515 -16.65589 1.267123 3.195292 -13.065886 8.483265 4.936801 -16.799603 7.113343 7.302795 -17.524445
5 24 7.113343 7.302795 -17.524445 0.455867 4.300564 -13.74661 7.958335 6.367515 -16.65589 6.443273 7.194765 -18.896481
5 24 6.443273 7.194765 -18.896481 -0.275336 4.439075 -15.084258 7.113343 7.302795 -17.524445 6.340643 6.10671 -19.968277
5 24 6.340643 6.10671 -19.968277 -0.498158 3.529688 -16.295254 6.443273 7.194765 -18.896481 6.865572 4.675996 -20.11199
5 24 6.865572 4.675996 -20.11199 -0.082072 2.105109 -16.670214 6.340643 6.10671 -19.968277 7.710564 3.740716 -19.243437
5 24 7.710564 3.740716 -19.243437 0.729183 0.999837 -15.98949 6.865572 4.675996 -20.11199 8.380634 3.848746 -17.871401
5 24 8.380634 3.848746 -17.871401 1.460387 0.861326 -14.651841 7.710564 3.740716 -19.243437 8.483265 4.936801 -16.799603
5 24 8.483265 4.936801 -16.799603 1.683209 1.770713 -13.440845 8.380634 3.848746 -17.871401 7.958335 6.367515 -16.65589
5 24 7.958335 6.367515 -16.65589 7.113343 7.302795 -17.524445 9.594856 7.193958 -17.594912 1.267123 3.195292 -13.065886
5 24 7.113343 7.302795 -17.524445 6.443273 7.194765 -18.896481 8.743083 8.049929 -18.535627 0.455867 4.300564 -13.74661
5 24 6.443273 7.194765 -18.896481 6.340643 6.10671 -19.968277 8.107365 7.840101 -19.91221 -0.275336 4.439075 -15.084258
5 24 6.340643 6.10671 -19.968277 6.865572 4.675996 -20.11199 8.060095 6.687391 -20.918278 -0.498158 3.529688 -16.295254
5 24 6.865572 4.675996 -20.11199 7.710564 3.740716 -19.243437 8.628965 5.26704 -20.964487 -0.082072 2.105109 -16.670214
5 24 7.710564 3.740716 -19.243437 8.380634 3.848746 -17.871401 9.480739 4.411069 -20.023773 0.729183 0.999837 -15.98949
5 24 8.380634 3.848746 -17.871401 8.483265 4.936801 -16.799603 10.116458 4.620897 -18.64719 1.460387 0.861326 -14.651841
5 24 8.483265 4.936801 -16.799603 7.958335 6.367515 -16.65589 10.163727 5.773607 -17.641123 1.683209 1.770713 -13.440845
5 24 10.37436 8.787977 -19.550344 7.958335 6.367515 -16.65589 7.113343 7.302794 -17.524445 11.229013 8.015653 -18.542263
3 16 7.958335 6.367515 -16.65589 11.229013 8.015653 -18.542263 10.37436 8.787977 -19.550344
3 16 10.37436 8.787977 -19.550344 7.113343 7.302794 -17.524445 7.958335 6.367515 -16.65589
5 24 9.775993 8.477338 -20.92461 7.113343 7.302794 -17.524445 6.443273 7.194765 -18.896481 10.37436 8.787977 -19.550344
3 16 7.113343 7.302794 -17.524445 10.37436 8.787977 -19.550344 9.775993 8.477338 -20.92461
3 16 9.775993 8.477338 -20.92461 6.443273 7.194765 -18.896481 7.113343 7.302794 -17.524445
5 24 9.784428 7.265704 -21.860035 6.443273 7.194765 -18.896481 6.340642 6.10671 -19.968277 9.775993 8.477338 -20.92461
3 16 6.443273 7.194765 -18.896481 9.775993 8.477338 -20.92461 9.784428 7.265704 -21.860035
3 16 9.784428 7.265704 -21.860035 6.340642 6.10671 -19.968277 6.443273 7.194765 -18.896481
5 24 10.394724 5.862833 -21.808657 6.340642 6.10671 -19.968277 6.865572 4.675996 -20.11199 9.784428 7.265704 -21.860035
3 16 6.340642 6.10671 -19.968277 9.784428 7.265704 -21.860035 10.394724 5.862833 -21.808657
3 16 10.394724 5.862833 -21.808657 6.865572 4.675996 -20.11199 6.340642 6.10671 -19.968277
5 24 11.249377 5.090508 -20.800575 6.865572 4.675996 -20.11199 7.710564 3.740716 -19.243437 10.394724 5.862833 -21.808657
3 16 6.865572 4.675996 -20.11199 10.394724 5.862833 -21.808657 11.249377 5.090508 -20.800575
3 16 11.249377 5.090508 -20.800575 7.710564 3.740716 -19.243437 6.865572 4.675996 -20.11199
5 24 11.847744 5.401148 -19.42631 7.710564 3.740716 -19.243437 8.380634 3.848746 -17.871401 11.249377 5.090508 -20.800575
3 16 7.710564 3.740716 -19.243437 11.249377 5.090508 -20.800575 11.847744 5.401148 -19.42631
3 16 11.847744 5.401148 -19.42631 8.380634 3.848746 -17.871401 7.710564 3.740716 -19.243437
5 24 11.83931 6.612782 -18.490885 8.380634 3.848746 -17.871401 8.483265 4.936801 -16.799603 11.847744 5.401148 -19.42631
3 16 8.380634 3.848746 -17.871401 11.847744 5.401148 -19.42631 11.83931 6.612782 -18.490885
3 16 11.83931 6.612782 -18.490885 8.483265 4.936801 -16.799603 8.380634 3.848746 -17.871401
5 24 11.229013 8.015653 -18.542263 8.483265 4.936801 -16.799603 7.958335 6.367515 -16.65589 11.83931 6.612782 -18.490885
3 16 8.483265 4.936801 -16.799603 11.83931 6.612782 -18.490885 11.229013 8.015653 -18.542263
3 16 11.229013 8.015653 -18.542263 7.958335 6.367515 -16.65589 8.483265 4.936801 -16.799603
5 24 11.229013 8.015653 -18.542263 7.958335 6.367515 -16.65589 11.83931 6.612782 -18.490885 10.37436 8.787977 -19.550344
5 24 10.37436 8.787977 -19.550344 7.113343 7.302794 -17.524445 11.229013 8.015653 -18.542263 9.775993 8.477338 -20.92461
5 24 9.775993 8.477338 -20.92461 6.443273 7.194765 -18.896481 10.37436 8.787977 -19.550344 9.784428 7.265704 -21.860035
5 24 9.784428 7.265704 -21.860035 6.340642 6.10671 -19.968277 9.775993 8.477338 -20.92461 10.394724 5.862833 -21.808657
5 24 10.394724 5.862833 -21.808657 6.865572 4.675996 -20.11199 9.784428 7.265704 -21.860035 11.249377 5.090508 -20.800575
5 24 11.249377 5.090508 -20.800575 7.710564 3.740716 -19.243437 10.394724 5.862833 -21.808657 11.847744 5.401148 -19.42631
5 24 11.847744 5.401148 -19.42631 8.380634 3.848746 -17.871401 11.249377 5.090508 -20.800575 11.83931 6.612782 -18.490885
5 24 11.83931 6.612782 -18.490885 8.483265 4.936801 -16.799603 11.847744 5.401148 -19.42631 11.229013 8.015653 -18.542263
5 24 11.229013 8.015653 -18.542263 10.37436 8.787977 -19.550344 12.670422 8.711416 -19.377014 7.958335 6.367515 -16.65589
5 24 10.37436 8.787977 -19.550344 9.775993 8.477338 -20.92461 11.816351 9.420868 -20.430765 7.113343 7.302794 -17.524445
5 24 9.775993 8.477338 -20.92461 9.784428 7.265704 -21.860035 11.247275 9.038421 -21.799353 6.443273 7.194765 -18.896481
5 24 9.784428 7.265704 -21.860035 10.394724 5.862833 -21.808657 11.29655 7.788109 -22.681078 6.340642 6.10671 -19.968277
5 24 10.394724 5.862833 -21.808657 11.249377 5.090508 -20.800575 11.935311 6.402348 -22.559437 6.865572 4.675996 -20.11199
5 24 11.249377 5.090508 -20.800575 11.847744 5.401148 -19.42631 12.789381 5.692897 -21.505686 7.710564 3.740716 -19.243437
5 24 11.847744 5.401148 -19.42631 11.83931 6.612782 -18.490885 13.358457 6.075344 -20.137098 8.380634 3.848746 -17.871401
5 24 11.83931 6.612782 -18.490885 11.229013 8.015653 -18.542263 13.309182 7.325655 -19.255373 8.483265 4.936801 -16.799603
5 24 13.259477 10.048902 -21.312511 11.229013 8.015653 -18.542263 10.37436 8.787977 -19.550344 14.110891 9.404204 -20.215878
3 16 11.229013 8.015653 -18.542263 14.110891 9.404204 -20.215878 13.259477 10.048902 -21.312511
3 16 13.259477 10.048902 -21.312511 10.37436 8.787977 -19.550344 11.229013 8.015653 -18.542263
5 24 12.721099 9.595612 -22.67186 10.37436 8.787977 -19.550344 9.775993 8.477338 -20.92461 13.259477 10.048902 -21.312511
3 16 10.37436 8.787977 -19.550344 13.259477 10.048902 -21.312511 12.721099 9.595612 -22.67186
3 16 12.721099 9.595612 -22.67186 9.775993 8.477338 -20.92461 10.37436 8.787977 -19.550344
5 24 12.811132 8.309867 -23.497633 9.775993 8.477338 -20.92461 9.784428 7.265703 -21.860035 12.721099 9.595612 -22.67186
3 16 9.775993 8.477338 -20.92461 12.721099 9.595612 -22.67186 12.811132 8.309867 -23.497633
3 16 12.811132 8.309867 -23.497633 9.784428 7.265703 -21.860035 9.775993 8.477338 -20.92461
5 24 13.476836 6.944839 -23.306103 9.784428 7.265703 -21.860035 10.394724 5.862833 -21.808657 12.811132 8.309867 -23.497633
3 16 9.784428 7.265703 -21.860035 12.811132 8.309867 -23.497633 13.476836 6.944839 -23.306103
3 16 13.476836 6.944839 -23.306103 10.394724 5.862833 -21.808657 9.784428 7.265703 -21.860035
5 24 14.328251 6.300142 -22.209469 10.394724 5.862833 -21.808657 11.249377 5.090508 -20.800575 13.476836 6.944839 -23.306103
3 16 10.394724 5.862833 -21.808657 13.476836 6.944839 -23.306103 14.328251 6.300142 -22.209469
3 16 14.328251 6.300142 -22.209469 11.249377 5.090508 -20.800575 10.394724 5.862833 -21.808657
5 24 14.866628 6.753432 -20.850122 11.249377 5.090508 -20.800575 11.847744 5.401147 -19.42631 14.328251 6.300142 -22.209469
3 16 11.249377 5.090508 -20.800575 14.328251 6.300142 -22.209469 14.866628 6.753432 -20.850122
3 16 14.866628 6.753432 -20.850122 11.847744 5.401147 -19.42631 11.249377 5.090508 -20.800575
5 24 14.776595 8.039177 -20.024349 11.847744 5.401147 -19.42631 11.83931 6.612782 -18.490885 14.866628 6.753432 -20.850122
3 16 11.847744 5.401147 -19.42631 14.866628 6.753432 -20.850122 14.776595 8.039177 -20.024349
3 16 14.776595 8.039177 -20.024349 11.83931 6.612782 -18.490885 11.847744 5.401147 -19.42631
5 24 14.110891 9.404204 -20.215878 11.83931 6.612782 -18.490885 11.229013 8.015653 -18.542263 14.776595 8.039177 -20.024349
3 16 11.83931 6.612782 -18.490885 14.776595 8.039177 -20.024349 14.110891 9.404204 -20.215878
3 16 14.110891 9.404204 -20.215878 11.229013 8.015653 -18.542263 11.83931 6.612782 -18.490885
5 24 14.110891 9.404204 -20.215878 11.229013 8.015653 -18.542263 14.776595 8.039177 -20.024349 13.259477 10.048902 -21.312511
5 24 13.259477 10.048902 -21.312511 10.37436 8.787977 -19.550344 14.110891 9.404204 -20.215878 12.721099 9.595612 -22.67186
5 24 12.721099 9.595612 -22.67186 9.775993 8.477338 -20.92461 13.259477 10.048902 -21.312511 12.811132 8.309867 -23.497633
5 24 12.811132 8.309867 -23.497633 9.784428 7.265703 -21.860035 12.721099 9.595612 -22.67186 13.476836 6.944839 -23.306103
5 24 13.476836 6.944839 -23.306103 10.394724 5.862833 -21.808657 12.811132 8.309867 -23.497633 14.328251 6.300142 -22.209469
5 24 14.328251 6.300142 -22.209469 11.249377 5.090508 -20.800575 13.476836 6.944839 -23.306103 14.866628 6.753432 -20.850122
5 24 14.866628 6.753432 -20.850122 11.847744 5.401147 -19.42631 14.328251 6.300142 -22.209469 14.776595 8.039177 -20.024349
5 24 14.776595 8.039177 -20.024349 11.83931 6.612782 -18.490885 14.866628 6.753432 -20.850122 14.110891 9.404204 -20.215878
5 24 14.110891 9.404204 -20.215878 13.259477 10.048902 -21.312511 15.755102 10.176113 -21.176445 11.229013 8.015653 -18.542263
5 24 13.259477 10.048902 -21.312511 12.721099 9.595612 -22.67186 14.908732 10.752459 -22.314264 10.37436 8.787977 -19.550344
5 24 12.721099 9.595612 -22.67186 12.811132 8.309867 -23.497633 14.40355 10.227564 -23.660526 9.775993 8.477338 -20.92461
5 24 12.811132 8.309867 -23.497633 13.476836 6.944839 -23.306103 14.535483 8.908907 -24.426611 9.784428 7.265704 -21.860035
5 24 13.476836 6.944839 -23.306103 14.328251 6.300142 -22.209469 15.227249 7.56894 -24.163754 10.394724 5.862833 -21.808657
5 24 14.328251 6.300142 -22.209469 14.866628 6.753432 -20.850122 16.07362 6.992595 -23.025934 11.249377 5.090508 -20.800575
5 24 14.866628 6.753432 -20.850122 14.776595 8.039177 -20.024349 16.578802 7.517489 -21.679672 11.847744 5.401147 -19.42631
5 24 14.776595 8.039177 -20.024349 14.110891 9.404204 -20.215878 16.446869 8.836146 -20.913588 11.83931 6.612782 -18.490885
5 24 16.559465 11.450835 -23.316931 14.110891 9.404204 -20.215878 13.259477 10.048902 -21.312511 17.398609 10.944467 -22.141102
3 16 14.110891 9.404204 -20.215878 17.398609 10.944467 -22.141102 16.559465 11.450835 -23.316931
3 16 16.559465 11.450835 -23.316931 13.259477 10.048902 -21.312511 14.110891 9.404204 -20.215878
5 24 16.088795 10.855746 -24.646399 13.259477 10.048902 -21.312511 12.721099 9.595612 -22.67186 16.559465 11.450835 -23.316931
3 16 13.259477 10.048902 -21.312511 16.559465 11.450835 -23.316931 16.088795 10.855746 -24.646399
3 16 16.088795 10.855746 -24.646399 12.721099 9.595612 -22.67186 13.259477 10.048902 -21.312511
5 24 16.262308 9.507796 -25.350721 12.721099 9.595612 -22.67186 12.811132 8.309867 -23.497633 16.088795 10.855746 -24.646399
3 16 12.721099 9.595612 -22.67186 16.088795 10.855746 -24.646399 16.262308 9.507796 -25.350721
3 16 16.262308 9.507796 -25.350721 12.811132 8.309867 -23.497633 12.721099 9.595612 -22.67186
5 24 16.978367 8.196596 -25.017315 12.811132 8.309867 -23.497633 13.476836 6.944839 -23.306103 16.262308 9.507796 -25.350721
3 16 12.811132 8.309867 -23.497633 16.262308 9.507796 -25.350721 16.978367 8.196596 -25.017315
3 16 16.978367 8.196596 -25.017315 13.476836 6.944839 -23.306103 12.811132 8.309867 -23.497633
5 24 17.817511 7.690228 -23.841486 13.476836 6.944839 -23.306103 14.328251 6.300142 -22.209469 16.978367 8.196596 -25.017315
3 16 13.476836 6.944839 -23.306103 16.978367 8.196596 -25.017315 17.817511 7.690228 -23.841486
3 16 17.817511 7.690228 -23.841486 14.328251 6.300142 -22.209469 13.476836 6.944839 -23.306103
5 24 18.288183 8.285316 -22.512018 14.328251 6.300142 -22.209469 14.866628 6.753432 -20.850122 17.817511 7.690228 -23.841486
3 16 14.328251 6.300142 -22.209469 17.817511 7.690228 -23.841486 18.288183 8.285316 -22.512018
3 16 18.288183 8.285316 -22.512018 14.866628 6.753432 -20.850122 14.328251 6.300142 -22.209469
5 24 18.114668 9.633266 -21.807695 14.866628 6.753432 -20.850122 14.776595 8.039177 -20.024349 18.288183 8.285316 -22.512018
3 16 14.866628 6.753432 -20.850122 18.288183 8.285316 -22.512018 18.114668 9.633266 -21.807695
3 16 18.114668 9.633266 -21.807695 14.776595 8.039177 -20.024349 14.866628 6.753432 -20.850122
5 24 17.398609 10.944467 -22.141102 14.776595 8.039177 -20.024349 14.110891 9.404204 -20.215878 18.114668 9.633266 -21.807695
3 16 14.776595 8.039177 -20.024349 18.114668 9.633266 -21.807695 17.398609 10.944467 -22.141102
3 16 17.398609 10.944467 -22.141102 14.110891 9.404204 -20.215878 14.776595 8.039177 -20.024349
5 24 17.398609 10.944467 -22.141102 14.110891 9.404204 -20.215878 18.114668 9.633266 -21.807695 16.559465 11.450835 -23.316931
5 24 16.559465 11.450835 -23.316931 13.259477 10.048902 -21.312511 17.398609 10.944467 -22.141102 16.088795 10.855746 -24.646399
5 24 16.088795 10.855746 -24.646399 12.721099 9.595612 -22.67186 16.559465 11.450835 -23.316931 16.262308 9.507796 -25.350721
5 24 16.262308 9.507796 -25.350721 12.811132 8.309867 -23.497633 16.088795 10.855746 -24.646399 16.978367 8.196596 -25.017315
5 24 16.978367 8.196596 -25.017315 13.476836 6.944839 -23.306103 16.262308 9.507796 -25.350721 17.817511 7.690228 -23.841486
5 24 17.817511 7.690228 -23.841486 14.328251 6.300142 -22.209469 16.978367 8.196596 -25.017315 18.288183 8.285316 -22.512018
5 24 18.288183 8.285316 -22.512018 14.866628 6.753432 -20.850122 17.817511 7.690228 -23.841486 18.114668 9.633266 -21.807695
5 24 18.114668 9.633266 -21.807695 14.776595 8.039177 -20.024349 18.288183 8.285316 -22.512018 17.398609 10.944467 -22.141102
5 24 17.398609 10.944467 -22.141102 16.559465 11.450835 -23.316931 19.040766 11.703221 -23.115496 14.110891 9.404204 -20.215878
5 24 16.559465 11.450835 -23.316931 16.088795 10.855746 -24.646399 18.211231 12.137729 -24.326374 13.259477 10.048902 -21.312511
5 24 16.088795 10.855746 -24.646399 16.262308 9.507796 -25.350721 17.776657 11.473609 -25.635281 12.721099 9.595612 -22.67186
5 24 16.262308 9.507796 -25.350721 16.978367 8.196596 -25.017315 17.99161 10.099895 -26.275476 12.811132 8.309867 -23.497633
5 24 16.978367 8.196596 -25.017315 17.817511 7.690228 -23.841486 18.730175 8.82129 -25.871944 13.476836 6.944839 -23.306103
5 24 17.817511 7.690228 -23.841486 18.288183 8.285316 -22.512018 19.559708 8.386782 -24.661068 14.328251 6.300142 -22.209469
5 24 18.288183 8.285316 -22.512018 18.114668 9.633266 -21.807695 19.994282 9.050902 -23.35216 14.866628 6.753432 -20.850122
5 24 18.114668 9.633266 -21.807695 17.398609 10.944467 -22.141102 19.779329 10.424616 -22.711964 14.776595 8.039177 -20.024349
5 24 19.864759 12.819385 -25.336227 17.398609 10.944467 -22.141102 16.559465 11.450835 -23.316931 20.682516 12.457992 -24.093725
3 16 17.398609 10.944467 -22.141102 20.682516 12.457992 -24.093725 19.864759 12.819385 -25.336227
3 16 19.864759 12.819385 -25.336227 16.559465 11.450835 -23.316931 17.398609 10.944467 -22.141102
5 24 19.467417 12.088047 -26.620911 16.559465 11.450835 -23.316931 16.088795 10.855746 -24.646399 19.864759 12.819385 -25.336227
3 16 16.559465 11.450835 -23.316931 19.864759 12.819385 -25.336227 19.467417 12.088047 -26.620911
3 16 19.467417 12.088047 -26.620911 16.088795 10.855746 -24.646399 16.559465 11.450835 -23.316931
5 24 19.723246 10.692389 -27.195225 16.088795 10.855746 -24.646399 16.262308 9.507796 -25.350721 19.467417 12.088047 -26.620911
3 16 16.088795 10.855746 -24.646399 19.467417 12.088047 -26.620911 19.723246 10.692389 -27.195225
3 16 19.723246 10.692389 -27.195225 16.262308 9.507796 -25.350721 16.088795 10.855746 -24.646399
5 24 20.482386 9.449966 -26.722742 16.262308 9.507796 -25.350721 16.978367 8.196596 -25.017315 19.723246 10.692389 -27.195225
3 16 16.262308 9.507796 -25.350721 19.723246 10.692389 -27.195225 20.482386 9.449966 -26.722742
3 16 20.482386 9.449966 -26.722742 16.978367 8.196596 -25.017315 16.262308 9.507796 -25.350721
5 24 21.300142 9.088574 -25.480238 16.978367 8.196596 -25.017315 17.817511 7.690228 -23.841486 20.482386 9.449966 -26.722742
3 16 16.978367 8.196596 -25.017315 20.482386 9.449966 -26.722742 21.300142 9.088574 -25.480238
3 16 21.300142 9.088574 -25.480238 17.817511 7.690228 -23.841486 16.978367 8.196596 -25.017315
5 24 21.697485 9.819911 -24.195555 17.817511 7.690228 -23.841486 18.288183 8.285316 -22.512018 21.300142 9.088574 -25.480238
3 16 17.817511 7.690228 -23.841486 21.300142 9.088574 -25.480238 21.697485 9.819911 -24.195555
3 16 21.697485 9.819911 -24.195555 18.288183 8.285316 -22.512018 17.817511 7.690228 -23.841486
5 24 21.441656 11.215569 -23.621241 18.288183 8.285316 -22.512018 18.114668 9.633266 -21.807695 21.697485 9.819911 -24.195555
3 16 18.288183 8.285316 -22.512018 21.697485 9.819911 -24.195555 21.441656 11.215569 -23.621241
3 16 21.441656 11.215569 -23.621241 18.114668 9.633266 -21.807695 18.288183 8.285316 -22.512018
5 24 20.682516 12.457992 -24.093725 18.114668 9.633266 -21.807695 17.398609 10.944467 -22.141102 21.441656 11.215569 -23.621241
3 16 18.114668 9.633266 -21.807695 21.441656 11.215569 -23.621241 20.682516 12.457992 -24.093725
3 16 20.682516 12.457992 -24.093725 17.398609 10.944467 -22.141102 18.114668 9.633266 -21.807695
5 24 20.682516 12.457992 -24.093725 17.398609 10.944467 -22.141102 21.441656 11.215569 -23.621241 19.864759 12.819385 -25.336227
5 24 19.864759 12.819385 -25.336227 16.559465 11.450835 -23.316931 20.682516 12.457992 -24.093725 19.467417 12.088047 -26.620911
5 24 19.467417 12.088047 -26.620911 16.088795 10.855746 -24.646399 19.864759 12.819385 -25.336227 19.723246 10.692389 -27.195225
5 24 19.723246 10.692389 -27.195225 16.262308 9.507796 -25.350721 19.467417 12.088047 -26.620911 20.482386 9.449966 -26.722742
5 24 20.482386 9.449966 -26.722742 16.978367 8.196596 -25.017315 19.723246 10.692389 -27.195225 21.300142 9.088574 -25.480238
5 24 21.300142 9.088574 -25.480238 17.817511 7.690228 -23.841486 20.482386 9.449966 -26.722742 21.697485 9.819911 -24.195555
5 24 21.697485 9.819911 -24.195555 18.288183 8.285316 -22.512018 21.300142 9.088574 -25.480238 21.441656 11.215569 -23.621241
5 24 21.441656 11.215569 -23.621241 18.114668 9.633266 -21.807695 21.697485 9.819911 -24.195555 20.682516 12.457992 -24.093725
5 24 20.682516 12.457992 -24.093725 19.864759 12.819385 -25.336227 22.325409 13.200969 -25.079023 17.398609 10.944467 -22.141102
5 24 19.864759 12.819385 -25.336227 19.467417 12.088047 -26.620911 21.521494 13.489353 -26.349339 16.559465 11.450835 -23.316931
5 24 19.467417 12.088047 -26.620911 19.723246 10.692389 -27.195225 21.161821 12.693733 -27.606625 16.088795 10.855746 -24.646399
5 24 19.723246 10.692389 -27.195225 20.482386 9.449966 -26.722742 21.457081 11.280174 -28.114384 16.262308 9.507796 -25.350721
5 24 20.482386 9.449966 -26.722742 21.300142 9.088574 -25.480238 22.234316 10.076719 -27.575172 16.978367 8.196596 -25.017315
5 24 21.300142 9.088574 -25.480238 21.697485 9.819911 -24.195555 23.038231 9.788335 -26.304857 17.817511 7.690228 -23.841486
5 24 21.697485 9.819911 -24.195555 21.441656 11.215569 -23.621241 23.397903 10.583955 -25.047569 18.288183 8.285316 -22.512018
5 24 21.441656 11.215569 -23.621241 20.682516 12.457992 -24.093725 23.102644 11.997514 -24.539812 18.114668 9.633266 -21.807695
5 24 23.180172 14.154305 -27.362341 20.682516 12.457992 -24.093725 19.864759 12.819385 -25.336227 23.96822 13.939758 -26.067699
3 16 20.682516 12.457992 -24.093725 23.96822 13.939758 -26.067699 23.180172 14.154305 -27.362341
3 16 23.180172 14.154305 -27.362341 19.864759 12.819385 -25.336227 20.682516 12.457992 -24.093725
5 24 22.859055 13.296514 -28.588808 19.864759 12.819385 -25.336227 19.467417 12.088047 -26.620911 23.180172 14.154305 -27.362341
3 16 19.864759 12.819385 -25.336227 23.180172 14.154305 -27.362341 22.859055 13.296514 -28.588808
3 16 22.859055 13.296514 -28.588808 19.467417 12.088047 -26.620911 19.864759 12.819385 -25.336227
5 24 23.192974 11.868866 -29.028656 19.467417 12.088047 -26.620911 19.723246 10.692389 -27.195225 22.859055 13.296514 -28.588808
3 16 19.467417 12.088047 -26.620911 22.859055 13.296514 -28.588808 23.192974 11.868866 -29.028656
3 16 23.192974 11.868866 -29.028656 19.723246 10.692389 -27.195225 19.467417 12.088047 -26.620911
5 24 23.986328 10.70766 -28.424225 19.723246 10.692389 -27.195225 20.482386 9.449966 -26.722742 23.192974 11.868866 -29.028656
3 16 19.723246 10.692389 -27.195225 23.192974 11.868866 -29.028656 23.986328 10.70766 -28.424225
3 16 23.986328 10.70766 -28.424225 20.482386 9.449966 -26.722742 19.723246 10.692389 -27.195225
5 24 24.774378 10.493112 -27.129585 20.482386 9.449966 -26.722742 21.300142 9.088574 -25.480238 23.986328 10.70766 -28.424225
3 16 20.482386 9.449966 -26.722742 23.986328 10.70766 -28.424225 24.774378 10.493112 -27.129585
3 16 24.774378 10.493112 -27.129585 21.300142 9.088574 -25.480238 20.482386 9.449966 -26.722742
5 24 25.095495 11.350904 -25.903116 21.300142 9.088574 -25.480238 21.697485 9.819911 -24.195555 24.774378 10.493112 -27.129585
3 16 21.300142 9.088574 -25.480238 24.774378 10.493112 -27.129585 25.095495 11.350904 -25.903116
3 16 25.095495 11.350904 -25.903116 21.697485 9.819911 -24.195555 21.300142 9.088574 -25.480238
5 24 24.761574 12.778551 -25.46327 21.697485 9.819911 -24.195555 21.441656 11.215569 -23.621241 25.095495 11.350904 -25.903116
3 16 21.697485 9.819911 -24.195555 25.095495 11.350904 -25.903116 24.761574 12.778551 -25.46327
3 16 24.761574 12.778551 -25.46327 21.441656 11.215569 -23.621241 21.697485 9.819911 -24.195555
5 24 23.96822 13.939758 -26.067699 21.441656 11.215569 -23.621241 20.682516 12.457992 -24.093725 24.761574 12.778551 -25.46327
3 16 21.441656 11.215569 -23.621241 24.761574 12.778551 -25.46327 23.96822 13.939758 -26.067699
3 16 23.96822 13.939758 -26.067699 20.682516 12.457992 -24.093725 21.441656 11.215569 -23.621241
5 24 23.96822 13.939758 -26.067699 20.682516 12.457992 -24.093725 24.761574 12.778551 -25.46327 23.180172 14.154305 -27.362341
5 24 23.180172 14.154305 -27.362341 19.864759 12.819385 -25.336227 23.96822 13.939758 -26.067699 22.859055 13.296514 -28.588808
5 24 22.859055 13.296514 -28.588808 19.467417 12.088047 -26.620911 23.180172 14.154305 -27.362341 23.192974 11.868866 -29.028656
5 24 23.192974 11.868866 -29.028656 19.723246 10.692389 -27.195225 22.859055 13.296514 -28.588808 23.986328 10.70766 -28.424225
5 24 23.986328 10.70766 -28.424225 20.482386 9.449966 -26.722742 23.192974 11.868866 -29.028656 24.774378 10.493112 -27.129585
5 24 24.774378 10.493112 -27.129585 21.300142 9.088574 -25.480238 23.986328 10.70766 -28.424225 25.095495 11.350904 -25.903116
5 24 25.095495 11.350904 -25.903116 21.697485 9.819911 -24.195555 24.774378 10.493112 -27.129585 24.761574 12.778551 -25.46327
5 24 24.761574 12.778551 -25.46327 21.441656 11.215569 -23.621241 25.095495 11.350904 -25.903116 23.96822 13.939758 -26.067699
5 24 23.96822 13.939758 -26.067699 23.180172 14.154305 -27.362341 25.616098 14.66513 -27.061506 20.682516 12.457992 -24.093725
5 24 23.180172 14.154305 -27.362341 22.859055 13.296514 -28.588808 24.845449 14.80792 -28.376366 19.864759 12.819385 -25.336227
5 24 22.859055 13.296514 -28.588808 23.192974 11.868866 -29.028656 24.561325 13.891917 -29.569412 19.467417 12.088047 -26.620911
5 24 23.192974 11.868866 -29.028656 23.986328 10.70766 -28.424225 24.930161 12.453705 -29.941774 19.723246 10.692389 -27.195225
5 24 23.986328 10.70766 -28.424225 24.774378 10.493112 -27.129585 25.735897 11.335769 -29.275328 20.482386 9.449966 -26.722742
5 24 24.774378 10.493112 -27.129585 25.095495 11.350904 -25.903116 26.506546 11.192979 -27.960466 21.300142 9.088574 -25.480238
5 24 25.095495 11.350904 -25.903116 24.761574 12.778551 -25.46327 26.79067 12.108981 -26.76742 21.697485 9.819911 -24.195555
5 24 24.761574 12.778551 -25.46327 23.96822 13.939758 -26.067699 26.421835 13.547194 -26.395058 21.441656 11.215569 -23.621241
5 24 26.512695 15.45695 -29.389816 23.96822 13.939758 -26.067699 23.18017 14.154305 -27.362341 27.264219 15.386355 -28.058134
3 16 23.96822 13.939758 -26.067699 27.264219 15.386355 -28.058134 26.512695 15.45695 -29.389816
3 16 26.512695 15.45695 -29.389816 23.18017 14.154305 -27.362341 23.96822 13.939758 -26.067699
5 24 26.266134 14.484984 -30.546377 23.18017 14.154305 -27.362341 22.859055 13.296514 -28.588808 26.512695 15.45695 -29.389816
3 16 23.18017 14.154305 -27.362341 26.512695 15.45695 -29.389816 26.266134 14.484984 -30.546377
3 16 26.266134 14.484984 -30.546377 22.859055 13.296514 -28.588808 23.18017 14.154305 -27.362341
5 24 26.668966 13.039824 -30.850325 22.859055 13.296514 -28.588808 23.192974 11.868866 -29.028656 26.266134 14.484984 -30.546377
3 16 22.859055 13.296514 -28.588808 26.266134 14.484984 -30.546377 26.668966 13.039824 -30.850325
3 16 26.668966 13.039824 -30.850325 23.192974 11.868866 -29.028656 22.859055 13.296514 -28.588808
5 24 27.485222 11.968024 -30.123606 23.192974 11.868866 -29.028656 23.986328 10.70766 -28.424225 26.668966 13.039824 -30.850325
3 16 23.192974 11.868866 -29.028656 26.668966 13.039824 -30.850325 27.485222 11.968024 -30.123606
3 16 27.485222 11.968024 -30.123606 23.986328 10.70766 -28.424225 23.192974 11.868866 -29.028656
5 24 28.236746 11.897429 -28.791924 23.986328 10.70766 -28.424225 24.774378 10.493112 -27.129585 27.485222 11.968024 -30.123606
3 16 23.986328 10.70766 -28.424225 27.485222 11.968024 -30.123606 28.236746 11.897429 -28.791924
3 16 28.236746 11.897429 -28.791924 24.774378 10.493112 -27.129585 23.986328 10.70766 -28.424225
5 24 28.483307 12.869395 -27.635363 24.774378 10.493112 -27.129585 25.095495 11.350904 -25.903116 28.236746 11.897429 -28.791924
3 16 24.774378 10.493112 -27.129585 28.236746 11.897429 -28.791924 28.483307 12.869395 -27.635363
3 16 28.483307 12.869395 -27.635363 25.095495 11.350904 -25.903116 24.774378 10.493112 -27.129585
5 24 28.080475 14.314556 -27.331415 25.095495 11.350904 -25.903116 24.761574 12.778551 -25.46327 28.483307 12.869395 -27.635363
3 16 25.095495 11.350904 -25.903116 28.483307 12.869395 -27.635363 28.080475 14.314556 -27.331415
3 16 28.080475 14.314556 -27.331415 24.761574 12.778551 -25.46327 25.095495 11.350904 -25.903116
5 24 27.264219 15.386355 -28.058134 24.761574 12.778551 -25.46327 23.96822 13.939758 -26.067699 28.080475 14.314556 -27.331415
3 16 24.761574 12.778551 -25.46327 28.080475 14.314556 -27.331415 27.264219 15.386355 -28.058134
3 16 27.264219 15.386355 -28.058134 23.96822 13.939758 -26.067699 24.761574 12.778551 -25.46327
5 24 27.264219 15.386355 -28.058134 23.96822 13.939758 -26.067699 28.080475 14.314556 -27.331415 26.512695 15.45695 -29.389816
5 24 26.512695 15.45695 -29.389816 23.18017 14.154305 -27.362341 27.264219 15.386355 -28.058134 26.266134 14.484984 -30.546377
5 24 26.266134 14.484984 -30.546377 22.859055 13.296514 -28.588808 26.512695 15.45695 -29.389816 26.668966 13.039824 -30.850325
5 24 26.668966 13.039824 -30.850325 23.192974 11.868866 -29.028656 26.266134 14.484984 -30.546377 27.485222 11.968024 -30.123606
5 24 27.485222 11.968024 -30.123606 23.986328 10.70766 -28.424225 26.668966 13.039824 -30.850325 28.236746 11.897429 -28.791924
5 24 28.236746 11.897429 -28.791924 24.774378 10.493112 -27.129585 27.485222 11.968024 -30.123606 28.483307 12.869395 -27.635363
5 24 28.483307 12.869395 -27.635363 25.095495 11.350904 -25.903116 28.236746 11.897429 -28.791924 28.080475 14.314556 -27.331415
5 24 28.080475 14.314556 -27.331415 24.761574 12.778551 -25.46327 28.483307 12.869395 -27.635363 27.264219 15.386355 -28.058134
5 24 27.264219 15.386355 -28.058134 26.512695 15.45695 -29.389816 30.606295 16.762701 -30.018517 23.96822 13.939758 -26.067699
5 24 26.512695 15.45695 -29.389816 26.266134 14.484984 -30.546377 29.884398 16.734221 -31.368034 23.180172 14.154305 -27.362341
5 24 26.266134 14.484984 -30.546377 26.668966 13.039824 -30.850325 29.687807 15.688571 -32.46854 22.859055 13.296514 -28.588808
5 24 26.668966 13.039824 -30.850325 27.485222 11.968024 -30.123606 30.131685 14.238282 -32.675377 23.192974 11.868866 -29.028656
5 24 27.485222 11.968024 -30.123606 28.236746 11.897429 -28.791924 30.956013 13.232913 -31.867378 23.986328 10.70766 -28.424225
5 24 28.236746 11.897429 -28.791924 28.483307 12.869395 -27.635363 31.677912 13.261395 -30.51786 24.774378 10.493112 -27.129585
5 24 28.483307 12.869395 -27.635363 28.080475 14.314556 -27.331415 31.8745 14.307043 -29.417353 25.095495 11.350904 -25.903116
5 24 28.080475 14.314556 -27.331415 27.264219 15.386355 -28.058134 31.430624 15.757333 -29.210518 24.761574 12.778551 -25.46327
5 24 33.260071 18.003124 -33.344112 27.264219 15.386355 -28.058134 26.512695 15.45695 -29.389816 33.9496 18.130802 -31.983454
3 16 27.264219 15.386355 -28.058134 33.9496 18.130802 -31.983454 33.260071 18.003124 -33.344112
3 16 33.260071 18.003124 -33.344112 26.512695 15.45695 -29.389816 27.264219 15.386355 -28.058134
5 24 33.113869 16.888573 -34.383125 26.512695 15.45695 -29.389816 26.266134 14.484984 -30.546377 33.260071 18.003124 -33.344112
3 16 26.512695 15.45695 -29.389816 33.260071 18.003124 -33.344112 33.113869 16.888573 -34.383125
3 16 33.113869 16.888573 -34.383125 26.266134 14.484984 -30.546377 26.512695 15.45695 -29.389816
5 24 33.596638 15.440035 -34.491848 26.266134 14.484984 -30.546377 26.668966 13.039824 -30.850325 33.113869 16.888573 -34.383125
3 16 26.266134 14.484984 -30.546377 33.113869 16.888573 -34.383125 33.596638 15.440035 -34.491848
3 16 33.596638 15.440035 -34.491848 26.668966 13.039824 -30.850325 26.266134 14.484984 -30.546377
5 24 34.425575 14.506047 -33.606594 26.668966 13.039824 -30.850325 27.485222 11.968024 -30.123606 33.596638 15.440035 -34.491848
3 16 26.668966 13.039824 -30.850325 33.596638 15.440035 -34.491848 34.425575 14.506047 -33.606594
3 16 34.425575 14.506047 -33.606594 27.485222 11.968024 -30.123606 26.668966 13.039824 -30.850325
5 24 35.115105 14.633725 -32.245937 27.485222 11.968024 -30.123606 28.236746 11.897429 -28.791924 34.425575 14.506047 -33.606594
3 16 27.485222 11.968024 -30.123606 34.425575 14.506047 -33.606594 35.115105 14.633725 -32.245937
3 16 35.115105 14.633725 -32.245937 28.236746 11.897429 -28.791924 27.485222 11.968024 -30.123606
5 24 35.261307 15.748278 -31.206926 28.236746 11.897429 -28.791924 28.483307 12.869395 -27.635363 35.115105 14.633725 -32.245937
3 16 28.236746 11.897429 -28.791924 35.115105 14.633725 -32.245937 35.261307 15.748278 -31.206926
3 16 35.261307 15.748278 -31.206926 28.483307 12.869395 -27.635363 28.236746 11.897429 -28.791924
5 24 34.778538 17.196815 -31.098202 28.483307 12.869395 -27.635363 28.080475 14.314556 -27.331415 35.261307 15.748278 -31.206926
3 16 28.483307 12.869395 -27.635363 35.261307 15.748278 -31.206926 34.778538 17.196815 -31.098202
3 16 34.778538 17.196815 -31.098202 28.080475 14.314556 -27.331415 28.483307 12.869395 -27.635363
5 24 33.9496 18.130802 -31.983454 28.080475 14.314556 -27.331415 27.264219 15.386355 -28.058134 34.778538 17.196815 -31.098202
3 16 28.080475 14.314556 -27.331415 34.778538 17.196815 -31.098202 33.9496 18.130802 -31.983454
3 16 33.9496 18.130802 -31.983454 27.264219 15.386355 -28.058134 28.080475 14.314556 -27.331415
5 24 33.9496 18.130802 -31.983454 27.264219 15.386355 -28.058134 34.778538 17.196815 -31.098202 33.260071 18.003124 -33.344112
5 24 33.260071 18.003124 -33.344112 26.512695 15.45695 -29.389816 33.9496 18.130802 -31.983454 33.113869 16.888573 -34.383125
5 24 33.113869 16.888573 -34.383125 26.266134 14.484984 -30.546377 33.260071 18.003124 -33.344112 33.596638 15.440035 -34.491848
5 24 33.596638 15.440035 -34.491848 26.668966 13.039824 -30.850325 33.113869 16.888573 -34.383125 34.425575 14.506047 -33.606594
5 24 34.425575 14.506047 -33.606594 27.485222 11.968024 -30.123606 33.596638 15.440035 -34.491848 35.115105 14.633725 -32.245937
5 24 35.115105 14.633725 -32.245937 28.236746 11.897429 -28.791924 34.425575 14.506047 -33.606594 35.261307 15.748278 -31.206926
5 24 35.261307 15.748278 -31.206926 28.483307 12.869395 -27.635363 35.115105 14.633725 -32.245937 34.778538 17.196815 -31.098202
5 24 34.778538 17.196815 -31.098202 28.080475 14.314556 -27.331415 35.261307 15.748278 -31.206926 33.9496 18.130802 -31.983454
5 24 33.9496 18.130802 -31.983454 33.260071 18.003124 -33.344112 37.328411 19.419641 -33.981468 27.264219 15.386355 -28.058134
5 24 33.260071 18.003124 -33.344112 33.113869 16.888573 -34.383125 36.681351 19.175518 -35.347065 26.512695 15.45695 -29.389816
5 24 33.113869 16.888573 -34.383125 33.596638 15.440035 -34.491848 36.586884 17.983265 -36.302448 26.266134 14.484984 -30.546377
5 24 33.596638 15.440035 -34.491848 34.425575 14.506047 -33.606594 37.100346 16.54129 -36.287968 26.668966 13.039824 -30.850325
5 24 34.425575 14.506047 -33.606594 35.115105 14.633725 -32.245937 37.920963 15.694283 -35.312099 27.485222 11.968024 -30.123606
5 24 35.115105 14.633725 -32.245937 35.261307 15.748278 -31.206926 38.568024 15.938407 -33.946503 28.236746 11.897429 -28.791924
5 24 35.261307 15.748278 -31.206926 34.778538 17.196815 -31.098202 38.662495 17.130659 -32.991119 28.483307 12.869395 -27.635363
5 24 34.778538 17.196815 -31.098202 33.9496 18.130802 -31.983454 38.149029 18.572636 -33.005604 28.080475 14.314556 -27.331415
5 24 40.108311 20.336428 -37.344963 33.9496 18.130802 -31.983454 33.260071 18.003124 -33.344112 40.710552 20.696108 -35.984417
3 16 33.9496 18.130802 -31.983454 40.710552 20.696108 -35.984417 40.108311 20.336428 -37.344963
3 16 40.108311 20.336428 -37.344963 33.260071 18.003124 -33.344112 33.9496 18.130802 -31.983454
5 24 40.064602 19.074093 -38.209686 33.260071 18.003124 -33.344112 33.113869 16.888573 -34.383125 40.108311 20.336428 -37.344963
3 16 33.260071 18.003124 -33.344112 40.108311 20.336428 -37.344963 40.064602 19.074093 -38.209686
3 16 40.064602 19.074093 -38.209686 33.113869 16.888573 -34.383125 33.260071 18.003124 -33.344112
5 24 40.605034 17.648563 -38.072048 33.113869 16.888573 -34.383125 33.596638 15.440035 -34.491848 40.064602 19.074093 -38.209686
3 16 33.113869 16.888573 -34.383125 40.064602 19.074093 -38.209686 40.605034 17.648563 -38.072048
3 16 40.605034 17.648563 -38.072048 33.596638 15.440035 -34.491848 33.113869 16.888573 -34.383125
5 24 41.413025 16.894894 -37.012669 33.596638 15.440035 -34.491848 34.425575 14.506047 -33.606594 40.605034 17.648563 -38.072048
3 16 33.596638 15.440035 -34.491848 40.605034 17.648563 -38.072048 41.413025 16.894894 -37.012669
3 16 41.413025 16.894894 -37.012669 34.425575 14.506047 -33.606594 33.596638 15.440035 -34.491848
5 24 42.015266 17.254574 -35.652126 34.425575 14.506047 -33.606594 35.115105 14.633724 -32.245937 41.413025 16.894894 -37.012669
3 16 34.425575 14.506047 -33.606594 41.413025 16.894894 -37.012669 42.015266 17.254574 -35.652126
3 16 42.015266 17.254574 -35.652126 35.115105 14.633724 -32.245937 34.425575 14.506047 -33.606594
5 24 42.058971 18.516909 -34.787399 35.115105 14.633724 -32.245937 35.261307 15.748278 -31.206926 42.015266 17.254574 -35.652126
3 16 35.115105 14.633724 -32.245937 42.015266 17.254574 -35.652126 42.058971 18.516909 -34.787399
3 16 42.058971 18.516909 -34.787399 35.261307 15.748278 -31.206926 35.115105 14.633724 -32.245937
5 24 41.518543 19.942438 -34.925041 35.261307 15.748278 -31.206926 34.778538 17.196815 -31.098202 42.058971 18.516909 -34.787399
3 16 35.261307 15.748278 -31.206926 42.058971 18.516909 -34.787399 41.518543 19.942438 -34.925041
3 16 41.518543 19.942438 -34.925041 34.778538 17.196815 -31.098202 35.261307 15.748278 -31.206926
5 24 40.710552 20.696108 -35.984417 34.778538 17.196815 -31.098202 33.9496 18.130802 -31.983454 41.518543 19.942438 -34.925041
3 16 34.778538 17.196815 -31.098202 41.518543 19.942438 -34.925041 40.710552 20.696108 -35.984417
3 16 40.710552 20.696108 -35.984417 33.9496 18.130802 -31.983454 34.778538 17.196815 -31.098202
5 24 40.710552 20.696108 -35.984417 33.9496 18.130802 -31.983454 41.518543 19.942438 -34.925041 40.108311 20.336428 -37.344963
5 24 40.108311 20.336428 -37.344963 33.260071 18.003124 -33.344112 40.710552 20.696108 -35.984417 40.064602 19.074093 -38.209686
5 24 40.064602 19.074093 -38.209686 33.113869 16.888573 -34.383125 40.108311 20.336428 -37.344963 40.605034 17.648563 -38.072048
5 24 40.605034 17.648563 -38.072048 33.596638 15.440035 -34.491848 40.064602 19.074093 -38.209686 41.413025 16.894894 -37.012669
5 24 41.413025 16.894894 -37.012669 34.425575 14.506047 -33.606594 40.605034 17.648563 -38.072048 42.015266 17.254574 -35.652126
5 24 42.015266 17.254574 -35.652126 35.115105 14.633724 -32.245937 41.413025 16.894894 -37.012669 42.058971 18.516909 -34.787399
5 24 42.058971 18.516909 -34.787399 35.261307 15.748278 -31.206926 42.015266 17.254574 -35.652126 41.518543 19.942438 -34.925041
5 24 41.518543 19.942438 -34.925041 34.778538 17.196815 -31.098202 42.058971 18.516909 -34.787399 40.710552 20.696108 -35.984417
5 24 40.710552 20.696108 -35.984417 40.108311 20.336428 -37.344963 42.535545 21.261578 -37.036327 33.9496 18.130802 -31.983454
5 24 40.108311 20.336428 -37.344963 40.064602 19.074093 -38.209686 41.907688 20.820982 -38.361023 33.260071 18.003124 -33.344112
5 24 40.064602 19.074093 -38.209686 40.605034 17.648563 -38.072048 41.814301 19.49955 -39.127995 33.113869 16.888573 -34.383125
5 24 40.605034 17.648563 -38.072048 41.413025 16.894894 -37.012669 42.310085 18.07136 -38.887959 33.596638 15.440035 -34.491848
5 24 41.413025 16.894894 -37.012669 42.015266 17.254574 -35.652126 43.104622 17.373026 -37.781525 34.425575 14.506047 -33.606594
5 24 42.015266 17.254574 -35.652126 42.058971 18.516909 -34.787399 43.732475 17.813622 -36.456829 35.115105 14.633724 -32.245937
5 24 42.058971 18.516909 -34.787399 41.518543 19.942438 -34.925041 43.825863 19.135054 -35.689861 35.261307 15.748278 -31.206926
5 24 41.518543 19.942438 -34.925041 40.710552 20.696108 -35.984417 43.330078 20.563244 -35.929893 34.778538 17.196815 -31.098202
5 24 43.704731 21.296398 -39.374313 40.710552 20.696108 -35.984417 40.108311 20.336428 -37.344963 44.360405 21.814112 -38.091656
3 16 40.710552 20.696108 -35.984417 44.360405 21.814112 -38.091656 43.704731 21.296398 -39.374313
3 16 43.704731 21.296398 -39.374313 40.108311 20.336428 -37.344963 40.710552 20.696108 -35.984417
5 24 43.560825 19.925018 -40.038963 40.108311 20.336428 -37.344963 40.064602 19.074093 -38.209686 43.704731 21.296398 -39.374313
3 16 40.108311 20.336428 -37.344963 43.704731 21.296398 -39.374313 43.560825 19.925018 -40.038963
3 16 43.560825 19.925018 -40.038963 40.064602 19.074093 -38.209686 40.108311 20.336428 -37.344963
5 24 44.012993 18.503311 -39.696262 40.064602 19.074093 -38.209686 40.605034 17.648563 -38.072048 43.560825 19.925018 -40.038963
3 16 40.064602 19.074093 -38.209686 43.560825 19.925018 -40.038963 44.012993 18.503311 -39.696262
3 16 44.012993 18.503311 -39.696262 40.605034 17.648563 -38.072048 40.064602 19.074093 -38.209686
5 24 44.796352 17.864094 -38.546959 40.605034 17.648563 -38.072048 41.413025 16.894894 -37.012669 44.012993 18.503311 -39.696262
3 16 40.605034 17.648563 -38.072048 44.012993 18.503311 -39.696262 44.796352 17.864094 -38.546959
3 16 44.796352 17.864094 -38.546959 41.413025 16.894894 -37.012669 40.605034 17.648563 -38.072048
5 24 45.452026 18.381809 -37.264305 41.413025 16.894894 -37.012669 42.015266 17.254574 -35.652126 44.796352 17.864094 -38.546959
3 16 41.413025 16.894894 -37.012669 44.796352 17.864094 -38.546959 45.452026 18.381809 -37.264305
3 16 45.452026 18.381809 -37.264305 42.015266 17.254574 -35.652126 41.413025 16.894894 -37.012669
5 24 45.595928 19.753189 -36.599655 42.015266 17.254574 -35.652126 42.058971 18.516909 -34.787399 45.452026 18.381809 -37.264305
3 16 42.015266 17.254574 -35.652126 45.452026 18.381809 -37.264305 45.595928 19.753189 -36.599655
3 16 45.595928 19.753189 -36.599655 42.058971 18.516909 -34.787399 42.015266 17.254574 -35.652126
5 24 45.143764 21.174894 -36.942356 42.058971 18.516909 -34.787399 41.518543 19.942438 -34.925041 45.595928 19.753189 -36.599655
3 16 42.058971 18.516909 -34.787399 45.595928 19.753189 -36.599655 45.143764 21.174894 -36.942356
3 16 45.143764 21.174894 -36.942356 41.518543 19.942438 -34.925041 42.058971 18.516909 -34.787399
5 24 44.360405 21.814112 -38.091656 41.518543 19.942438 -34.925041 40.710552 20.696108 -35.984417 45.143764 21.174894 -36.942356
3 16 41.518543 19.942438 -34.925041 45.143764 21.174894 -36.942356 44.360405 21.814112 -38.091656
3 16 44.360405 21.814112 -38.091656 40.710552 20.696108 -35.984417 41.518543 19.942438 -34.925041
5 24 44.360405 21.814112 -38.091656 40.710552 20.696108 -35.984417 45.143764 21.174894 -36.942356 43.704731 21.296398 -39.374313
5 24 43.704731 21.296398 -39.374313 40.108311 20.336428 -37.344963 44.360405 21.814112 -38.091656 43.560825 19.925018 -40.038963
5 24 43.560825 19.925018 -40.038963 40.064602 19.074093 -38.209686 43.704731 21.296398 -39.374313 44.012993 18.503311 -39.696262
5 24 44.012993 18.503311 -39.696262 40.605034 17.648563 -38.072048 43.560825 19.925018 -40.038963 44.796352 17.864094 -38.546959
5 24 44.796352 17.864094 -38.546959 41.413025 16.894894 -37.012669 44.012993 18.503311 -39.696262 45.452026 18.381809 -37.264305
5 24 45.452026 18.381809 -37.264305 42.015266 17.254574 -35.652126 44.796352 17.864094 -38.546959 45.595928 19.753189 -36.599655
5 24 45.595928 19.753189 -36.599655 42.058971 18.516909 -34.787399 45.452026 18.381809 -37.264305 45.143764 21.174894 -36.942356
5 24 45.143764 21.174894 -36.942356 41.518543 19.942438 -34.925041 45.595928 19.753189 -36.599655 44.360405 21.814112 -38.091656
5 24 44.360405 21.814112 -38.091656 43.704731 21.296398 -39.374313 45.955532 21.911077 -39.132244 40.710552 20.696108 -35.984417
5 24 43.704731 21.296398 -39.374313 43.560825 19.925018 -40.038963 45.02182 21.351555 -40.208469 40.108311 20.336428 -37.344963
5 24 43.560825 19.925018 -40.038963 44.012993 18.503311 -39.696262 44.699043 19.953184 -40.740932 40.064602 19.074093 -38.209686
5 24 44.012993 18.503311 -39.696262 44.796352 17.864094 -38.546959 45.176277 18.53511 -40.417725 40.605034 17.648563 -38.072048
5 24 44.796352 17.864094 -38.546959 45.452026 18.381809 -37.264305 46.173969 17.928026 -39.428177 41.413025 16.894894 -37.012669
5 24 45.452026 18.381809 -37.264305 45.595928 19.753189 -36.599655 47.107681 18.487549 -38.351952 42.015266 17.254574 -35.652126
5 24 45.595928 19.753189 -36.599655 45.143764 21.174894 -36.942356 47.430458 19.88592 -37.819489 42.058971 18.516909 -34.787399
5 24 45.143764 21.174894 -36.942356 44.360405 21.814112 -38.091656 46.953224 21.303993 -38.142693 41.518543 19.942438 -34.925041
5 24 46.370037 21.420351 -41.007694 44.360405 21.814112 -38.091656 43.704731 21.296398 -39.374313 47.531048 21.999374 -40.195328
3 16 44.360405 21.814112 -38.091656 47.531048 21.999374 -40.195328 46.370037 21.420351 -41.007694
3 16 46.370037 21.420351 -41.007694 43.704731 21.296398 -39.374313 44.360405 21.814112 -38.091656
5 24 45.900894 20.009304 -41.371002 43.704731 21.296398 -39.374313 43.560825 19.925018 -40.038963 46.370037 21.420351 -41.007694
3 16 43.704731 21.296398 -39.374313 46.370037 21.420351 -41.007694 45.900894 20.009304 -41.371002
3 16 45.900894 20.009304 -41.371002 43.560825 19.925018 -40.038963 43.704731 21.296398 -39.374313
4 16 46.398426 18.592806 -41.072437 44.012993 18.503311 -39.696262 43.560825 19.925018 -40.038963 45.900894 20.009304 -41.371002
4 16 47.571198 18.000626 -40.286892 44.796352 17.864094 -38.546959 44.012993 18.503311 -39.696262 46.398426 18.592806 -41.072437
4 16 48.732204 18.579649 -39.474525 45.452026 18.381809 -37.264305 44.796352 17.864094 -38.546959 47.571198 18.000626 -40.286892
4 16 49.201351 19.990696 -39.111217 45.595928 19.753189 -36.599655 45.452026 18.381809 -37.264305 48.732204 18.579649 -39.474525
4 16 48.703815 21.407194 -39.409782 45.143764 21.174894 -36.942356 45.595928 19.753189 -36.599655 49.201351 19.990696 -39.111217
4 16 47.531048 21.999374 -40.195328 44.360405 21.814112 -38.091656 45.143764 21.174894 -36.942356 48.703815 21.407194 -39.409782
5 24 47.531048 21.999374 -40.195328 44.360405 21.814112 -38.091656 48.703815 21.407194 -39.409782 46.370037 21.420351 -41.007694
5 24 46.370037 21.420351 -41.007694 43.704731 21.296398 -39.374313 47.531048 21.999374 -40.195328 45.900894 20.009304 -41.371002
5 24 45.900894 20.009304 -41.371002 43.560825 19.925018 -40.038963 46.370037 21.420351 -41.007694 46.398426 18.592806 -41.072437
5 24 46.398426 18.592806 -41.072437 44.012993 18.503311 -39.696262 45.900894 20.009304 -41.371002 47.571198 18.000626 -40.286892
5 24 47.571198 18.000626 -40.286892 44.796352 17.864094 -38.546959 46.398426 18.592806 -41.072437 48.732204 18.579649 -39.474525
5 24 48.732204 18.579649 -39.474525 45.452026 18.381809 -37.264305 47.571198 18.000626 -40.286892 49.201351 19.990696 -39.111217
5 24 49.201351 19.990696 -39.111217 45.595928 19.753189 -36.599655 48.732204 18.579649 -39.474525 48.703815 21.407194 -39.409782
5 24 48.703815 21.407194 -39.409782 45.143764 21.174894 -36.942356 49.201351 19.990696 -39.111217 47.531048 21.999374 -40.195328
5 24 47.531048 21.999374 -40.195328 46.370037 21.420351 -41.007694 47.947632 21.999836 -42.152405 44.360405 21.814112 -38.091656
5 24 46.370037 21.420351 -41.007694 45.900894 20.009304 -41.371002 46.556438 21.413635 -42.405571 43.704731 21.296398 -39.374313
5 24 45.900894 20.009304 -41.371002 46.398426 18.592806 -41.072437 45.98317 19.999344 -42.525116 43.560825 19.925018 -40.038963
5 24 46.398426 18.592806 -41.072437 47.571198 18.000626 -40.286892 46.563637 18.585438 -42.441013 44.012993 18.503311 -39.696262
5 24 47.571198 18.000626 -40.286892 48.732204 18.579649 -39.474525 47.957813 18.000164 -42.202526 44.796352 17.864094 -38.546959
5 24 48.732204 18.579649 -39.474525 49.201351 19.990696 -39.111217 49.349007 18.586365 -41.949364 45.452026 18.381809 -37.264305
5 24 49.201351 19.990696 -39.111217 48.703815 21.407194 -39.409782 49.922276 20.000656 -41.829819 45.595928 19.753189 -36.599655
5 24 48.703815 21.407194 -39.409782 47.531048 21.999374 -40.195328 49.341808 21.414562 -41.913921 45.143764 21.174894 -36.942356
4 16 46.984413 21.414213 -43.7626 46.370037 21.420351 -41.007694 47.531048 21.999374 -40.195328 48.354321 22 -44.113823
4 16 46.416981 20 -43.617119 45.900894 20.009304 -41.371002 46.370037 21.420351 -41.007694 46.984413 21.414213 -43.7626
4 16 46.984413 18.585787 -43.7626 46.398426 18.592806 -41.072437 45.900894 20.009304 -41.371002 46.416981 20 -43.617119
4 16 48.354321 18 -44.113823 47.571198 18.000626 -40.286888 46.398426 18.592806 -41.072437 46.984413 18.585787 -43.7626
4 16 49.724228 18.585787 -44.465046 48.732204 18.579649 -39.474525 47.571198 18.000626 -40.286888 48.354321 18 -44.113823
4 16 50.29166 20 -44.610531 49.201351 19.990696 -39.111217 48.732204 18.579649 -39.474525 49.724228 18.585787 -44.465046
4 16 49.724228 21.414213 -44.465046 48.703815 21.407194 -39.409782 49.201351 19.990696 -39.111217 50.29166 20 -44.610531
4 16 48.354321 22 -44.113823 47.531048 21.999374 -40.195328 48.703815 21.407194 -39.409782 49.724228 21.414213 -44.465046
5 24 48.354321 22 -44.113823 47.531048 21.999374 -40.195328 49.724228 21.414213 -44.465046 46.984413 21.414213 -43.7626
5 24 46.984413 21.414213 -43.7626 46.370037 21.420351 -41.007694 48.354321 22 -44.113823 46.416981 20 -43.617119
5 24 46.416981 20 -43.617119 45.900894 20.009304 -41.371002 46.984413 21.414213 -43.7626 46.984413 18.585787 -43.7626
5 24 46.984413 18.585787 -43.7626 46.398426 18.592806 -41.072437 46.416981 20 -43.617119 48.354321 18 -44.113823
5 24 48.354321 18 -44.113823 47.571198 18.000626 -40.286888 46.984413 18.585787 -43.7626 49.724228 18.585787 -44.465046
5 24 49.724228 18.585787 -44.465046 48.732204 18.579649 -39.474525 48.354321 18 -44.113823 50.29166 20 -44.610531
5 24 50.29166 20 -44.610531 49.201351 19.990696 -39.111217 49.724228 18.585787 -44.465046 49.724228 21.414213 -44.465046
5 24 49.724228 21.414213 -44.465046 48.703815 21.407194 -39.409782 50.29166 20 -44.610531 48.354321 22 -44.113823
5 24 48.354321 22 -44.113823 46.984413 21.414213 -43.7626 47.071289 22 -45.617275 47.531048 21.999374 -40.195328
5 24 46.984413 21.414213 -43.7626 46.416981 20 -43.617119 45.995441 21.414213 -44.699368 46.370037 21.420351 -41.007694
5 24 46.416981 20 -43.617119 46.984413 18.585787 -43.7626 45.549812 20 -44.31916 45.900894 20.009304 -41.371002
5 24 46.984413 18.585787 -43.7626 48.354321 18 -44.113823 45.995441 18.585787 -44.699368 46.398426 18.592806 -41.072437
5 24 48.354321 18 -44.113823 49.724228 18.585787 -44.465046 47.071289 18 -45.617275 47.571198 18.000626 -40.286892
5 24 49.724228 18.585787 -44.465046 50.29166 20 -44.610531 48.147137 18.585787 -46.535179 48.732204 18.579649 -39.474525
5 24 50.29166 20 -44.610531 49.724228 21.414213 -44.465046 48.59277 20 -46.91539 49.201351 19.990696 -39.111217
5 24 49.724228 21.414213 -44.465046 48.354321 22 -44.113823 48.147137 21.414213 -46.535179 48.703815 21.407194 -39.409782
4 16 45.225723 21.414213 -45.823208 46.984413 21.414213 -43.7626 48.354321 22 -44.113823 45.788258 22 -47.120728
4 16 44.992714 20 -45.285755 46.416981 20 -43.617119 46.984413 21.414213 -43.7626 45.225723 21.414213 -45.823208
4 16 45.225723 18.585787 -45.823208 46.984413 18.585787 -43.7626 46.416981 20 -43.617119 44.992714 20 -45.285755
4 16 45.788258 18 -47.120728 48.354321 18 -44.113823 46.984413 18.585787 -43.7626 45.225723 18.585787 -45.823208
4 16 46.350792 18.585787 -48.418247 49.724228 18.585787 -44.465046 48.354321 18 -44.113823 45.788258 18 -47.120728
4 16 46.583801 20 -48.955696 50.29166 20 -44.610531 49.724228 18.585787 -44.465046 46.350792 18.585787 -48.418247
4 16 46.350792 21.414213 -48.418247 49.724228 21.414213 -44.465046 50.29166 20 -44.610531 46.583801 20 -48.955696
4 16 45.788258 22 -47.120728 48.354321 22 -44.113823 49.724228 21.414213 -44.465046 46.350792 21.414213 -48.418247
5 24 45.788258 22 -47.120728 48.354321 22 -44.113823 46.350792 21.414213 -48.418247 45.225723 21.414213 -45.823208
5 24 45.225723 21.414213 -45.823208 46.984413 21.414213 -43.7626 45.788258 22 -47.120728 44.992714 20 -45.285755
5 24 44.992714 20 -45.285755 46.416981 20 -43.617119 45.225723 21.414213 -45.823208 45.225723 18.585787 -45.823208
5 24 45.225723 18.585787 -45.823208 46.984413 18.585787 -43.7626 44.992714 20 -45.285755 45.788258 18 -47.120728
5 24 45.788258 18 -47.120728 48.354321 18 -44.113823 45.225723 18.585787 -45.823208 46.350792 18.585787 -48.418247
5 24 46.350792 18.585787 -48.418247 49.724228 18.585787 -44.465046 45.788258 18 -47.120728 46.583801 20 -48.955696
5 24 46.583801 20 -48.955696 50.29166 20 -44.610531 46.350792 18.585787 -48.418247 46.350792 21.414213 -48.418247
5 24 46.350792 21.414213 -48.418247 49.724228 21.414213 -44.465046 46.583801 20 -48.955696 45.788258 22 -47.120728
5 24 45.788258 22 -47.120728 45.225723 21.414213 -45.823208 43.770668 21.999462 -47.01408 48.354321 22 -44.113823
5 24 45.225723 21.414213 -45.823208 44.992714 20 -45.285755 43.757374 21.40233 -45.604683 46.984413 21.414213 -43.7626
5 24 44.992714 20 -45.285755 45.225723 18.585787 -45.823208 43.777481 19.983732 -45.029945 46.416981 20 -43.617119
5 24 45.225723 18.585787 -45.823208 45.788258 18 -47.120728 43.81921 18.574663 -45.626545 46.984413 18.585787 -43.7626
5 24 45.788258 18 -47.120728 46.350792 18.585787 -48.418247 43.85812 18.000538 -47.044998 48.354321 18 -44.113823
5 24 46.350792 18.585787 -48.418247 46.583801 20 -48.955696 43.871414 18.59767 -48.454395 49.724228 18.585787 -44.465046
5 24 46.583801 20 -48.955696 46.350792 21.414213 -48.418247 43.851307 20.016268 -49.029133 50.29166 20 -44.610531
5 24 46.350792 21.414213 -48.418247 45.788258 22 -47.120728 43.809578 21.425337 -48.432533 49.724228 21.414213 -44.465046
4 16 42.299564 21.402308 -45.588234 45.225723 21.414213 -45.823208 45.788258 22 -47.120728 41.762276 21.997931 -46.89196
4 16 42.567955 19.985231 -45.07539 44.992714 20 -45.285755 45.225723 21.414213 -45.823208 42.299564 21.402308 -45.588234
4 16 42.410229 18.576807 -45.653843 45.225723 18.585787 -45.823208 44.992714 20 -45.285755 42.567955 19.985231 -45.07539
4 16 41.918781 18.002069 -46.984745 45.788258 18 -47.120728 45.225723 18.585787 -45.823208 42.410229 18.576807 -45.653843
4 16 41.381496 18.597692 -48.288471 46.350792 18.585787 -48.418243 45.788258 18 -47.120728 41.918781 18.002069 -46.984745
4 16 41.113106 20.014769 -48.801315 46.583801 20 -48.955696 46.350792 18.585787 -48.418243 41.381496 18.597692 -48.288471
4 16 41.270828 21.423193 -48.222862 46.350792 21.414213 -48.418243 46.583801 20 -48.955696 41.113106 20.014769 -48.801315
4 16 41.762276 21.997931 -46.89196 45.788258 22 -47.120728 46.350792 21.414213 -48.418243 41.270828 21.423193 -48.222862
5 24 41.762276 21.997931 -46.89196 45.788258 22 -47.120728 41.270828 21.423193 -48.222862 42.299564 21.402308 -45.588234
5 24 42.299564 21.402308 -45.588234 45.225723 21.414213 -45.823208 41.762276 21.997931 -46.89196 42.567955 19.985231 -45.07539
5 24 42.567955 19.985231 -45.07539 44.992714 20 -45.285755 42.299564 21.402308 -45.588234 42.410229 18.576807 -45.653843
5 24 42.410229 18.576807 -45.653843 45.225723 18.585787 -45.823208 42.567955 19.985231 -45.07539 41.918781 18.002069 -46.984745
5 24 41.918781 18.002069 -46.984745 45.788258 18 -47.120728 42.410229 18.576807 -45.653843 41.381496 18.597692 -48.288471
5 24 41.381496 18.597692 -48.288471 46.350792 18.585787 -48.418243 41.918781 18.002069 -46.984745 41.113106 20.014769 -48.801315
5 24 41.113106 20.014769 -48.801315 46.583801 20 -48.955696 41.381496 18.597692 -48.288471 41.270828 21.423193 -48.222862
5 24 41.270828 21.423193 -48.222862 46.350792 21.414213 -48.418243 41.113106 20.014769 -48.801315 41.762276 21.997931 -46.89196
5 24 41.762276 21.997931 -46.89196 42.299564 21.402308 -45.588234 40.152966 21.809164 -45.512608 45.788258 22 -47.120728
5 24 42.299564 21.402308 -45.588234 42.567955 19.985231 -45.07539 40.92543 21.201797 -44.338917 45.225723 21.414213 -45.823208
5 24 42.567955 19.985231 -45.07539 42.410229 18.576807 -45.653843 41.321884 19.783213 -43.922279 44.992714 20 -45.285755
5 24 42.410229 18.576807 -45.653843 41.918781 18.002069 -46.984745 41.110096 18.384398 -44.506752 45.225723 18.585787 -45.823208
5 24 41.918781 18.002069 -46.984745 41.381496 18.597692 -48.288471 40.414127 17.824762 -45.749966 45.788258 18 -47.120728
5 24 41.381496 18.597692 -48.288471 41.113106 20.014769 -48.801315 39.641663 18.432129 -46.923656 46.350792 18.585787 -48.418243
5 24 41.113106 20.014769 -48.801315 41.270828 21.423193 -48.222862 39.245209 19.850714 -47.340294 46.583801 20 -48.955696
5 24 41.270828 21.423193 -48.222862 41.762276 21.997931 -46.89196 39.456997 21.249527 -46.755821 46.350792 21.414213 -48.418243
4 16 39.539024 21.009178 -43.120647 42.299564 21.402308 -45.588234 41.762276 21.997931 -46.89196 38.557129 21.616808 -44.125542
4 16 40.044991 19.595945 -42.820789 42.567955 19.985231 -45.07539 42.299564 21.402308 -45.588234 39.539024 21.009178 -43.120647
5 24 39.778641 18.20496 -43.401619 42.567955 19.985231 -45.07539 42.410229 18.576807 -45.653843 40.044991 19.595945 -42.820789
3 16 42.567955 19.985231 -45.07539 40.044991 19.595945 -42.820789 39.778641 18.20496 -43.401619
3 16 39.778641 18.20496 -43.401619 42.410229 18.576807 -45.653843 42.567955 19.985231 -45.07539
5 24 38.895996 17.651045 -44.5229 42.410229 18.576807 -45.653843 41.918781 18.002069 -46.984745 39.778641 18.20496 -43.401619
3 16 42.410229 18.576807 -45.653843 39.778641 18.20496 -43.401619 38.895996 17.651045 -44.5229
3 16 38.895996 17.651045 -44.5229 41.918781 18.002069 -46.984745 42.410229 18.576807 -45.653843
4 16 37.914101 18.258673 -45.527794 41.381496 18.597692 -48.288471 41.918781 18.002069 -46.984745 38.895996 17.651045 -44.5229
4 16 37.408134 19.671907 -45.827652 41.113106 20.014769 -48.801315 41.381496 18.597692 -48.288471 37.914101 18.258673 -45.527794
4 16 37.674484 21.062893 -45.246822 41.270828 21.423193 -48.222862 41.113106 20.014769 -48.801315 37.408134 19.671907 -45.827652
5 24 38.557129 21.616808 -44.125542 41.270828 21.423193 -48.222862 41.762276 21.997931 -46.89196 37.674484 21.062893 -45.246822
3 16 41.270828 21.423193 -48.222862 37.674484 21.062893 -45.246822 38.557129 21.616808 -44.125542
3 16 38.557129 21.616808 -44.125542 41.762276 21.997931 -46.89196 41.270828 21.423193 -48.222862
5 24 38.557129 21.616808 -44.125542 41.762276 21.997931 -46.89196 37.674484 21.062893 -45.246822 39.539024 21.009178 -43.120647
5 24 39.539024 21.009178 -43.120647 42.299564 21.402308 -45.588234 38.557129 21.616808 -44.125542 40.044991 19.595945 -42.820789
5 24 40.044991 19.595945 -42.820789 42.567955 19.985231 -45.07539 39.539024 21.009178 -43.120647 39.778641 18.20496 -43.401619
5 24 39.778641 18.20496 -43.401619 42.410229 18.576807 -45.653843 40.044991 19.595945 -42.820789 38.895996 17.651045 -44.5229
5 24 38.895996 17.651045 -44.5229 41.918781 18.002069 -46.984745 39.778641 18.20496 -43.401619 37.914101 18.258673 -45.527794
5 24 37.914101 18.258673 -45.527794 41.381496 18.597692 -48.288471 38.895996 17.651045 -44.5229 37.408134 19.671907 -45.827652
5 24 37.408134 19.671907 -45.827652 41.113106 20.014769 -48.801315 37.914101 18.258673 -45.527794 37.674484 21.062893 -45.246822
5 24 37.674484 21.062893 -45.246822 41.270828 21.423193 -48.222862 37.408134 19.671907 -45.827652 38.557129 21.616808 -44.125542
5 24 38.557129 21.616808 -44.125542 39.539024 21.009178 -43.120647 35.586086 20.915331 -41.320827 41.762276 21.997931 -46.89196
5 24 39.539024 21.009178 -43.120647 40.044991 19.595945 -42.820789 36.572098 20.25194 -40.35603 42.299564 21.402308 -45.588234
5 24 40.044991 19.595945 -42.820789 39.778641 18.20496 -43.401619 37.067219 18.821507 -40.128292 42.567955 19.985231 -45.07539
5 24 39.778641 18.20496 -43.401619 38.895996 17.651045 -44.5229 36.781422 17.461964 -40.771027 42.410229 18.576807 -45.653843
5 24 38.895996 17.651045 -44.5229 37.914101 18.258673 -45.527794 35.882114 16.969709 -41.907722 41.918781 18.002069 -46.984745
5 24 37.914101 18.258673 -45.527794 37.408134 19.671907 -45.827652 34.896107 17.633101 -42.872524 41.381496 18.597692 -48.288471
5 24 37.408134 19.671907 -45.827652 37.674484 21.062893 -45.246822 34.400982 19.063534 -43.100262 41.113106 20.014769 -48.801315
5 24 37.674484 21.062893 -45.246822 38.557129 21.616808 -44.125542 34.686779 20.423077 -42.457527 41.270828 21.423193 -48.222862
5 24 33.605076 19.491962 -37.594837 38.557129 21.616808 -44.125542 39.539024 21.009178 -43.120647 32.615898 20.209202 -38.516926
3 16 38.557129 21.616808 -44.125542 32.615898 20.209202 -38.516926 33.605076 19.491962 -37.594837
3 16 33.605076 19.491962 -37.594837 39.539024 21.009178 -43.120647 38.557129 21.616808 -44.125542
5 24 34.088459 18.047852 -37.439835 39.539024 21.009178 -43.120647 40.044991 19.595945 -42.820789 33.605076 19.491962 -37.594837
3 16 39.539024 21.009178 -43.120647 33.605076 19.491962 -37.594837 34.088459 18.047852 -37.439835
3 16 34.088459 18.047852 -37.439835 40.044991 19.595945 -42.820789 39.539024 21.009178 -43.120647
5 24 33.782898 16.722809 -38.142715 40.044991 19.595945 -42.820789 39.778641 18.20496 -43.401619 34.088459 18.047852 -37.439835
3 16 40.044991 19.595945 -42.820789 34.088459 18.047852 -37.439835 33.782898 16.722809 -38.142715
3 16 33.782898 16.722809 -38.142715 39.778641 18.20496 -43.401619 40.044991 19.595945 -42.820789
5 24 32.867378 16.293028 -39.29174 39.778641 18.20496 -43.401619 38.895996 17.651045 -44.5229 33.782898 16.722809 -38.142715
3 16 39.778641 18.20496 -43.401619 33.782898 16.722809 -38.142715 32.867378 16.293028 -39.29174
3 16 32.867378 16.293028 -39.29174 38.895996 17.651045 -44.5229 39.778641 18.20496 -43.401619
5 24 31.878202 17.010267 -40.213829 38.895996 17.651045 -44.5229 37.914101 18.258673 -45.527794 32.867378 16.293028 -39.29174
3 16 38.895996 17.651045 -44.5229 32.867378 16.293028 -39.29174 31.878202 17.010267 -40.213829
3 16 31.878202 17.010267 -40.213829 37.914101 18.258673 -45.527794 38.895996 17.651045 -44.5229
5 24 31.394815 18.454378 -40.368832 37.914101 18.258673 -45.527794 37.408134 19.671907 -45.827652 31.878202 17.010267 -40.213829
3 16 37.914101 18.258673 -45.527794 31.878202 17.010267 -40.213829 31.394815 18.454378 -40.368832
3 16 31.394815 18.454378 -40.368832 37.408134 19.671907 -45.827652 37.914101 18.258673 -45.527794
5 24 31.70038 19.779421 -39.665951 37.408134 19.671907 -45.827652 37.674484 21.062893 -45.246822 31.394815 18.454378 -40.368832
3 16 37.408134 19.671907 -45.827652 31.394815 18.454378 -40.368832 31.70038 19.779421 -39.665951
3 16 31.70038 19.779421 -39.665951 37.674484 21.062893 -45.246822 37.408134 19.671907 -45.827652
5 24 32.615898 20.209202 -38.516926 37.674484 21.062893 -45.246822 38.557129 21.616808 -44.125542 31.70038 19.779421 -39.665951
3 16 37.674484 21.062893 -45.246822 31.70038 19.779421 -39.665951 32.615898 20.209202 -38.516926
3 16 32.615898 20.209202 -38.516926 38.557129 21.616808 -44.125542 37.674484 21.062893 -45.246822
5 24 32.615898 20.209202 -38.516926 38.557129 21.616808 -44.125542 31.70038 19.779421 -39.665951 33.605076 19.491962 -37.594837
5 24 33.605076 19.491962 -37.594837 39.539024 21.009178 -43.120647 32.615898 20.209202 -38.516926 34.088459 18.047852 -37.439835
5 24 34.088459 18.047852 -37.439835 40.044991 19.595945 -42.820789 33.605076 19.491962 -37.594837 33.782898 16.722809 -38.142715
5 24 33.782898 16.722809 -38.142715 39.778641 18.20496 -43.401619 34.088459 18.047852 -37.439835 32.867378 16.293028 -39.29174
5 24 32.867378 16.293028 -39.29174 38.895996 17.651045 -44.5229 33.782898 16.722809 -38.142715 31.878202 17.010267 -40.213829
5 24 31.878202 17.010267 -40.213829 37.914101 18.258673 -45.527794 32.867378 16.293028 -39.29174 31.394815 18.454378 -40.368832
5 24 31.394815 18.454378 -40.368832 37.408134 19.671907 -45.827652 31.878202 17.010267 -40.213829 31.70038 19.779421 -39.665951
5 24 31.70038 19.779421 -39.665951 37.674484 21.062893 -45.246822 31.394815 18.454378 -40.368832 32.615898 20.209202 -38.516926
5 24 32.615898 20.209202 -38.516926 33.605076 19.491962 -37.594837 29.659595 19.43593 -35.767769 38.557129 21.616808 -44.125542
5 24 33.605076 19.491962 -37.594837 34.088459 18.047852 -37.439835 30.617371 18.624319 -34.891926 39.539024 21.009178 -43.120647
5 24 34.088459 18.047852 -37.439835 33.782898 16.722809 -38.142715 31.037086 17.153925 -34.821743 40.044991 19.595945 -42.820789
5 24 33.782898 16.722809 -38.142715 32.867378 16.293028 -39.29174 30.672884 15.886086 -35.598328 39.778641 18.20496 -43.401619
5 24 32.867378 16.293028 -39.29174 31.878202 17.010267 -40.213829 29.738102 15.563486 -36.766773 38.895996 17.651045 -44.5229
5 24 31.878202 17.010267 -40.213829 31.394815 18.454378 -40.368832 28.780329 16.375097 -37.642616 37.914101 18.258673 -45.527794
5 24 31.394815 18.454378 -40.368832 31.70038 19.779421 -39.665951 28.360611 17.845491 -37.712799 37.408134 19.671907 -45.827652
5 24 31.70038 19.779421 -39.665951 32.615898 20.209202 -38.516926 28.724815 19.113331 -36.936211 37.674484 21.062893 -45.246822
5 24 27.624586 17.750788 -32.195988 32.615898 20.209202 -38.516926 33.605076 19.491962 -37.594837 26.702375 18.652494 -33.020367
3 16 32.615898 20.209202 -38.516926 26.702375 18.652494 -33.020367 27.624586 17.750788 -32.195988
3 16 27.624586 17.750788 -32.195988 33.605076 19.491962 -37.594837 32.615898 20.209202 -38.516926
5 24 27.979446 16.261837 -32.211758 33.605076 19.491962 -37.594837 34.088459 18.047852 -37.439835 27.624586 17.750788 -32.195988
3 16 33.605076 19.491962 -37.594837 27.624586 17.750788 -32.195988 27.979446 16.261837 -32.211758
3 16 27.979446 16.261837 -32.211758 34.088459 18.047852 -37.439835 33.605076 19.491962 -37.594837
5 24 27.559086 15.057852 -33.058437 34.088459 18.047852 -37.439835 33.782898 16.722809 -38.142715 27.979446 16.261837 -32.211758
3 16 34.088459 18.047852 -37.439835 27.979446 16.261837 -32.211758 27.559086 15.057852 -33.058437
3 16 27.559086 15.057852 -33.058437 33.782898 16.722809 -38.142715 34.088459 18.047852 -37.439835
5 24 26.609745 14.84411 -34.240051 33.782898 16.722809 -38.142715 32.867378 16.293028 -39.29174 27.559086 15.057852 -33.058437
3 16 33.782898 16.722809 -38.142715 27.559086 15.057852 -33.058437 26.609745 14.84411 -34.240051
3 16 26.609745 14.84411 -34.240051 32.867378 16.293028 -39.29174 33.782898 16.722809 -38.142715
5 24 25.687534 15.745818 -35.064426 32.867378 16.293028 -39.29174 31.878202 17.010267 -40.213829 26.609745 14.84411 -34.240051
3 16 32.867378 16.293028 -39.29174 26.609745 14.84411 -34.240051 25.687534 15.745818 -35.064426
3 16 25.687534 15.745818 -35.064426 31.878202 17.010267 -40.213829 32.867378 16.293028 -39.29174
5 24 25.332672 17.234768 -35.048656 31.878202 17.010267 -40.213829 31.394817 18.454378 -40.368832 25.687534 15.745818 -35.064426
3 16 31.878202 17.010267 -40.213829 25.687534 15.745818 -35.064426 25.332672 17.234768 -35.048656
3 16 25.332672 17.234768 -35.048656 31.394817 18.454378 -40.368832 31.878202 17.010267 -40.213829
5 24 25.753033 18.438753 -34.201981 31.394817 18.454378 -40.368832 31.70038 19.779421 -39.665951 25.332672 17.234768 -35.048656
3 16 31.394817 18.454378 -40.368832 25.332672 17.234768 -35.048656 25.753033 18.438753 -34.201981
3 16 25.753033 18.438753 -34.201981 31.70038 19.779421 -39.665951 31.394817 18.454378 -40.368832
5 24 26.702375 18.652494 -33.020367 31.70038 19.779421 -39.665951 32.615898 20.209202 -38.516926 25.753033 18.438753 -34.201981
3 16 31.70038 19.779421 -39.665951 25.753033 18.438753 -34.201981 26.702375 18.652494 -33.020367
3 16 26.702375 18.652494 -33.020367 32.615898 20.209202 -38.516926 31.70038 19.779421 -39.665951
5 24 26.702375 18.652494 -33.020367 32.615898 20.209202 -38.516926 25.753033 18.438753 -34.201981 27.624586 17.750788 -32.195988
5 24 27.624586 17.750788 -32.195988 33.605076 19.491962 -37.594837 26.702375 18.652494 -33.020367 27.979446 16.261837 -32.211758
5 24 27.979446 16.261837 -32.211758 34.088459 18.047852 -37.439835 27.624586 17.750788 -32.195988 27.559086 15.057852 -33.058437
5 24 27.559086 15.057852 -33.058437 33.782898 16.722809 -38.142715 27.979446 16.261837 -32.211758 26.609745 14.84411 -34.240051
5 24 26.609745 14.84411 -34.240051 32.867378 16.293028 -39.29174 27.559086 15.057852 -33.058437 25.687534 15.745818 -35.064426
5 24 25.687534 15.745818 -35.064426 31.878202 17.010267 -40.213829 26.609745 14.84411 -34.240051 25.332672 17.234768 -35.048656
5 24 25.332672 17.234768 -35.048656 31.394817 18.454378 -40.368832 25.687534 15.745818 -35.064426 25.753033 18.438753 -34.201981
5 24 25.753033 18.438753 -34.201981 31.70038 19.779421 -39.665951 25.332672 17.234768 -35.048656 26.702375 18.652494 -33.020367
5 24 26.702375 18.652494 -33.020367 27.624586 17.750788 -32.195988 25.22987 18.235592 -31.644054 32.615898 20.209202 -38.516926
5 24 27.624586 17.750788 -32.195988 27.979446 16.261837 -32.211758 26.116903 17.259323 -30.867384 33.605076 19.491962 -37.594837
5 24 27.979446 16.261837 -32.211758 27.559086 15.057852 -33.058437 26.412687 15.760081 -30.956459 34.088459 18.047852 -37.439835
5 24 27.559086 15.057852 -33.058437 26.609745 14.84411 -34.240051 25.94396 14.616104 -31.859097 33.782898 16.722809 -38.142715
5 24 26.609745 14.84411 -34.240051 25.687534 15.745818 -35.064426 24.985291 14.497519 -33.046547 32.867378 16.293028 -39.29174
5 24 25.687534 15.745818 -35.064426 25.332672 17.234768 -35.048656 24.098257 15.473788 -33.823215 31.878202 17.010267 -40.213829
5 24 25.332672 17.234768 -35.048656 25.753033 18.438753 -34.201981 23.802473 16.97303 -33.734142 31.394817 18.454378 -40.368832
5 24 25.753033 18.438753 -34.201981 26.702375 18.652494 -33.020367 24.2712 18.117006 -32.831505 31.70038 19.779421 -39.665951
5 24 24.604918 16.764345 -29.544283 26.702375 18.652494 -33.020367 27.624586 17.750788 -32.195988 23.756044 17.811331 -30.269806
3 16 26.702375 18.652494 -33.020367 23.756044 17.811331 -30.269806 24.604918 16.764345 -29.544283
3 16 24.604918 16.764345 -29.544283 27.624586 17.750788 -32.195988 26.702375 18.652494 -33.020367
5 24 24.841166 15.260717 -29.706879 27.624586 17.750788 -32.195988 27.979446 16.261837 -32.211758 24.604918 16.764345 -29.544283
3 16 27.624586 17.750788 -32.195988 24.604918 16.764345 -29.544283 24.841166 15.260717 -29.706879
3 16 24.841166 15.260717 -29.706879 27.979446 16.261837 -32.211758 27.624586 17.750788 -32.195988
5 24 24.326399 14.181252 -30.662346 27.979446 16.261837 -32.211758 27.559086 15.057852 -33.058437 24.841166 15.260717 -29.706879
3 16 27.979446 16.261837 -32.211758 24.841166 15.260717 -29.706879 24.326399 14.181252 -30.662346
3 16 24.326399 14.181252 -30.662346 27.559086 15.057852 -33.058437 27.979446 16.261837 -32.211758
5 24 23.362158 14.158286 -31.850983 27.559086 15.057852 -33.058437 26.609745 14.84411 -34.240051 24.326399 14.181252 -30.662346
3 16 27.559086 15.057852 -33.058437 24.326399 14.181252 -30.662346 23.362158 14.158286 -31.850983
3 16 23.362158 14.158286 -31.850983 26.609745 14.84411 -34.240051 27.559086 15.057852 -33.058437
5 24 22.513283 15.205271 -32.576504 26.609745 14.84411 -34.240051 25.687534 15.745818 -35.064426 23.362158 14.158286 -31.850983
3 16 26.609745 14.84411 -34.240051 23.362158 14.158286 -31.850983 22.513283 15.205271 -32.576504
3 16 22.513283 15.205271 -32.576504 25.687534 15.745818 -35.064426 26.609745 14.84411 -34.240051
5 24 22.277035 16.708899 -32.41391 25.687534 15.745818 -35.064426 25.332674 17.234768 -35.048656 22.513283 15.205271 -32.576504
3 16 25.687534 15.745818 -35.064426 22.513283 15.205271 -32.576504 22.277035 16.708899 -32.41391
3 16 22.277035 16.708899 -32.41391 25.332674 17.234768 -35.048656 25.687534 15.745818 -35.064426
5 24 22.791803 17.788364 -31.458443 25.332674 17.234768 -35.048656 25.753033 18.438753 -34.201981 22.277035 16.708899 -32.41391
3 16 25.332674 17.234768 -35.048656 22.277035 16.708899 -32.41391 22.791803 17.788364 -31.458443
3 16 22.791803 17.788364 -31.458443 25.753033 18.438753 -34.201981 25.332674 17.234768 -35.048656
5 24 23.756044 17.811331 -30.269806 25.753033 18.438753 -34.201981 26.702375 18.652494 -33.020367 22.791803 17.788364 -31.458443
3 16 25.753033 18.438753 -34.201981 22.791803 17.788364 -31.458443 23.756044 17.811331 -30.269806
3 16 23.756044 17.811331 -30.269806 26.702375 18.652494 -33.020367 25.753033 18.438753 -34.201981
5 24 23.756044 17.811331 -30.269806 26.702375 18.652494 -33.020367 22.791803 17.788364 -31.458443 24.604918 16.764345 -29.544283
5 24 24.604918 16.764345 -29.544283 27.624586 17.750788 -32.195988 23.756044 17.811331 -30.269806 24.841166 15.260717 -29.706879
5 24 24.841166 15.260717 -29.706879 27.979446 16.261837 -32.211758 24.604918 16.764345 -29.544283 24.326399 14.181252 -30.662346
5 24 24.326399 14.181252 -30.662346 27.559086 15.057852 -33.058437 24.841166 15.260717 -29.706879 23.362158 14.158286 -31.850983
5 24 23.362158 14.158286 -31.850983 26.609745 14.84411 -34.240051 24.326399 14.181252 -30.662346 22.513283 15.205271 -32.576504
5 24 22.513283 15.205271 -32.576504 25.687534 15.745818 -35.064426 23.362158 14.158286 -31.850983 22.277035 16.708899 -32.41391
5 24 22.277035 16.708899 -32.41391 25.332674 17.234768 -35.048656 22.513283 15.205271 -32.576504 22.791803 17.788364 -31.458443
5 24 22.791803 17.788364 -31.458443 25.753033 18.438753 -34.201981 22.277035 16.708899 -32.41391 23.756044 17.811331 -30.269806
5 24 23.756044 17.811331 -30.269806 24.604918 16.764345 -29.544283 22.240877 17.391716 -28.943928 26.702375 18.652494 -33.020367
5 24 24.604918 16.764345 -29.544283 24.841166 15.260717 -29.706879 23.058325 16.293873 -28.258602 27.624586 17.750788 -32.195988
5 24 24.841166 15.260717 -29.706879 24.326399 14.181252 -30.662346 23.249805 14.790944 -28.476971 27.979446 16.261837 -32.211758
5 24 24.326399 14.181252 -30.662346 23.362158 14.158286 -31.850983 22.703157 13.763323 -29.471111 27.559086 15.057852 -33.058437
5 24 23.362158 14.158286 -31.850983 22.513283 15.205271 -32.576504 21.738596 13.812978 -30.658672 26.609745 14.84411 -34.240051
5 24 22.513283 15.205271 -32.576504 22.277035 16.708899 -32.41391 20.92115 14.91082 -31.343998 25.687534 15.745818 -35.064426
5 24 22.277035 16.708899 -32.41391 22.791803 17.788364 -31.458443 20.729668 16.41375 -31.125631 25.332672 17.234768 -35.048656
5 24 22.791803 17.788364 -31.458443 23.756044 17.811331 -30.269806 21.276316 17.44137 -30.131489 25.753033 18.438753 -34.201981
5 24 21.509108 15.821841 -26.976221 23.756044 17.811331 -30.269806 24.604918 16.764345 -29.544283 20.724586 16.968063 -27.619534
3 16 23.756044 17.811331 -30.269806 20.724586 16.968063 -27.619534 21.509108 15.821841 -26.976221
3 16 21.509108 15.821841 -26.976221 24.604918 16.764345 -29.544283 23.756044 17.811331 -30.269806
5 24 21.655861 14.323002 -27.250244 24.604918 16.764345 -29.544283 24.841166 15.260717 -29.706879 21.509108 15.821841 -26.976221
3 16 24.604918 16.764345 -29.544283 21.509108 15.821841 -26.976221 21.655861 14.323002 -27.250244
3 16 21.655861 14.323002 -27.250244 24.841166 15.260717 -29.706879 24.604918 16.764345 -29.544283
5 24 21.078884 13.349544 -28.28108 24.841166 15.260717 -29.706879 24.326399 14.181252 -30.662346 21.655861 14.323002 -27.250244
3 16 24.841166 15.260717 -29.706879 21.655861 14.323002 -27.250244 21.078884 13.349544 -28.28108
3 16 21.078884 13.349544 -28.28108 24.326399 14.181252 -30.662346 24.841166 15.260717 -29.706879
5 24 20.116159 13.471707 -29.46488 24.326399 14.181252 -30.662346 23.362158 14.158286 -31.850983 21.078884 13.349544 -28.28108
3 16 24.326399 14.181252 -30.662346 21.078884 13.349544 -28.28108 20.116159 13.471707 -29.46488
3 16 20.116159 13.471707 -29.46488 23.362158 14.158286 -31.850983 24.326399 14.181252 -30.662346
5 24 19.331638 14.617929 -30.108192 23.362158 14.158286 -31.850983 22.513283 15.205271 -32.576504 20.116159 13.471707 -29.46488
3 16 23.362158 14.158286 -31.850983 20.116159 13.471707 -29.46488 19.331638 14.617929 -30.108192
3 16 19.331638 14.617929 -30.108192 22.513283 15.205271 -32.576504 23.362158 14.158286 -31.850983
5 24 19.184885 16.11677 -29.834169 22.513283 15.205271 -32.576504 22.277035 16.708899 -32.41391 19.331638 14.617929 -30.108192
3 16 22.513283 15.205271 -32.576504 19.331638 14.617929 -30.108192 19.184885 16.11677 -29.834169
3 16 19.184885 16.11677 -29.834169 22.277035 16.708899 -32.41391 22.513283 15.205271 -32.576504
5 24 19.761862 17.090227 -28.803333 22.277035 16.708899 -32.41391 22.791803 17.788364 -31.458443 19.184885 16.11677 -29.834169
3 16 22.277035 16.708899 -32.41391 19.184885 16.11677 -29.834169 19.761862 17.090227 -28.803333
3 16 19.761862 17.090227 -28.803333 22.791803 17.788364 -31.458443 22.277035 16.708899 -32.41391
5 24 20.724586 16.968063 -27.619534 22.791803 17.788364 -31.458443 23.756044 17.811331 -30.269806 19.761862 17.090227 -28.803333
3 16 22.791803 17.788364 -31.458443 19.761862 17.090227 -28.803333 20.724586 16.968063 -27.619534
3 16 20.724586 16.968063 -27.619534 23.756044 17.811331 -30.269806 22.791803 17.788364 -31.458443
5 24 20.724586 16.968063 -27.619534 23.756044 17.811331 -30.269806 19.761862 17.090227 -28.803333 21.509108 15.821841 -26.976221
5 24 21.509108 15.821841 -26.976221 24.604918 16.764345 -29.544283 20.724586 16.968063 -27.619534 21.655861 14.323002 -27.250244
5 24 21.655861 14.323002 -27.250244 24.841166 15.260717 -29.706879 21.509108 15.821841 -26.976221 21.078884 13.349544 -28.28108
5 24 21.078884 13.349544 -28.28108 24.326399 14.181252 -30.662346 21.655861 14.323002 -27.250244 20.116159 13.471707 -29.46488
5 24 20.116159 13.471707 -29.46488 23.362158 14.158286 -31.850983 21.078884 13.349544 -28.28108 19.331638 14.617929 -30.108192
5 24 19.331638 14.617929 -30.108192 22.513283 15.205271 -32.576504 20.116159 13.471707 -29.46488 19.184885 16.11677 -29.834169
5 24 19.184885 16.11677 -29.834169 22.277035 16.708899 -32.41391 19.331638 14.617929 -30.108192 19.761862 17.090227 -28.803333
5 24 19.761862 17.090227 -28.803333 22.791803 17.788364 -31.458443 19.184885 16.11677 -29.834169 20.724586 16.968063 -27.619534
5 24 20.724586 16.968063 -27.619534 21.509108 15.821841 -26.976221 19.382559 16.584642 -26.469513 23.756044 17.811331 -30.269806
5 24 21.509108 15.821841 -26.976221 21.655861 14.323002 -27.250244 20.13097 15.389792 -25.87339 24.604918 16.764345 -29.544283
5 24 21.655861 14.323002 -27.250244 21.078884 13.349544 -28.28108 20.230747 13.899188 -26.206993 24.841166 15.260717 -29.706879
5 24 21.078884 13.349544 -28.28108 20.116159 13.471707 -29.46488 19.623446 12.986005 -27.2749 24.326399 14.181252 -30.662346
5 24 20.116159 13.471707 -29.46488 19.331638 14.617929 -30.108192 18.66481 13.185174 -28.451548 23.362158 14.158286 -31.850983
5 24 19.331638 14.617929 -30.108192 19.184885 16.11677 -29.834169 17.916399 14.380024 -29.04767 22.513283 15.205271 -32.576504
5 24 19.184885 16.11677 -29.834169 19.761862 17.090227 -28.803333 17.816622 15.870627 -28.714067 22.277035 16.708899 -32.41391
5 24 19.761862 17.090227 -28.803333 20.724586 16.968063 -27.619534 18.423925 16.783812 -27.64616 22.791803 17.788364 -31.458443
5 24 18.749792 14.956447 -24.774462 20.724586 16.968063 -27.619534 21.509108 15.821841 -26.976221 18.039001 16.196856 -25.321552
3 16 20.724586 16.968063 -27.619534 18.039001 16.196856 -25.321552 18.749792 14.956447 -24.774462
3 16 18.749792 14.956447 -24.774462 21.509108 15.821841 -26.976221 20.724586 16.968063 -27.619534
5 24 18.802864 13.477905 -25.167204 21.509108 15.821841 -26.976221 21.655861 14.323002 -27.250244 18.749792 14.956447 -24.774462
3 16 21.509108 15.821841 -26.976221 18.749792 14.956447 -24.774462 18.802864 13.477905 -25.167204
3 16 18.802864 13.477905 -25.167204 21.655861 14.323002 -27.250244 21.509108 15.821841 -26.976221
5 24 18.16713 12.627341 -26.269714 21.655861 14.323002 -27.250244 21.078884 13.349544 -28.28108 18.802864 13.477905 -25.167204
3 16 21.655861 14.323002 -27.250244 18.802864 13.477905 -25.167204 18.16713 12.627341 -26.269714
3 16 18.16713 12.627341 -26.269714 21.078884 13.349544 -28.28108 21.655861 14.323002 -27.250244
5 24 17.214991 12.903005 -27.436157 21.078884 13.349544 -28.28108 20.116159 13.471707 -29.46488 18.16713 12.627341 -26.269714
3 16 21.078884 13.349544 -28.28108 18.16713 12.627341 -26.269714 17.214991 12.903005 -27.436157
3 16 17.214991 12.903005 -27.436157 20.116159 13.471707 -29.46488 21.078884 13.349544 -28.28108
5 24 16.5042 14.143414 -27.983248 20.116159 13.471707 -29.46488 19.331638 14.617929 -30.108192 17.214991 12.903005 -27.436157
3 16 20.116159 13.471707 -29.46488 17.214991 12.903005 -27.436157 16.5042 14.143414 -27.983248
3 16 16.5042 14.143414 -27.983248 19.331638 14.617929 -30.108192 20.116159 13.471707 -29.46488
5 24 16.451128 15.621955 -27.590506 19.331638 14.617929 -30.108192 19.184885 16.11677 -29.834169 16.5042 14.143414 -27.983248
3 16 19.331638 14.617929 -30.108192 16.5042 14.143414 -27.983248 16.451128 15.621955 -27.590506
3 16 16.451128 15.621955 -27.590506 19.184885 16.11677 -29.834169 19.331638 14.617929 -30.108192
5 24 17.086863 16.472519 -26.487995 19.184885 16.11677 -29.834169 19.761862 17.090227 -28.803333 16.451128 15.621955 -27.590506
3 16 19.184885 16.11677 -29.834169 16.451128 15.621955 -27.590506 17.086863 16.472519 -26.487995
3 16 17.086863 16.472519 -26.487995 19.761862 17.090227 -28.803333 19.184885 16.11677 -29.834169
5 24 18.039001 16.196856 -25.321552 19.761862 17.090227 -28.803333 20.724586 16.968063 -27.619534 17.086863 16.472519 -26.487995
3 16 19.761862 17.090227 -28.803333 17.086863 16.472519 -26.487995 18.039001 16.196856 -25.321552
3 16 18.039001 16.196856 -25.321552 20.724586 16.968063 -27.619534 19.761862 17.090227 -28.803333
5 24 18.039001 16.196856 -25.321552 20.724586 16.968063 -27.619534 17.086863 16.472519 -26.487995 18.749792 14.956447 -24.774462
5 24 18.749792 14.956447 -24.774462 21.509108 15.821841 -26.976221 18.039001 16.196856 -25.321552 18.802864 13.477905 -25.167204
5 24 18.802864 13.477905 -25.167204 21.655861 14.323002 -27.250244 18.749792 14.956447 -24.774462 18.16713 12.627341 -26.269714
5 24 18.16713 12.627341 -26.269714 21.078884 13.349544 -28.28108 18.802864 13.477905 -25.167204 17.214991 12.903005 -27.436157
5 24 17.214991 12.903005 -27.436157 20.116159 13.471707 -29.46488 18.16713 12.627341 -26.269714 16.5042 14.143414 -27.983248
5 24 16.5042 14.143414 -27.983248 19.331638 14.617929 -30.108192 17.214991 12.903005 -27.436157 16.451128 15.621955 -27.590506
5 24 16.451128 15.621955 -27.590506 19.184885 16.11677 -29.834169 16.5042 14.143414 -27.983248 17.086863 16.472519 -26.487995
5 24 17.086863 16.472519 -26.487995 19.761862 17.090227 -28.803333 16.451128 15.621955 -27.590506 18.039001 16.196856 -25.321552
5 24 18.039001 16.196856 -25.321552 18.749792 14.956447 -24.774462 16.477989 15.757221 -24.04994 20.724586 16.968063 -27.619534
5 24 18.749792 14.956447 -24.774462 18.802864 13.477905 -25.167204 17.14801 14.472549 -23.556143 21.509108 15.821841 -26.976221
5 24 18.802864 13.477905 -25.167204 18.16713 12.627341 -26.269714 17.153625 13.010952 -24.010948 21.655861 14.323002 -27.250244
5 24 18.16713 12.627341 -26.269714 17.214991 12.903005 -27.436157 16.491545 12.228612 -25.147936 21.078884 13.349544 -28.28108
5 24 17.214991 12.903005 -27.436157 16.5042 14.143414 -27.983248 15.549608 12.583815 -26.301075 20.116159 13.471707 -29.46488
5 24 16.5042 14.143414 -27.983248 16.451128 15.621955 -27.590506 14.879586 13.868486 -26.794872 19.331638 14.617929 -30.108192
5 24 16.451128 15.621955 -27.590506 17.086863 16.472519 -26.487995 14.873971 15.330084 -26.340069 19.184885 16.11677 -29.834169
5 24 17.086863 16.472519 -26.487995 18.039001 16.196856 -25.321552 15.536051 16.112425 -25.203081 19.761862 17.090227 -28.803333
5 24 15.542841 13.9878 -22.342253 18.039001 16.196856 -25.321552 18.749792 14.956447 -24.774462 14.914959 15.313107 -22.780966
3 16 18.039001 16.196856 -25.321552 14.914959 15.313107 -22.780966 15.542841 13.9878 -22.342253
3 16 15.542841 13.9878 -22.342253 18.749792 14.956447 -24.774462 18.039001 16.196856 -25.321552
5 24 15.501614 12.547271 -22.858318 18.749792 14.956447 -24.774462 18.802864 13.477905 -25.167204 15.542841 13.9878 -22.342253
3 16 18.749792 14.956447 -24.774462 15.542841 13.9878 -22.342253 15.501614 12.547271 -22.858318
3 16 15.501614 12.547271 -22.858318 18.802864 13.477905 -25.167204 18.749792 14.956447 -24.774462
5 24 14.815428 11.835363 -24.026857 18.802864 13.477905 -25.167204 18.16713 12.627341 -26.269714 15.501614 12.547271 -22.858318
3 16 18.802864 13.477905 -25.167204 15.501614 12.547271 -22.858318 14.815428 11.835363 -24.026857
3 16 14.815428 11.835363 -24.026857 18.16713 12.627341 -26.269714 18.802864 13.477905 -25.167204
5 24 13.886242 12.269103 -25.163355 18.16713 12.627341 -26.269714 17.214991 12.903005 -27.436157 14.815428 11.835363 -24.026857
3 16 18.16713 12.627341 -26.269714 14.815428 11.835363 -24.026857 13.886242 12.269103 -25.163355
3 16 13.886242 12.269103 -25.163355 17.214991 12.903005 -27.436157 18.16713 12.627341 -26.269714
5 24 13.258359 13.594411 -25.602068 17.214991 12.903005 -27.436157 16.5042 14.143414 -27.983248 13.886242 12.269103 -25.163355
3 16 17.214991 12.903005 -27.436157 13.886242 12.269103 -25.163355 13.258359 13.594411 -25.602068
3 16 13.258359 13.594411 -25.602068 16.5042 14.143414 -27.983248 17.214991 12.903005 -27.436157
5 24 13.299586 15.03494 -25.086002 16.5042 14.143414 -27.983248 16.451128 15.621955 -27.590506 13.258359 13.594411 -25.602068
3 16 16.5042 14.143414 -27.983248 13.258359 13.594411 -25.602068 13.299586 15.03494 -25.086002
3 16 13.299586 15.03494 -25.086002 16.451128 15.621955 -27.590506 16.5042 14.143414 -27.983248
5 24 13.985772 15.746848 -23.917465 16.451128 15.621955 -27.590506 17.086863 16.472519 -26.487995 13.299586 15.03494 -25.086002
3 16 16.451128 15.621955 -27.590506 13.299586 15.03494 -25.086002 13.985772 15.746848 -23.917465
3 16 13.985772 15.746848 -23.917465 17.086863 16.472519 -26.487995 16.451128 15.621955 -27.590506
5 24 14.914959 15.313107 -22.780966 17.086863 16.472519 -26.487995 18.039001 16.196856 -25.321552 13.985772 15.746848 -23.917465
3 16 17.086863 16.472519 -26.487995 13.985772 15.746848 -23.917465 14.914959 15.313107 -22.780966
3 16 14.914959 15.313107 -22.780966 18.039001 16.196856 -25.321552 17.086863 16.472519 -26.487995
5 24 14.914959 15.313107 -22.780966 18.039001 16.196856 -25.321552 13.985772 15.746848 -23.917465 15.542841 13.9878 -22.342253
5 24 15.542841 13.9878 -22.342253 18.749792 14.956447 -24.774462 14.914959 15.313107 -22.780966 15.501614 12.547271 -22.858318
5 24 15.501614 12.547271 -22.858318 18.802864 13.477905 -25.167204 15.542841 13.9878 -22.342253 14.815428 11.835363 -24.026857
5 24 14.815428 11.835363 -24.026857 18.16713 12.627341 -26.269714 15.501614 12.547271 -22.858318 13.886242 12.269103 -25.163355
5 24 13.886242 12.269103 -25.163355 17.214991 12.903005 -27.436157 14.815428 11.835363 -24.026857 13.258359 13.594411 -25.602068
5 24 13.258359 13.594411 -25.602068 16.5042 14.143414 -27.983248 13.886242 12.269103 -25.163355 13.299586 15.03494 -25.086002
5 24 13.299586 15.03494 -25.086002 16.451128 15.621955 -27.590506 13.258359 13.594411 -25.602068 13.985772 15.746848 -23.917465
5 24 13.985772 15.746848 -23.917465 17.086863 16.472519 -26.487995 13.299586 15.03494 -25.086002 14.914959 15.313107 -22.780966
5 24 14.914959 15.313107 -22.780966 15.542841 13.9878 -22.342253 13.321643 14.86604 -21.54698 18.039001 16.196856 -25.321552
5 24 15.542841 13.9878 -22.342253 15.501614 12.547271 -22.858318 13.905116 13.502988 -21.166462 18.749792 14.956447 -24.774462
5 24 15.501614 12.547271 -22.858318 14.815428 11.835363 -24.026857 13.818191 12.088617 -21.74538 18.802864 13.477905 -25.167204
5 24 14.815428 11.835363 -24.026857 13.886242 12.269103 -25.163355 13.111786 11.451447 -22.944611 18.16713 12.627341 -26.269714
5 24 13.886242 12.269103 -25.163355 13.258359 13.594411 -25.602068 12.199705 11.964724 -24.061661 17.214991 12.903005 -27.436157
5 24 13.258359 13.594411 -25.602068 13.299586 15.03494 -25.086002 11.616231 13.327775 -24.442179 16.5042 14.143414 -27.983248
5 24 13.299586 15.03494 -25.086002 13.985772 15.746848 -23.917465 11.703156 14.742146 -23.86326 16.451128 15.621955 -27.590506
5 24 13.985772 15.746848 -23.917465 14.914959 15.313107 -22.780966 12.409561 15.379316 -22.66403 17.086863 16.472519 -26.487995
5 24 12.263824 13.017919 -19.995472 14.914959 15.313107 -22.780966 15.542841 13.9878 -22.342253 11.725835 14.414656 -20.316158
3 16 14.914959 15.313107 -22.780966 11.725835 14.414656 -20.316158 12.263824 13.017919 -19.995472
3 16 12.263824 13.017919 -19.995472 15.542841 13.9878 -22.342253 14.914959 15.313107 -22.780966
5 24 12.132214 11.633916 -20.636066 15.542841 13.9878 -22.342253 15.501614 12.547271 -22.858318 12.263824 13.017919 -19.995472
3 16 15.542841 13.9878 -22.342253 12.263824 13.017919 -19.995472 12.132214 11.633916 -20.636066
3 16 12.132214 11.633916 -20.636066 15.501614 12.547271 -22.858318 15.542841 13.9878 -22.342253
5 24 11.4081 11.073377 -21.862688 15.501614 12.547271 -22.858318 14.815429 11.835363 -24.026857 12.132214 11.633916 -20.636066
3 16 15.501614 12.547271 -22.858318 12.132214 11.633916 -20.636066 11.4081 11.073377 -21.862688
3 16 11.4081 11.073377 -21.862688 14.815429 11.835363 -24.026857 15.501614 12.547271 -22.858318
5 24 10.515658 11.66466 -22.9568 14.815429 11.835363 -24.026857 13.886242 12.269103 -25.163355 11.4081 11.073377 -21.862688
3 16 14.815429 11.835363 -24.026857 11.4081 11.073377 -21.862688 10.515658 11.66466 -22.9568
3 16 10.515658 11.66466 -22.9568 13.886242 12.269103 -25.163355 14.815429 11.835363 -24.026857
5 24 9.97767 13.061397 -23.277485 13.886242 12.269103 -25.163355 13.25836 13.594411 -25.602068 10.515658 11.66466 -22.9568
3 16 13.886242 12.269103 -25.163355 10.515658 11.66466 -22.9568 9.97767 13.061397 -23.277485
3 16 9.97767 13.061397 -23.277485 13.25836 13.594411 -25.602068 13.886242 12.269103 -25.163355
5 24 10.10928 14.445399 -22.63689 13.25836 13.594411 -25.602068 13.299587 15.03494 -25.086002 9.97767 13.061397 -23.277485
3 16 13.25836 13.594411 -25.602068 9.97767 13.061397 -23.277485 10.10928 14.445399 -22.63689
3 16 10.10928 14.445399 -22.63689 13.299587 15.03494 -25.086002 13.25836 13.594411 -25.602068
5 24 10.833394 15.005939 -21.410269 13.299587 15.03494 -25.086002 13.985772 15.746848 -23.917465 10.10928 14.445399 -22.63689
3 16 13.299587 15.03494 -25.086002 10.10928 14.445399 -22.63689 10.833394 15.005939 -21.410269
3 16 10.833394 15.005939 -21.410269 13.985772 15.746848 -23.917465 13.299587 15.03494 -25.086002
5 24 11.725835 14.414656 -20.316158 13.985772 15.746848 -23.917465 14.914959 15.313107 -22.780966 10.833394 15.005939 -21.410269
3 16 13.985772 15.746848 -23.917465 10.833394 15.005939 -21.410269 11.725835 14.414656 -20.316158
3 16 11.725835 14.414656 -20.316158 14.914959 15.313107 -22.780966 13.985772 15.746848 -23.917465
5 24 11.725835 14.414656 -20.316158 14.914959 15.313107 -22.780966 10.833394 15.005939 -21.410269 12.263824 13.017919 -19.995472
5 24 12.263824 13.017919 -19.995472 15.542841 13.9878 -22.342253 11.725835 14.414656 -20.316158 12.132214 11.633916 -20.636066
5 24 12.132214 11.633916 -20.636066 15.501614 12.547271 -22.858318 12.263824 13.017919 -19.995472 11.4081 11.073377 -21.862688
5 24 11.4081 11.073377 -21.862688 14.815429 11.835363 -24.026857 12.132214 11.633916 -20.636066 10.515658 11.66466 -22.9568
5 24 10.515658 11.66466 -22.9568 13.886242 12.269103 -25.163355 11.4081 11.073377 -21.862688 9.97767 13.061397 -23.277485
5 24 9.97767 13.061397 -23.277485 13.25836 13.594411 -25.602068 10.515658 11.66466 -22.9568 10.10928 14.445399 -22.63689
5 24 10.10928 14.445399 -22.63689 13.299587 15.03494 -25.086002 9.97767 13.061397 -23.277485 10.833394 15.005939 -21.410269
5 24 10.833394 15.005939 -21.410269 13.985772 15.746848 -23.917465 10.10928 14.445399 -22.63689 11.725835 14.414656 -20.316158
5 24 11.725835 14.414656 -20.316158 12.263824 13.017919 -19.995472 10.095272 13.963659 -19.127092 14.914959 15.313107 -22.780966
5 24 12.263824 13.017919 -19.995472 12.132214 11.633916 -20.636066 10.587286 12.537489 -18.868044 15.542841 13.9878 -22.342253
5 24 12.132214 11.633916 -20.636066 11.4081 11.073377 -21.862688 10.414045 11.188418 -19.570284 15.501614 12.547271 -22.858318
5 24 11.4081 11.073377 -21.862688 10.515658 11.66466 -22.9568 9.677033 10.706714 -20.822451 14.815428 11.835363 -24.026857
5 24 10.515658 11.66466 -22.9568 9.97767 13.061397 -23.277485 8.807981 11.374554 -21.891041 13.886242 12.269103 -25.163355
5 24 9.97767 13.061397 -23.277485 10.10928 14.445399 -22.63689 8.315967 12.800724 -22.150089 13.25836 13.594411 -25.602068
5 24 10.10928 14.445399 -22.63689 10.833394 15.005939 -21.410269 8.489207 14.149795 -21.447847 13.299586 15.03494 -25.086002
5 24 10.833394 15.005939 -21.410269 11.725835 14.414656 -20.316158 9.226219 14.631499 -20.195683 13.985772 15.746848 -23.917465
5 24 8.907251 12.057462 -17.745554 11.725835 14.414656 -20.316158 12.263824 13.017919 -19.995472 8.461896 13.508796 -17.941603
3 16 11.725835 14.414656 -20.316158 8.461896 13.508796 -17.941603 8.907251 12.057462 -17.745554
3 16 8.907251 12.057462 -17.745554 12.263824 13.017919 -19.995472 11.725835 14.414656 -20.316158
5 24 8.693746 10.747357 -18.50791 12.263824 13.017919 -19.995472 12.132214 11.633916 -20.636066 8.907251 12.057462 -17.745554
3 16 12.263824 13.017919 -19.995472 8.907251 12.057462 -17.745554 8.693746 10.747357 -18.50791
3 16 8.693746 10.747357 -18.50791 12.132214 11.633916 -20.636066 12.263824 13.017919 -19.995472
5 24 7.946448 10.345923 -19.782093 12.132214 11.633916 -20.636066 11.4081 11.073377 -21.862688 8.693746 10.747357 -18.50791
3 16 12.132214 11.633916 -20.636066 8.693746 10.747357 -18.50791 7.946448 10.345923 -19.782093
3 16 7.946448 10.345923 -19.782093 11.4081 11.073377 -21.862688 12.132214 11.633916 -20.636066
5 24 7.103116 11.088315 -20.821705 11.4081 11.073377 -21.862688 10.515658 11.66466 -22.9568 7.946448 10.345923 -19.782093
3 16 11.4081 11.073377 -21.862688 7.946448 10.345923 -19.782093 7.103116 11.088315 -20.821705
3 16 7.103116 11.088315 -20.821705 10.515658 11.66466 -22.9568 11.4081 11.073377 -21.862688
5 24 6.657761 12.539649 -21.017754 10.515658 11.66466 -22.9568 9.97767 13.061397 -23.277487 7.103116 11.088315 -20.821705
3 16 10.515658 11.66466 -22.9568 7.103116 11.088315 -20.821705 6.657761 12.539649 -21.017754
3 16 6.657761 12.539649 -21.017754 9.97767 13.061397 -23.277487 10.515658 11.66466 -22.9568
5 24 6.871266 13.849753 -20.255396 9.97767 13.061397 -23.277487 10.109281 14.445399 -22.63689 6.657761 12.539649 -21.017754
3 16 9.97767 13.061397 -23.277487 6.657761 12.539649 -21.017754 6.871266 13.849753 -20.255396
3 16 6.871266 13.849753 -20.255396 10.109281 14.445399 -22.63689 9.97767 13.061397 -23.277487
5 24 7.618564 14.251187 -18.981213 10.109281 14.445399 -22.63689 10.833394 15.005939 -21.410269 6.871266 13.849753 -20.255396
3 16 10.109281 14.445399 -22.63689 6.871266 13.849753 -20.255396 7.618564 14.251187 -18.981213
3 16 7.618564 14.251187 -18.981213 10.833394 15.005939 -21.410269 10.109281 14.445399 -22.63689
5 24 8.461896 13.508796 -17.941603 10.833394 15.005939 -21.410269 11.725835 14.414656 -20.316158 7.618564 14.251187 -18.981213
3 16 10.833394 15.005939 -21.410269 7.618564 14.251187 -18.981213 8.461896 13.508796 -17.941603
3 16 8.461896 13.508796 -17.941603 11.725835 14.414656 -20.316158 10.833394 15.005939 -21.410269
5 24 8.461896 13.508796 -17.941603 11.725835 14.414656 -20.316158 7.618564 14.251187 -18.981213 8.907251 12.057462 -17.745554
5 24 8.907251 12.057462 -17.745554 12.263824 13.017919 -19.995472 8.461896 13.508796 -17.941603 8.693746 10.747357 -18.50791
5 24 8.693746 10.747357 -18.50791 12.132214 11.633916 -20.636066 8.907251 12.057462 -17.745554 7.946448 10.345923 -19.782093
5 24 7.946448 10.345923 -19.782093 11.4081 11.073377 -21.862688 8.693746 10.747357 -18.50791 7.103116 11.088315 -20.821705
5 24 7.103116 11.088315 -20.821705 10.515658 11.66466 -22.9568 7.946448 10.345923 -19.782093 6.657761 12.539649 -21.017754
5 24 6.657761 12.539649 -21.017754 9.97767 13.061397 -23.277487 7.103116 11.088315 -20.821705 6.871266 13.849753 -20.255396
5 24 6.871266 13.849753 -20.255396 10.109281 14.445399 -22.63689 6.657761 12.539649 -21.017754 7.618564 14.251187 -18.981213
5 24 7.618564 14.251187 -18.981213 10.833394 15.005939 -21.410269 6.871266 13.849753 -20.255396 8.461896 13.508796 -17.941603
5 24 8.461896 13.508796 -17.941603 8.907251 12.057462 -17.745554 6.788793 13.058259 -16.804647 11.725835 14.414656 -20.316158
5 24 8.907251 12.057462 -17.745554 8.693746 10.747357 -18.50791 7.188573 11.586654 -16.671602 12.263824 13.017919 -19.995472
5 24 8.693746 10.747357 -18.50791 7.946448 10.345923 -19.782093 6.939899 10.318977 -17.492762 12.132214 11.633916 -20.636066
5 24 7.946448 10.345923 -19.782093 7.103116 11.088315 -20.821705 6.188441 9.997815 -18.7871 11.4081 11.073377 -21.862688
5 24 7.103116 11.088315 -20.821705 6.657761 12.539649 -21.017754 5.374393 10.811302 -19.796412 10.515658 11.66466 -22.9568
5 24 6.657761 12.539649 -21.017754 6.871266 13.849753 -20.255396 4.974613 12.282907 -19.929457 9.97767 13.061397 -23.277485
5 24 6.871266 13.849753 -20.255396 7.618564 14.251187 -18.981213 5.223287 13.550584 -19.108297 10.10928 14.445399 -22.63689
5 24 7.618564 14.251187 -18.981213 8.461896 13.508796 -17.941603 5.974745 13.871746 -17.813959 10.833394 15.005939 -21.410269
5 24 5.466689 11.116867 -15.602512 8.461896 13.508796 -17.941603 8.907251 12.057462 -17.745554 5.112698 12.604509 -15.671498
3 16 8.461896 13.508796 -17.941603 5.112698 12.604509 -15.671498 5.466689 11.116867 -15.602512
3 16 5.466689 11.116867 -15.602512 8.907251 12.057462 -17.745554 8.461896 13.508796 -17.941603
5 24 5.18451 9.895254 -16.480682 8.907251 12.057462 -17.745554 8.693746 10.747357 -18.50791 5.466689 11.116867 -15.602512
3 16 8.907251 12.057462 -17.745554 5.466689 11.116867 -15.602512 5.18451 9.895254 -16.480682
3 16 5.18451 9.895254 -16.480682 8.693746 10.747357 -18.50791 8.907251 12.057462 -17.745554
5 24 4.431458 9.655272 -17.791586 8.693746 10.747357 -18.50791 7.946448 10.345923 -19.782093 5.18451 9.895254 -16.480682
3 16 8.693746 10.747357 -18.50791 5.18451 9.895254 -16.480682 4.431458 9.655272 -17.791586
3 16 4.431458 9.655272 -17.791586 7.946448 10.345923 -19.782093 8.693746 10.747357 -18.50791
5 24 3.648661 10.537502 -18.767315 7.946448 10.345923 -19.782093 7.103116 11.088315 -20.821705 4.431458 9.655272 -17.791586
3 16 7.946448 10.345923 -19.782093 4.431458 9.655272 -17.791586 3.648661 10.537502 -18.767315
3 16 3.648661 10.537502 -18.767315 7.103116 11.088315 -20.821705 7.946448 10.345923 -19.782093
5 24 3.294671 12.025145 -18.8363 7.103116 11.088315 -20.821705 6.657761 12.539649 -21.017754 3.648661 10.537502 -18.767315
3 16 7.103116 11.088315 -20.821705 3.648661 10.537502 -18.767315 3.294671 12.025145 -18.8363
3 16 3.294671 12.025145 -18.8363 6.657761 12.539649 -21.017754 7.103116 11.088315 -20.821705
5 24 3.57685 13.246758 -17.95813 6.657761 12.539649 -21.017754 6.871266 13.849753 -20.255396 3.294671 12.025145 -18.8363
3 16 6.657761 12.539649 -21.017754 3.294671 12.025145 -18.8363 3.57685 13.246758 -17.95813
3 16 3.57685 13.246758 -17.95813 6.871266 13.849753 -20.255396 6.657761 12.539649 -21.017754
5 24 4.329901 13.486739 -16.647226 6.871266 13.849753 -20.255396 7.618564 14.251187 -18.981213 3.57685 13.246758 -17.95813
3 16 6.871266 13.849753 -20.255396 3.57685 13.246758 -17.95813 4.329901 13.486739 -16.647226
3 16 4.329901 13.486739 -16.647226 7.618564 14.251187 -18.981213 6.871266 13.849753 -20.255396
5 24 5.112698 12.604509 -15.671498 7.618564 14.251187 -18.981213 8.461896 13.508796 -17.941603 4.329901 13.486739 -16.647226
3 16 7.618564 14.251187 -18.981213 4.329901 13.486739 -16.647226 5.112698 12.604509 -15.671498
3 16 5.112698 12.604509 -15.671498 8.461896 13.508796 -17.941603 7.618564 14.251187 -18.981213
5 24 5.112698 12.604509 -15.671498 8.461896 13.508796 -17.941603 4.329901 13.486739 -16.647226 5.466689 11.116867 -15.602512
5 24 5.466689 11.116867 -15.602512 8.907251 12.057462 -17.745554 5.112698 12.604509 -15.671498 5.18451 9.895254 -16.480682
5 24 5.18451 9.895254 -16.480682 8.693746 10.747357 -18.50791 5.466689 11.116867 -15.602512 4.431458 9.655272 -17.791586
5 24 4.431458 9.655272 -17.791586 7.946448 10.345923 -19.782093 5.18451 9.895254 -16.480682 3.648661 10.537502 -18.767315
5 24 3.648661 10.537502 -18.767315 7.103116 11.088315 -20.821705 4.431458 9.655272 -17.791586 3.294671 12.025145 -18.8363
5 24 3.294671 12.025145 -18.8363 6.657761 12.539649 -21.017754 3.648661 10.537502 -18.767315 3.57685 13.246758 -17.95813
5 24 3.57685 13.246758 -17.95813 6.871266 13.849753 -20.255396 3.294671 12.025145 -18.8363 4.329901 13.486739 -16.647226
5 24 4.329901 13.486739 -16.647226 7.618564 14.251187 -18.981213 3.57685 13.246758 -17.95813 5.112698 12.604509 -15.671498
5 24 5.112698 12.604509 -15.671498 5.466689 11.116867 -15.602512 3.391335 12.159932 -14.596536 8.461896 13.508796 -17.941603
5 24 5.466689 11.116867 -15.602512 5.18451 9.895254 -16.480682 3.702362 10.661143 -14.589972 8.907251 12.057462 -17.745554
5 24 5.18451 9.895254 -16.480682 4.431458 9.655272 -17.791586 3.393407 9.487482 -15.522823 8.693746 10.747357 -18.50791
5 24 4.431458 9.655272 -17.791586 3.648661 10.537502 -18.767315 2.645453 9.326462 -16.848639 7.946448 10.345923 -19.782093
5 24 3.648661 10.537502 -18.767315 3.294671 12.025145 -18.8363 1.89664 10.272407 -17.79077 7.103116 11.088315 -20.821705
5 24 3.294671 12.025145 -18.8363 3.57685 13.246758 -17.95813 1.585613 11.771195 -17.797333 6.657761 12.539649 -21.017754
5 24 3.57685 13.246758 -17.95813 4.329901 13.486739 -16.647226 1.894568 12.944857 -16.864481 6.871266 13.849753 -20.255396
5 24 4.329901 13.486739 -16.647226 5.112698 12.604509 -15.671498 2.642522 13.105877 -15.538668 7.618564 14.251187 -18.981213
5 24 1.935302 10.206925 -13.582039 5.112699 12.604509 -15.671498 5.466689 11.116868 -15.602512 1.666985 11.712895 -13.525428
3 16 5.112699 12.604509 -15.671498 1.666985 11.712895 -13.525428 1.935302 10.206925 -13.582039
3 16 1.935302 10.206925 -13.582039 5.466689 11.116868 -15.602512 5.112699 12.604509 -15.671498
5 24 1.601426 9.084298 -14.567625 5.466689 11.116868 -15.602512 5.18451 9.895254 -16.480682 1.935302 10.206925 -13.582039
3 16 5.466689 11.116868 -15.602512 1.935302 10.206925 -13.582039 1.601426 9.084298 -14.567625
3 16 1.601426 9.084298 -14.567625 5.18451 9.895254 -16.480682 5.466689 11.116868 -15.602512
5 24 0.860938 9.002633 -15.904844 5.18451 9.895254 -16.480682 4.431458 9.655272 -17.791586 1.601426 9.084298 -14.567625
3 16 5.18451 9.895254 -16.480682 1.601426 9.084298 -14.567625 0.860938 9.002633 -15.904844
3 16 0.860938 9.002633 -15.904844 4.431458 9.655272 -17.791586 5.18451 9.895254 -16.480682
5 24 0.147605 10.009769 -16.810371 4.431458 9.655272 -17.791586 3.648661 10.537502 -18.767315 0.860938 9.002633 -15.904844
3 16 4.431458 9.655272 -17.791586 0.860938 9.002633 -15.904844 0.147605 10.009769 -16.810371
3 16 0.147605 10.009769 -16.810371 3.648661 10.537502 -18.767315 4.431458 9.655272 -17.791586
5 24 -0.120712 11.51574 -16.753759 3.648661 10.537502 -18.767315 3.294671 12.025145 -18.8363 0.147605 10.009769 -16.810371
3 16 3.648661 10.537502 -18.767315 0.147605 10.009769 -16.810371 -0.120712 11.51574 -16.753759
3 16 -0.120712 11.51574 -16.753759 3.294671 12.025145 -18.8363 3.648661 10.537502 -18.767315
5 24 0.213163 12.638368 -15.768173 3.294671 12.025145 -18.8363 3.57685 13.246758 -17.95813 -0.120712 11.51574 -16.753759
3 16 3.294671 12.025145 -18.8363 -0.120712 11.51574 -16.753759 0.213163 12.638368 -15.768173
3 16 0.213163 12.638368 -15.768173 3.57685 13.246758 -17.95813 3.294671 12.025145 -18.8363
5 24 0.953652 12.720033 -14.430955 3.57685 13.246758 -17.95813 4.329902 13.486739 -16.647226 0.213163 12.638368 -15.768173
3 16 3.57685 13.246758 -17.95813 0.213163 12.638368 -15.768173 0.953652 12.720033 -14.430955
3 16 0.953652 12.720033 -14.430955 4.329902 13.486739 -16.647226 3.57685 13.246758 -17.95813
5 24 1.666985 11.712895 -13.525428 4.329902 13.486739 -16.647226 5.112699 12.604509 -15.671498 0.953652 12.720033 -14.430955
3 16 4.329902 13.486739 -16.647226 0.953652 12.720033 -14.430955 1.666985 11.712895 -13.525428
3 16 1.666985 11.712895 -13.525428 5.112699 12.604509 -15.671498 4.329902 13.486739 -16.647226
5 24 1.666985 11.712895 -13.525428 5.112699 12.604509 -15.671498 0.953652 12.720033 -14.430955 1.935302 10.206925 -13.582039
5 24 1.935302 10.206925 -13.582039 5.466689 11.116868 -15.602512 1.666985 11.712895 -13.525428 1.601426 9.084298 -14.567625
5 24 1.601426 9.084298 -14.567625 5.18451 9.895254 -16.480682 1.935302 10.206925 -13.582039 0.860938 9.002633 -15.904844
5 24 0.860938 9.002633 -15.904844 4.431458 9.655272 -17.791586 1.601426 9.084298 -14.567625 0.147605 10.009769 -16.810371
5 24 0.147605 10.009769 -16.810371 3.648661 10.537502 -18.767315 0.860938 9.002633 -15.904844 -0.120712 11.51574 -16.753759
5 24 -0.120712 11.51574 -16.753759 3.294671 12.025145 -18.8363 0.147605 10.009769 -16.810371 0.213163 12.638368 -15.768173
5 24 0.213163 12.638368 -15.768173 3.57685 13.246758 -17.95813 -0.120712 11.51574 -16.753759 0.953652 12.720033 -14.430955
5 24 0.953652 12.720033 -14.430955 4.329902 13.486739 -16.647226 0.213163 12.638368 -15.768173 1.666985 11.712895 -13.525428
5 24 1.666985 11.712895 -13.525428 1.935302 10.206925 -13.582039 -0.107182 11.279417 -12.520366 5.112698 12.604509 -15.671498
5 24 1.935302 10.206925 -13.582039 1.601426 9.084298 -14.567625 0.122664 9.770552 -12.637166 5.466689 11.116868 -15.602512
5 24 1.601426 9.084298 -14.567625 0.860938 9.002633 -15.904844 -0.227627 8.699292 -13.672949 5.18451 9.895254 -16.480682
5 24 0.860938 9.002633 -15.904844 0.147605 10.009769 -16.810371 -0.952858 8.693167 -15.020966 4.431458 9.655272 -17.791586
5 24 0.147605 10.009769 -16.810371 -0.120712 11.51574 -16.753759 -1.6282 9.755765 -15.891565 3.648661 10.537502 -18.767315
5 24 -0.120712 11.51574 -16.753759 0.213163 12.638368 -15.768173 -1.858046 11.26463 -15.774765 3.294671 12.025145 -18.8363
5 24 0.213163 12.638368 -15.768173 0.953652 12.720033 -14.430955 -1.507755 12.33589 -14.738983 3.57685 13.246758 -17.95813
5 24 0.953652 12.720033 -14.430955 1.666985 11.712895 -13.525428 -0.782523 12.342015 -13.390966 4.329901 13.486739 -16.647226
5 24 -1.692145 9.335999 -11.696614 1.666985 11.712896 -13.525429 1.935302 10.206925 -13.582039 -1.884229 10.844225 -11.519111
3 16 1.666985 11.712896 -13.525429 -1.884229 10.844225 -11.519111 -1.692145 9.335999 -11.696614
3 16 -1.692145 9.335999 -11.696614 1.935302 10.206925 -13.582039 1.666985 11.712896 -13.525429
5 24 -2.056871 8.318576 -12.780575 1.935302 10.206925 -13.582039 1.601426 9.084298 -14.567625 -1.692145 9.335999 -11.696614
3 16 1.935302 10.206925 -13.582039 -1.692145 9.335999 -11.696614 -2.056871 8.318576 -12.780575
3 16 -2.056871 8.318576 -12.780575 1.601426 9.084298 -14.567625 1.935302 10.206925 -13.582039
5 24 -2.764753 8.387945 -14.136022 1.601426 9.084298 -14.567625 0.860938 9.002633 -15.904844 -2.056871 8.318576 -12.780575
3 16 1.601426 9.084298 -14.567625 -2.056871 8.318576 -12.780575 -2.764753 8.387945 -14.136022
3 16 -2.764753 8.387945 -14.136022 0.860938 9.002633 -15.904844 1.601426 9.084298 -14.567625
5 24 -3.401125 9.503473 -14.968953 0.860938 9.002633 -15.904844 0.147605 10.009769 -16.810371 -2.764753 8.387945 -14.136022
3 16 0.860938 9.002633 -15.904844 -2.764753 8.387945 -14.136022 -3.401125 9.503473 -14.968953
3 16 -3.401125 9.503473 -14.968953 0.147605 10.009769 -16.810371 0.860938 9.002633 -15.904844
5 24 -3.593209 11.011698 -14.79145 0.147605 10.009769 -16.810371 -0.120712 11.51574 -16.753759 -3.401125 9.503473 -14.968953
3 16 0.147605 10.009769 -16.810371 -3.401125 9.503473 -14.968953 -3.593209 11.011698 -14.79145
3 16 -3.593209 11.011698 -14.79145 -0.120712 11.51574 -16.753759 0.147605 10.009769 -16.810371
5 24 -3.228483 12.029122 -13.707489 -0.120712 11.51574 -16.753759 0.213164 12.638368 -15.768173 -3.593209 11.011698 -14.79145
3 16 -0.120712 11.51574 -16.753759 -3.593209 11.011698 -14.79145 -3.228483 12.029122 -13.707489
3 16 -3.228483 12.029122 -13.707489 0.213164 12.638368 -15.768173 -0.120712 11.51574 -16.753759
5 24 -2.520601 11.959753 -12.352042 0.213164 12.638368 -15.768173 0.953652 12.720033 -14.430955 -3.228483 12.029122 -13.707489
3 16 0.213164 12.638368 -15.768173 -3.228483 12.029122 -13.707489 -2.520601 11.959753 -12.352042
3 16 -2.520601 11.959753 -12.352042 0.953652 12.720033 -14.430955 0.213164 12.638368 -15.768173
5 24 -1.884229 10.844225 -11.519111 0.953652 12.720033 -14.430955 1.666985 11.712896 -13.525429 -2.520601 11.959753 -12.352042
3 16 0.953652 12.720033 -14.430955 -2.520601 11.959753 -12.352042 -1.884229 10.844225 -11.519111
3 16 -1.884229 10.844225 -11.519111 1.666985 11.712896 -13.525429 0.953652 12.720033 -14.430955
5 24 -1.884229 10.844225 -11.519111 1.666985 11.712896 -13.525429 -2.520601 11.959753 -12.352042 -1.692145 9.335999 -11.696614
5 24 -1.692145 9.335999 -11.696614 1.935302 10.206925 -13.582039 -1.884229 10.844225 -11.519111 -2.056871 8.318576 -12.780575
5 24 -2.056871 8.318576 -12.780575 1.601426 9.084298 -14.567625 -1.692145 9.335999 -11.696614 -2.764753 8.387945 -14.136022
5 24 -2.764753 8.387945 -14.136022 0.860938 9.002633 -15.904844 -2.056871 8.318576 -12.780575 -3.401125 9.503473 -14.968953
5 24 -3.401125 9.503473 -14.968953 0.147605 10.009769 -16.810371 -2.764753 8.387945 -14.136022 -3.593209 11.011698 -14.79145
5 24 -3.593209 11.011698 -14.79145 -0.120712 11.51574 -16.753759 -3.401125 9.503473 -14.968953 -3.228483 12.029122 -13.707489
5 24 -3.228483 12.029122 -13.707489 0.213164 12.638368 -15.768173 -3.593209 11.011698 -14.79145 -2.520601 11.959753 -12.352042
5 24 -2.520601 11.959753 -12.352042 0.953652 12.720033 -14.430955 -3.228483 12.029122 -13.707489 -1.884229 10.844225 -11.519111
5 24 -1.884229 10.844225 -11.519111 -1.692145 9.335999 -11.696614 -3.718786 10.428196 -10.600156 1.666985 11.712896 -13.525429
5 24 -1.692145 9.335999 -11.696614 -2.056871 8.318576 -12.780575 -3.55897 8.923976 -10.834525 1.935302 10.206925 -13.582039
5 24 -2.056871 8.318576 -12.780575 -2.764753 8.387945 -14.136022 -3.92809 7.959311 -11.964268 1.601426 9.084298 -14.567625
5 24 -2.764753 8.387945 -14.136022 -3.401125 9.503473 -14.968953 -4.60992 8.099287 -13.327595 0.860938 9.002633 -15.904844
5 24 -3.401125 9.503473 -14.968953 -3.593209 11.011698 -14.79145 -5.205052 9.261909 -14.125889 0.147605 10.009769 -16.810371
5 24 -3.593209 11.011698 -14.79145 -3.228483 12.029122 -13.707489 -5.364868 10.766129 -13.89152 -0.120712 11.51574 -16.753759
5 24 -3.228483 12.029122 -13.707489 -2.520601 11.959753 -12.352042 -4.995748 11.730794 -12.761777 0.213163 12.638368 -15.768173
5 24 -2.520601 11.959753 -12.352042 -1.884229 10.844225 -11.519111 -4.313919 11.590818 -11.398449 0.953652 12.720033 -14.430955
5 24 -5.427389 8.513937 -9.976544 -1.884229 10.844225 -11.519111 -1.692145 9.335999 -11.696614 -5.556056 10.011128 -9.68498
3 16 -1.884229 10.844225 -11.519111 -5.556056 10.011128 -9.68498 -5.427389 8.513937 -9.976544
3 16 -5.427389 8.513937 -9.976544 -1.692145 9.335999 -11.696614 -1.884229 10.844225 -11.519111
5 24 -5.79885 7.603891 -11.149992 -1.692145 9.335999 -11.696614 -2.05687 8.318576 -12.780575 -5.427389 8.513937 -9.976544
3 16 -1.692145 9.335999 -11.696614 -5.427389 8.513937 -9.976544 -5.79885 7.603891 -11.149992
3 16 -5.79885 7.603891 -11.149992 -2.05687 8.318576 -12.780575 -1.692145 9.335999 -11.696614
5 24 -6.452843 7.814082 -12.517933 -2.05687 8.318576 -12.780575 -2.764753 8.387945 -14.136022 -5.79885 7.603891 -11.149992
3 16 -2.05687 8.318576 -12.780575 -5.79885 7.603891 -11.149992 -6.452843 7.814082 -12.517933
3 16 -6.452843 7.814082 -12.517933 -2.764753 8.387945 -14.136022 -2.05687 8.318576 -12.780575
5 24 -7.006266 9.021383 -13.279044 -2.764753 8.387945 -14.136022 -3.401125 9.503473 -14.968953 -6.452843 7.814082 -12.517933
3 16 -2.764753 8.387945 -14.136022 -6.452843 7.814082 -12.517933 -7.006266 9.021383 -13.279044
3 16 -7.006266 9.021383 -13.279044 -3.401125 9.503473 -14.968953 -2.764753 8.387945 -14.136022
5 24 -7.134933 10.518575 -12.98748 -3.401125 9.503473 -14.968953 -3.593209 11.011698 -14.79145 -7.006266 9.021383 -13.279044
3 16 -3.401125 9.503473 -14.968953 -7.006266 9.021383 -13.279044 -7.134933 10.518575 -12.98748
3 16 -7.134933 10.518575 -12.98748 -3.593209 11.011698 -14.79145 -3.401125 9.503473 -14.968953
5 24 -6.763472 11.428621 -11.814033 -3.593209 11.011698 -14.79145 -3.228483 12.029122 -13.707489 -7.134933 10.518575 -12.98748
3 16 -3.593209 11.011698 -14.79145 -7.134933 10.518575 -12.98748 -6.763472 11.428621 -11.814033
3 16 -6.763472 11.428621 -11.814033 -3.228483 12.029122 -13.707489 -3.593209 11.011698 -14.79145
5 24 -6.10948 11.218431 -10.446092 -3.228483 12.029122 -13.707489 -2.520601 11.959753 -12.352042 -6.763472 11.428621 -11.814033
3 16 -3.228483 12.029122 -13.707489 -6.763472 11.428621 -11.814033 -6.10948 11.218431 -10.446092
3 16 -6.10948 11.218431 -10.446092 -2.520601 11.959753 -12.352042 -3.228483 12.029122 -13.707489
5 24 -5.556056 10.011128 -9.68498 -2.520601 11.959753 -12.352042 -1.884229 10.844225 -11.519111 -6.10948 11.218431 -10.446092
3 16 -2.520601 11.959753 -12.352042 -6.10948 11.218431 -10.446092 -5.556056 10.011128 -9.68498
3 16 -5.556056 10.011128 -9.68498 -1.884229 10.844225 -11.519111 -2.520601 11.959753 -12.352042
5 24 -5.556056 10.011128 -9.68498 -1.884229 10.844225 -11.519111 -6.10948 11.218431 -10.446092 -5.427389 8.513937 -9.976544
5 24 -5.427389 8.513937 -9.976544 -1.692145 9.335999 -11.696614 -5.556056 10.011128 -9.68498 -5.79885 7.603891 -11.149992
5 24 -5.79885 7.603891 -11.149992 -2.05687 8.318576 -12.780575 -5.427389 8.513937 -9.976544 -6.452843 7.814082 -12.517933
5 24 -6.452843 7.814082 -12.517933 -2.764753 8.387945 -14.136022 -5.79885 7.603891 -11.149992 -7.006266 9.021383 -13.279044
5 24 -7.006266 9.021383 -13.279044 -3.401125 9.503473 -14.968953 -6.452843 7.814082 -12.517933 -7.134933 10.518575 -12.98748
5 24 -7.134933 10.518575 -12.98748 -3.593209 11.011698 -14.79145 -7.006266 9.021383 -13.279044 -6.763472 11.428621 -11.814033
5 24 -6.763472 11.428621 -11.814033 -3.228483 12.029122 -13.707489 -7.134933 10.518575 -12.98748 -6.10948 11.218431 -10.446092
5 24 -6.10948 11.218431 -10.446092 -2.520601 11.959753 -12.352042 -6.763472 11.428621 -11.814033 -5.556056 10.011128 -9.68498
5 24 -5.556056 10.011128 -9.68498 -5.427389 8.513937 -9.976544 -7.455507 9.618585 -8.868324 -1.884229 10.844225 -11.519111
5 24 -5.427389 8.513937 -9.976544 -5.79885 7.603891 -11.149992 -7.351295 8.130765 -9.212825 -1.692145 9.335999 -11.696614
5 24 -5.79885 7.603891 -11.149992 -6.452843 7.814082 -12.517933 -7.71366 7.273105 -10.427838 -2.05687 8.318576 -12.780575
5 24 -6.452843 7.814082 -12.517933 -7.006266 9.021383 -13.279044 -8.330331 7.548008 -11.801625 -2.764753 8.387945 -14.136022
5 24 -7.006266 9.021383 -13.279044 -7.134933 10.518575 -12.98748 -8.840072 8.794442 -12.52944 -3.401125 9.503473 -14.968953
5 24 -7.134933 10.518575 -12.98748 -6.763472 11.428621 -11.814033 -8.944283 10.282261 -12.18494 -3.593209 11.011698 -14.79145
5 24 -6.763472 11.428621 -11.814033 -6.10948 11.218431 -10.446092 -8.581919 11.139921 -10.969927 -3.228483 12.029122 -13.707489
5 24 -6.10948 11.218431 -10.446092 -5.556056 10.011128 -9.68498 -7.965247 10.865018 -9.596139 -2.520601 11.959753 -12.352042
5 24 -9.276248 7.749629 -8.45316 -5.556056 10.011128 -9.68498 -5.427389 8.513937 -9.976544 -9.357472 9.225592 -8.055564
3 16 -5.556056 10.011128 -9.68498 -9.357472 9.225592 -8.055564 -9.276248 7.749629 -8.45316
3 16 -9.276248 7.749629 -8.45316 -5.427389 8.513937 -9.976544 -5.556056 10.011128 -9.68498
5 24 -9.627433 6.945646 -9.707524 -5.427389 8.513937 -9.976544 -5.79885 7.603891 -11.149992 -9.276248 7.749629 -8.45316
3 16 -5.427389 8.513937 -9.976544 -9.276248 7.749629 -8.45316 -9.627433 6.945646 -9.707524
3 16 -9.627433 6.945646 -9.707524 -5.79885 7.603891 -11.149992 -5.427389 8.513937 -9.976544
5 24 -10.205308 7.284605 -11.083865 -5.79885 7.603891 -11.149992 -6.452842 7.814082 -12.517933 -9.627433 6.945646 -9.707524
3 16 -5.79885 7.603891 -11.149992 -9.627433 6.945646 -9.707524 -10.205308 7.284605 -11.083865
3 16 -10.205308 7.284605 -11.083865 -6.452842 7.814082 -12.517933 -5.79885 7.603891 -11.149992
5 24 -10.671362 8.567948 -11.775941 -6.452842 7.814082 -12.517933 -7.006266 9.021383 -13.279044 -10.205308 7.284605 -11.083865
3 16 -6.452842 7.814082 -12.517933 -10.205308 7.284605 -11.083865 -10.671362 8.567948 -11.775941
3 16 -10.671362 8.567948 -11.775941 -7.006266 9.021383 -13.279044 -6.452842 7.814082 -12.517933
5 24 -10.752586 10.043912 -11.378345 -7.006266 9.021383 -13.279044 -7.134933 10.518575 -12.98748 -10.671362 8.567948 -11.775941
3 16 -7.006266 9.021383 -13.279044 -10.671362 8.567948 -11.775941 -10.752586 10.043912 -11.378345
3 16 -10.752586 10.043912 -11.378345 -7.134933 10.518575 -12.98748 -7.006266 9.021383 -13.279044
5 24 -10.401402 10.847894 -10.123981 -7.134933 10.518575 -12.98748 -6.763472 11.428621 -11.814033 -10.752586 10.043912 -11.378345
3 16 -7.134933 10.518575 -12.98748 -10.752586 10.043912 -11.378345 -10.401402 10.847894 -10.123981
3 16 -10.401402 10.847894 -10.123981 -6.763472 11.428621 -11.814033 -7.134933 10.518575 -12.98748
5 24 -9.823526 10.508935 -8.747641 -6.763472 11.428621 -11.814033 -6.10948 11.218431 -10.446092 -10.401402 10.847894 -10.123981
3 16 -6.763472 11.428621 -11.814033 -10.401402 10.847894 -10.123981 -9.823526 10.508935 -8.747641
3 16 -9.823526 10.508935 -8.747641 -6.10948 11.218431 -10.446092 -6.763472 11.428621 -11.814033
5 24 -9.357472 9.225592 -8.055564 -6.10948 11.218431 -10.446092 -5.556056 10.011128 -9.68498 -9.823526 10.508935 -8.747641
3 16 -6.10948 11.218431 -10.446092 -9.823526 10.508935 -8.747641 -9.357472 9.225592 -8.055564
3 16 -9.357472 9.225592 -8.055564 -5.556056 10.011128 -9.68498 -6.10948 11.218431 -10.446092
5 24 -9.357472 9.225592 -8.055564 -5.556056 10.011128 -9.68498 -9.823526 10.508935 -8.747641 -9.276248 7.749629 -8.45316
5 24 -9.276248 7.749629 -8.45316 -5.427389 8.513937 -9.976544 -9.357472 9.225592 -8.055564 -9.627433 6.945646 -9.707524
5 24 -9.627433 6.945646 -9.707524 -5.79885 7.603891 -11.149992 -9.276248 7.749629 -8.45316 -10.205308 7.284605 -11.083865
5 24 -10.205308 7.284605 -11.083865 -6.452842 7.814082 -12.517933 -9.627433 6.945646 -9.707524 -10.671362 8.567948 -11.775941
5 24 -10.671362 8.567948 -11.775941 -7.006266 9.021383 -13.279044 -10.205308 7.284605 -11.083865 -10.752586 10.043912 -11.378345
5 24 -10.752586 10.043912 -11.378345 -7.134933 10.518575 -12.98748 -10.671362 8.567948 -11.775941 -10.401402 10.847894 -10.123981
5 24 -10.401402 10.847894 -10.123981 -6.763472 11.428621 -11.814033 -10.752586 10.043912 -11.378345 -9.823526 10.508935 -8.747641
5 24 -9.823526 10.508935 -8.747641 -6.10948 11.218431 -10.446092 -10.401402 10.847894 -10.123981 -9.357472 9.225592 -8.055564
5 24 -9.357472 9.225592 -8.055564 -9.276248 7.749629 -8.45316 -11.326712 8.864324 -7.367001 -5.556056 10.011128 -9.68498
5 24 -9.276248 7.749629 -8.45316 -9.627433 6.945646 -9.707524 -11.257351 7.402018 -7.814211 -5.427389 8.513937 -9.976544
5 24 -9.627433 6.945646 -9.707524 -10.205308 7.284605 -11.083865 -11.583237 6.648661 -9.106263 -5.79885 7.603891 -11.149992
5 24 -10.205308 7.284605 -11.083865 -10.671362 8.567948 -11.775941 -12.11347 7.045557 -10.486289 -6.452842 7.814082 -12.517933
5 24 -10.671362 8.567948 -11.775941 -10.752586 10.043912 -11.378345 -12.537448 8.360213 -11.145888 -7.006266 9.021383 -13.279044
5 24 -10.752586 10.043912 -11.378345 -10.401402 10.847894 -10.123981 -12.606809 9.822518 -10.698678 -7.134933 10.518575 -12.98748
5 24 -10.401402 10.847894 -10.123981 -9.823526 10.508935 -8.747641 -12.280922 10.575875 -9.406626 -6.763472 11.428621 -11.814033
5 24 -9.823526 10.508935 -8.747641 -9.357472 9.225592 -8.055564 -11.750689 10.178979 -8.0266 -6.10948 11.218431 -10.446092
5 24 -13.238819 7.056262 -7.179373 -9.357472 9.225592 -8.055564 -9.276247 7.749629 -8.45316 -13.298052 8.502978 -6.682734
3 16 -9.357472 9.225592 -8.055564 -13.298052 8.502978 -6.682734 -13.238819 7.056262 -7.179373
3 16 -13.238819 7.056262 -7.179373 -9.276247 7.749629 -8.45316 -9.357472 9.225592 -8.055564
5 24 -13.537457 6.354376 -8.506519 -9.276247 7.749629 -8.45316 -9.627433 6.945646 -9.707524 -13.238819 7.056262 -7.179373
3 16 -9.276247 7.749629 -8.45316 -13.238819 7.056262 -7.179373 -13.537457 6.354376 -8.506519
3 16 -13.537457 6.354376 -8.506519 -9.627433 6.945646 -9.707524 -9.276247 7.749629 -8.45316
5 24 -14.019028 6.808475 -9.886748 -9.627433 6.945646 -9.707524 -10.205308 7.284605 -11.083865 -13.537457 6.354376 -8.506519
3 16 -9.627433 6.945646 -9.707524 -13.537457 6.354376 -8.506519 -14.019028 6.808475 -9.886748
3 16 -14.019028 6.808475 -9.886748 -10.205308 7.284605 -11.083865 -9.627433 6.945646 -9.707524
5 24 -14.401433 8.152554 -10.511539 -10.205308 7.284605 -11.083865 -10.671362 8.567948 -11.775941 -14.019028 6.808475 -9.886748
3 16 -10.205308 7.284605 -11.083865 -14.019028 6.808475 -9.886748 -14.401433 8.152554 -10.511539
3 16 -14.401433 8.152554 -10.511539 -10.671362 8.567948 -11.775941 -10.205308 7.284605 -11.083865
5 24 -14.460665 9.59927 -10.0149 -10.671362 8.567948 -11.775941 -10.752586 10.043912 -11.378345 -14.401433 8.152554 -10.511539
3 16 -10.671362 8.567948 -11.775941 -14.401433 8.152554 -10.511539 -14.460665 9.59927 -10.0149
3 16 -14.460665 9.59927 -10.0149 -10.752586 10.043912 -11.378345 -10.671362 8.567948 -11.775941
5 24 -14.162027 10.301155 -8.687754 -10.752586 10.043912 -11.378345 -10.401402 10.847894 -10.123981 -14.460665 9.59927 -10.0149
3 16 -10.752586 10.043912 -11.378345 -14.460665 9.59927 -10.0149 -14.162027 10.301155 -8.687754
3 16 -14.162027 10.301155 -8.687754 -10.401402 10.847894 -10.123981 -10.752586 10.043912 -11.378345
5 24 -13.680457 9.847057 -7.307525 -10.401402 10.847894 -10.123981 -9.823526 10.508936 -8.747641 -14.162027 10.301155 -8.687754
3 16 -10.401402 10.847894 -10.123981 -14.162027 10.301155 -8.687754 -13.680457 9.847057 -7.307525
3 16 -13.680457 9.847057 -7.307525 -9.823526 10.508936 -8.747641 -10.401402 10.847894 -10.123981
5 24 -13.298052 8.502978 -6.682734 -9.823526 10.508936 -8.747641 -9.357472 9.225592 -8.055564 -13.680457 9.847057 -7.307525
3 16 -9.823526 10.508936 -8.747641 -13.680457 9.847057 -7.307525 -13.298052 8.502978 -6.682734
3 16 -13.298052 8.502978 -6.682734 -9.357472 9.225592 -8.055564 -9.823526 10.508936 -8.747641
5 24 -13.298052 8.502978 -6.682734 -9.357472 9.225592 -8.055564 -13.680457 9.847057 -7.307525 -13.238819 7.056262 -7.179373
5 24 -13.238819 7.056262 -7.179373 -9.276247 7.749629 -8.45316 -13.298052 8.502978 -6.682734 -13.537457 6.354376 -8.506519
5 24 -13.537457 6.354376 -8.506519 -9.627433 6.945646 -9.707524 -13.238819 7.056262 -7.179373 -14.019028 6.808475 -9.886748
5 24 -14.019028 6.808475 -9.886748 -10.205308 7.284605 -11.083865 -13.537457 6.354376 -8.506519 -14.401433 8.152554 -10.511539
5 24 -14.401433 8.152554 -10.511539 -10.671362 8.567948 -11.775941 -14.019028 6.808475 -9.886748 -14.460665 9.59927 -10.0149
5 24 -14.460665 9.59927 -10.0149 -10.752586 10.043912 -11.378345 -14.401433 8.152554 -10.511539 -14.162027 10.301155 -8.687754
5 24 -14.162027 10.301155 -8.687754 -10.401402 10.847894 -10.123981 -14.460665 9.59927 -10.0149 -13.680457 9.847057 -7.307525
5 24 -13.680457 9.847057 -7.307525 -9.823526 10.508936 -8.747641 -14.162027 10.301155 -8.687754 -13.298052 8.502978 -6.682734
5 24 -13.298052 8.502978 -6.682734 -13.238819 7.056262 -7.179373 -15.068288 8.204377 -6.21721 -9.357472 9.225592 -8.055564
5 24 -13.238819 7.056262 -7.179373 -13.537457 6.354376 -8.506519 -14.864758 6.800399 -6.79216 -9.276248 7.749629 -8.45316
5 24 -13.537457 6.354376 -8.506519 -14.019028 6.808475 -9.886748 -15.07646 6.150488 -8.161811 -9.627433 6.945646 -9.707524
5 24 -14.019028 6.808475 -9.886748 -14.401433 8.152554 -10.511539 -15.579382 6.635352 -9.52384 -10.205308 7.284605 -11.083865
5 24 -14.401433 8.152554 -10.511539 -14.460665 9.59927 -10.0149 -16.07892 7.970966 -10.080387 -10.671362 8.567948 -11.775941
5 24 -14.460665 9.59927 -10.0149 -14.162027 10.301155 -8.687754 -16.282452 9.374944 -9.505438 -10.752586 10.043912 -11.378345
5 24 -14.162027 10.301155 -8.687754 -13.680457 9.847057 -7.307525 -16.070749 10.024855 -8.135786 -10.401402 10.847894 -10.123981
5 24 -13.680457 9.847057 -7.307525 -13.298052 8.502978 -6.682734 -15.567826 9.53999 -6.773757 -9.823526 10.508936 -8.747641
5 24 -16.488783 6.55734 -6.403804 -13.298052 8.502978 -6.682734 -13.238819 7.056262 -7.179373 -16.832993 7.900786 -5.75587
3 16 -13.298052 8.502978 -6.682734 -16.832993 7.900786 -5.75587 -16.488783 6.55734 -6.403804
3 16 -16.488783 6.55734 -6.403804 -13.238819 7.056262 -7.179373 -13.298052 8.502978 -6.682734
5 24 -16.61829 5.969697 -7.811302 -13.238819 7.056262 -7.179373 -13.537457 6.354376 -8.506519 -16.488783 6.55734 -6.403804
3 16 -13.238819 7.056262 -7.179373 -16.488783 6.55734 -6.403804 -16.61829 5.969697 -7.811302
3 16 -16.61829 5.969697 -7.811302 -13.537457 6.354376 -8.506519 -13.238819 7.056262 -7.179373
4 16 -17.145649 6.48209 -9.153871 -14.019028 6.808475 -9.886748 -13.537457 6.354376 -8.506519 -16.61829 5.969697 -7.811302
4 16 -17.76194 7.794368 -9.645052 -14.401432 8.152554 -10.511539 -14.019028 6.808475 -9.886748 -17.145649 6.48209 -9.153871
5 24 -18.10615 9.137815 -8.997118 -14.401432 8.152554 -10.511539 -14.460665 9.59927 -10.0149 -17.76194 7.794368 -9.645052
3 16 -14.401432 8.152554 -10.511539 -17.76194 7.794368 -9.645052 -18.10615 9.137815 -8.997118
3 16 -18.10615 9.137815 -8.997118 -14.460665 9.59927 -10.0149 -14.401432 8.152554 -10.511539
5 24 -17.976645 9.725457 -7.58962 -14.460665 9.59927 -10.0149 -14.162027 10.301155 -8.687754 -18.10615 9.137815 -8.997118
3 16 -14.460665 9.59927 -10.0149 -18.10615 9.137815 -8.997118 -17.976645 9.725457 -7.58962
3 16 -17.976645 9.725457 -7.58962 -14.162027 10.301155 -8.687754 -14.460665 9.59927 -10.0149
4 16 -17.449284 9.213063 -6.247051 -13.680457 9.847057 -7.307525 -14.162027 10.301155 -8.687754 -17.976645 9.725457 -7.58962
4 16 -16.832993 7.900786 -5.75587 -13.298052 8.502978 -6.682734 -13.680457 9.847057 -7.307525 -17.449284 9.213063 -6.247051
5 24 -16.832993 7.900786 -5.75587 -13.298052 8.502978 -6.682734 -17.449284 9.213063 -6.247051 -16.488783 6.55734 -6.403804
5 24 -16.488783 6.55734 -6.403804 -13.238819 7.056262 -7.179373 -16.832993 7.900786 -5.75587 -16.61829 5.969697 -7.811302
5 24 -16.61829 5.969697 -7.811302 -13.537457 6.354376 -8.506519 -16.488783 6.55734 -6.403804 -17.145649 6.48209 -9.153871
5 24 -17.145649 6.48209 -9.153871 -14.019028 6.808475 -9.886748 -16.61829 5.969697 -7.811302 -17.76194 7.794368 -9.645052
5 24 -17.76194 7.794368 -9.645052 -14.401432 8.152554 -10.511539 -17.145649 6.48209 -9.153871 -18.10615 9.137815 -8.997118
5 24 -18.10615 9.137815 -8.997118 -14.460665 9.59927 -10.0149 -17.76194 7.794368 -9.645052 -17.976645 9.725457 -7.58962
5 24 -17.976645 9.725457 -7.58962 -14.162027 10.301155 -8.687754 -18.10615 9.137815 -8.997118 -17.449284 9.213063 -6.247051
5 24 -17.449284 9.213063 -6.247051 -13.680457 9.847057 -7.307525 -17.976645 9.725457 -7.58962 -16.832993 7.900786 -5.75587
5 24 -16.832993 7.900786 -5.75587 -16.488783 6.55734 -6.403804 -18.495308 6.798346 -5.371507 -13.298052 8.502978 -6.682734
5 24 -16.488783 6.55734 -6.403804 -16.61829 5.969697 -7.811302 -17.817478 5.644384 -6.114517 -13.238819 7.056262 -7.179373
5 24 -16.61829 5.969697 -7.811302 -17.145649 6.48209 -9.153871 -17.802446 5.150197 -7.563206 -13.537457 6.354376 -8.506519
5 24 -17.145649 6.48209 -9.153871 -17.76194 7.794368 -9.645052 -18.459015 5.605271 -8.868951 -14.019028 6.808475 -9.886748
5 24 -17.76194 7.794368 -9.645052 -18.10615 9.137815 -8.997118 -19.402578 6.743032 -9.266863 -14.401432 8.152554 -10.511539
5 24 -18.10615 9.137815 -8.997118 -17.976645 9.725457 -7.58962 -20.080408 7.896994 -8.523853 -14.460665 9.59927 -10.0149
5 24 -17.976645 9.725457 -7.58962 -17.449284 9.213063 -6.247051 -20.095442 8.391182 -7.075165 -14.162027 10.301155 -8.687754
5 24 -17.449284 9.213063 -6.247051 -16.832993 7.900786 -5.75587 -19.438871 7.936107 -5.76942 -13.680457 9.847057 -7.307525
4 16 -19.201361 4.816698 -5.809494 -16.488783 6.55734 -6.403804 -16.832993 7.900786 -5.75587 -20.150518 5.693802 -4.989169
4 16 -19.071754 4.453389 -7.29083 -16.61829 5.969697 -7.811302 -16.488783 6.55734 -6.403804 -19.201361 4.816698 -5.809494
4 16 -19.83762 4.816697 -8.56543 -17.145649 6.48209 -9.153871 -16.61829 5.969697 -7.811302 -19.071754 4.453389 -7.29083
4 16 -21.050323 5.6938 -8.886649 -17.76194 7.794368 -9.645052 -17.145649 6.48209 -9.153871 -19.83762 4.816697 -8.56543
4 16 -21.999481 6.570905 -8.066324 -18.10615 9.137815 -8.997118 -17.76194 7.794368 -9.645052 -21.050323 5.6938 -8.886649
4 16 -22.129087 6.934214 -6.584988 -17.976643 9.725457 -7.58962 -18.10615 9.137815 -8.997118 -21.999481 6.570905 -8.066324
4 16 -21.363222 6.570906 -5.310389 -17.449284 9.213063 -6.247051 -17.976643 9.725457 -7.58962 -22.129087 6.934214 -6.584988
4 16 -20.150518 5.693802 -4.989169 -16.832993 7.900786 -5.75587 -17.449284 9.213063 -6.247051 -21.363222 6.570906 -5.310389
5 24 -20.150518 5.693802 -4.989169 -16.832993 7.900786 -5.75587 -21.363222 6.570906 -5.310389 -19.201361 4.816698 -5.809494
5 24 -19.201361 4.816698 -5.809494 -16.488783 6.55734 -6.403804 -20.150518 5.693802 -4.989169 -19.071754 4.453389 -7.29083
5 24 -19.071754 4.453389 -7.29083 -16.61829 5.969697 -7.811302 -19.201361 4.816698 -5.809494 -19.83762 4.816697 -8.56543
5 24 -19.83762 4.816697 -8.56543 -17.145649 6.48209 -9.153871 -19.071754 4.453389 -7.29083 -21.050323 5.6938 -8.886649
5 24 -21.050323 5.6938 -8.886649 -17.76194 7.794368 -9.645052 -19.83762 4.816697 -8.56543 -21.999481 6.570905 -8.066324
5 24 -21.999481 6.570905 -8.066324 -18.10615 9.137815 -8.997118 -21.050323 5.6938 -8.886649 -22.129087 6.934214 -6.584988
5 24 -22.129087 6.934214 -6.584988 -17.976643 9.725457 -7.58962 -21.999481 6.570905 -8.066324 -21.363222 6.570906 -5.310389
5 24 -21.363222 6.570906 -5.310389 -17.449284 9.213063 -6.247051 -22.129087 6.934214 -6.584988 -20.150518 5.693802 -4.989169
5 24 -20.150518 5.693802 -4.989169 -19.201361 4.816698 -5.809494 -20.773418 3.846901 -4.845361 -16.832993 7.900786 -5.75587
5 24 -19.201361 4.816698 -5.809494 -19.071754 4.453389 -7.29083 -19.6036 3.382615 -5.71663 -16.488783 6.55734 -6.403804
5 24 -19.071754 4.453389 -7.29083 -19.83762 4.816697 -8.56543 -19.382591 3.190302 -7.219068 -16.61829 5.969697 -7.811302
5 24 -19.83762 4.816697 -8.56543 -21.050323 5.6938 -8.886649 -20.239859 3.382615 -8.472566 -17.145649 6.48209 -9.153871
5 24 -21.050323 5.6938 -8.886649 -21.999481 6.570905 -8.066324 -21.673223 3.8469 -8.742842 -17.76194 7.794368 -9.645052
5 24 -21.999481 6.570905 -8.066324 -22.129087 6.934214 -6.584988 -22.843042 4.311186 -7.871573 -18.10615 9.137815 -8.997118
5 24 -22.129087 6.934214 -6.584988 -21.363222 6.570906 -5.310389 -23.064049 4.5035 -6.369135 -17.976643 9.725457 -7.58962
5 24 -21.363222 6.570906 -5.310389 -20.150518 5.693802 -4.989169 -22.206783 4.311187 -5.115637 -17.449284 9.213063 -6.247051
4 16 -20.150124 2 -5.590455 -19.201361 4.816698 -5.809494 -20.150518 5.693802 -4.989169 -21.396318 2 -4.701553
4 16 -19.89748 2 -7.100196 -19.071753 4.453389 -7.29083 -19.201361 4.816698 -5.809494 -20.150124 2 -5.590455
4 16 -20.786381 2 -8.346391 -19.83762 4.816697 -8.56543 -19.071753 4.453389 -7.29083 -19.89748 2 -7.100196
4 16 -22.296122 2 -8.599033 -21.050323 5.6938 -8.886649 -19.83762 4.816697 -8.56543 -20.786381 2 -8.346391
4 16 -23.542316 2 -7.710133 -21.999481 6.570905 -8.066324 -21.050323 5.6938 -8.886649 -22.296122 2 -8.599033
4 16 -23.79496 2 -6.200392 -22.129087 6.934214 -6.584988 -21.999481 6.570905 -8.066324 -23.542316 2 -7.710133
4 16 -22.906059 2 -4.954197 -21.363222 6.570906 -5.310389 -22.129087 6.934214 -6.584988 -23.79496 2 -6.200392
4 16 -21.396318 2 -4.701553 -20.150518 5.693802 -4.989169 -21.363222 6.570906 -5.310389 -22.906059 2 -4.954197
5 24 -21.396318 2 -4.701553 -20.150518 5.693802 -4.989169 -22.906059 2 -4.954197 -20.150124 2 -5.590455
5 24 -20.150124 2 -5.590455 -19.201361 4.816698 -5.809494 -21.396318 2 -4.701553 -19.89748 2 -7.100196
5 24 -19.89748 2 -7.100196 -19.071753 4.453389 -7.29083 -20.150124 2 -5.590455 -20.786381 2 -8.346391
5 24 -20.786381 2 -8.346391 -19.83762 4.816697 -8.56543 -19.89748 2 -7.100196 -22.296122 2 -8.599033
5 24 -22.296122 2 -8.599033 -21.050323 5.6938 -8.886649 -20.786381 2 -8.346391 -23.542316 2 -7.710133
5 24 -23.542316 2 -7.710133 -21.999481 6.570905 -8.066324 -22.296122 2 -8.599033 -23.79496 2 -6.200392
5 24 -23.79496 2 -6.200392 -22.129087 6.934214 -6.584988 -23.542316 2 -7.710133 -22.906059 2 -4.954197
5 24 -22.906059 2 -4.954197 -21.363222 6.570906 -5.310389 -23.79496 2 -6.200392 -21.396318 2 -4.701553
5 24 -21.396318 2 -4.701553 -20.150124 2 -5.590455 -21.715033 1.05501 -4.627973 -20.150518 5.693802 -4.989169
5 24 -20.150124 2 -5.590455 -19.89748 2 -7.100196 -20.468838 1.05501 -5.516874 -19.201361 4.816698 -5.809494
5 24 -19.89748 2 -7.100196 -20.786381 2 -8.346391 -20.216194 1.05501 -7.026615 -19.071754 4.453389 -7.29083
5 24 -20.786381 2 -8.346391 -22.296122 2 -8.599033 -21.105097 1.05501 -8.272809 -19.83762 4.816697 -8.56543
5 24 -22.296122 2 -8.599033 -23.542316 2 -7.710133 -22.614838 1.05501 -8.525453 -21.050323 5.6938 -8.886649
5 24 -23.542316 2 -7.710133 -23.79496 2 -6.200392 -23.861032 1.05501 -7.636551 -21.999481 6.570905 -8.066324
5 24 -23.79496 2 -6.200392 -22.906059 2 -4.954197 -24.113676 1.05501 -6.126811 -22.129087 6.934214 -6.584988
5 24 -22.906059 2 -4.954197 -21.396318 2 -4.701553 -23.224773 1.05501 -4.880616 -21.363222 6.570906 -5.310389
0 NOFILE
0 FILE 75144 - submodel-053.ldr
0 75144 - submodel-053
0 Name: 75144 - submodel-053.ldr
0 Author: Roland Dahl [RolandD]
0 !LDRAW_ORG Unofficial_Model
0 !LICENSE Redistributable under CCAL version 2.0 : see CAreadme.txt
1 71 0 0 0 0 0 1 0 1 0 -1 0 0 98286.dat
1 1 40 10 10 0 0 -1 0 1 0 1 0 0 6558.dat
1 72 40 10 10 0 0 -1 1 0 0 0 -1 0 18654.dat
0 NOFILE
0 FILE 75144 - submodel-054.ldr
0 75144 - submodel-054
0 Name: 75144 - submodel-054.ldr
0 Author: Roland Dahl [RolandD]
0 !LDRAW_ORG Unofficial_Model
0 !LICENSE Redistributable under CCAL version 2.0 : see CAreadme.txt
1 71 0 0 0 0 0 1 0 1 0 -1 0 0 50304.dat
1 15 -20 -8 20 0 0 1 0 1 0 -1 0 0 54383.dat
1 15 50 -8 20 0 0 1 0 1 0 -1 0 0 3623.dat
1 25 70 -8 20 0 0 1 0 1 0 -1 0 0 63864.dat
0 NOFILE
0 FILE 75144 - submodel-055.ldr
0 75144 - submodel-055
0 Name: 75144 - submodel-055.ldr
0 Author: Roland Dahl [RolandD]
0 !LDRAW_ORG Unofficial_Model
0 !LICENSE Redistributable under CCAL version 2.0 : see CAreadme.txt
1 71 0 0 0 1 0 0 0 1 0 0 0 1 11212.dat
1 15 -10 -8 0 1 0 0 0 1 0 0 0 1 3710.dat
1 15 -20 -8 -30 0 0 1 0 1 0 -1 0 0 43723.dat
0 NOFILE
0 FILE 75144 - submodel-056.ldr
0 75144 - submodel-056
0 Name: 75144 - submodel-056.ldr
0 Author: Roland Dahl [RolandD]
0 !LDRAW_ORG Unofficial_Model
0 !LICENSE Redistributable under CCAL version 2.0 : see CAreadme.txt
1 15 0 0 0 1 0 0 0 1 0 0 0 1 4070.dat
1 15 0 10 -6 -1 0 0 0 0 1 0 1 0 54200.dat
0 NOFILE
0 FILE 75144 - submodel-057.ldr
0 75144 - submodel-057
0 Name: 75144 - submodel-057.ldr
0 Author: Roland Dahl [RolandD]
0 !LDRAW_ORG Unofficial_Model
0 !LICENSE Redistributable under CCAL version 2.0 : see CAreadme.txt
1 71 0 0 0 1 0 0 0 1 0 0 0 1 85861.dat
1 71 0 -8 0 1 0 0 0 1 0 0 0 1 85861.dat
0 NOFILE
0 FILE 75144 - submodel-058.ldr
0 75144 - submodel-058
0 Name: 75144 - submodel-058.ldr
0 Author: Roland Dahl [RolandD]
0 !LDRAW_ORG Unofficial_Model
0 !LICENSE Redistributable under CCAL version 2.0 : see CAreadme.txt
1 72 0 0 0 1 0 0 0 1 0 0 0 1 32000.dat
1 0 10 10 -10 0 0 -1 0 1 0 1 0 0 2780.dat
1 72 0 0 -20 1 0 0 0 1 0 0 0 1 32000.dat
1 72 -10 10 -30 0 0 -1 0 1 0 1 0 0 87083.dat
1 71 -10 10 -33 0.4 0.917 0 -0.917 0.4 0 0 0 1 32198.dat
1 71 -10 10 -45 0.4 0.917 0 -0.917 0.4 0 0 0 1 32123a.dat
1 71 -10 10 -80 0 0.917 0.4 0 0.4 -0.917 -1 0 0 32054.dat
1 72 -28.33 2 -80 0.4 0 0.917 -0.917 0 0.4 0 -1 0 32523.dat
1 70 0 0 -100 -1 0 0 0 1 0 0 0 -1 75144 - subModel-059.ldr
0 NOFILE
0 FILE 75144 - submodel-060.ldr
0 75144 - submodel-060
0 Name: 75144 - submodel-060.ldr
0 Author: Roland Dahl [RolandD]
0 !LDRAW_ORG Unofficial_Model
0 !LICENSE Redistributable under CCAL version 2.0 : see CAreadme.txt
1 15 0 0 0 1 0 0 0 1 0 0 0 1 92946.dat
1 28 0 -8 10 1 0 0 0 1 0 0 0 1 3024.dat
0 NOFILE
0 FILE 75144 - submodel-061.ldr
0 75144 - submodel-061
0 Name: 75144 - submodel-061.ldr
0 Author: Roland Dahl [RolandD]
0 !LDRAW_ORG Unofficial_Model
0 !LICENSE Redistributable under CCAL version 2.0 : see CAreadme.txt
1 15 0 0 0 1 0 0 0 1 0 0 0 1 4070.dat
1 71 0 10 -14 1 0 0 0 0 -1 0 1 0 85861.dat
1 80 0 10 -38 1 0 0 0 0 -1 0 1 0 59900.dat
0 NOFILE
0 FILE 75144 - submodel-062.ldr
0 75144 - submodel-062
0 Name: 75144 - submodel-062.ldr
0 Author: Roland Dahl [RolandD]
0 !LDRAW_ORG Unofficial_Model
0 !LICENSE Redistributable under CCAL version 2.0 : see CAreadme.txt
1 15 0 0 0 1 0 0 0 1 0 0 0 1 3710.dat
1 80 20 -8 0 1 0 0 0 1 0 0 0 1 32028.dat
1 71 -10 -8 0 1 0 0 0 1 0 0 0 1 85861.dat
1 72 -30 -8 0 1 0 0 0 1 0 0 0 1 15712.dat
1 80 20 -16 0 1 0 0 0 1 0 0 0 1 2412b.dat
0 NOFILE
0 FILE 75144 - submodel-063.ldr
0 75144 - submodel-063
0 Name: 75144 - submodel-063.ldr
0 Author: Roland Dahl [RolandD]
0 !LDRAW_ORG Unofficial_Model
0 !LICENSE Redistributable under CCAL version 2.0 : see CAreadme.txt
1 15 0 0 0 1 0 0 0 1 0 0 0 1 4070.dat
1 15 20 0 0 1 0 0 0 1 0 0 0 1 4070.dat
1 72 10 10 -14 1 0 0 0 0 -1 0 1 0 30383.dat
0 NOFILE
0 FILE 75144 - submodel-064.ldr
0 75144 - submodel-064
0 Name: 75144 - submodel-064.ldr
0 Author: Roland Dahl [RolandD]
0 !LDRAW_ORG Unofficial_Model
0 !LICENSE Redistributable under CCAL version 2.0 : see CAreadme.txt
1 71 0 0 0 1 0 0 0 1 0 0 0 1 33299.dat
1 1 0 10 0 0 1 0 -1 0 0 0 0 1 43093.dat
1 71 0 20 20 1 0 0 0 0 1 0 -1 0 60208.dat
0 NOFILE
0 FILE 75144 - 13971.dat
0 75144 - 13971
0 Name: 75144 - 13971.dat
0 Author: Roland Dahl [RolandD]
0 !LDRAW_ORG Unofficial_Part
0 !LICENSE Redistributable under CCAL version 2.0 : see CAreadme.txt
0 BFC CERTIFY CCW
1 16 0 0 4 0 0 -21 -21 0 0 0 5 0 4-4cylo.dat
1 16 0 0 -3 0 0 -6 -6 0 0 0 1 0 4-4con2.dat
1 16 0 0 -4 0 0 -3 -3 0 0 0 1 0 4-4con6.dat
1 16 0 0 3 0 0 -6 6 0 0 0 -1 0 4-4con2.dat
1 16 0 0 4 0 0 -3 3 0 0 0 -1 0 4-4con6.dat
1 16 0 0 -2 0 0 -12 -12 0 0 0 4 0 4-4cylo.dat
1 16 0 0 9 0 0 -21 -21 0 0 0 1 0 4-4edge.dat
1 16 0 0 -9 0 0 -21 -21 0 0 0 5 0 4-4cylo.dat
1 16 0 0 9 0 0 19.5 19.5 0 0 0 1 0 4-4edge.dat
1 16 0 0 -9 0 0 1.61538 -1.61538 0 0 0 1 0 4-4rin12.dat
1 16 0 0 -9 0 0 1.21154 -1.21154 0 0 0 2 0 4-4con15.dat
1 16 0 0 9 0 0 1.5 1.5 0 0 0 -1 0 4-4rin13.dat
1 16 0 0 9 0 0 1.5 1.5 0 0 0 -1.5 0 4-4con12.dat
1 16 0 0 -7 0 0 18.1731 -18.1731 0 0 0 2 0 4-4cylo.dat
1 16 0 0 5.5 0 0 18 18 0 0 0 2 0 4-4cylo.dat
1 16 0 0 5.5 0 0 13.5 13.5 0 0 0 1.5 0 4-4cylo.dat
1 16 0 0 7 0 0 4.5 4.5 0 0 0 -1 0 4-4ring2.dat
1 16 0 0 5.5 0 0 4.5 4.5 0 0 0 -1 0 4-4ring3.dat
1 16 0 0 -9 0 0 19.3846 -19.3846 0 0 0 1 0 4-4edge.dat
1 16 0 0 -7 0 0 -19 -19 0 0 0 1 0 4-4edge.dat
1 16 0 0 -10 0 0 -10 -10 0 0 0 5 0 4-4cylo.dat
1 16 0 0 -10 0 0 1 -1 0 0 0 1 0 4-4ring9.dat
1 16 0 0 -5 0 1 0 -1 0 0 0 0 0.5 s\55981s01.dat
1 16 0 0 -5 0 -1 0 1 0 0 0 0 0.5 s\55981s01.dat
1 16 0 0 0 0 0 1 -1 0 0 0 -1 0 connhole.dat
5 24 -6.8886 -16.6302 -3 0 -18 -3 -4.5924 -11.0868 -2 -8.0367 -19.4019 -4
5 24 -12.7278 -12.7278 -3 -6.8886 -16.6302 -3 -8.4852 -8.4852 -2 -14.8491 -14.8491 -4
5 24 -16.6302 -6.8886 -3 -12.7278 -12.7278 -3 -11.0868 -4.5924 -2 -19.4019 -8.0367 -4
5 24 -18 0 -3 -16.6302 -6.8886 -3 -12 0 -2 -21 0 -4
5 24 -16.6302 6.8886 -3 -18 0 -3 -11.0868 4.5924 -2 -19.4019 8.0367 -4
5 24 -12.7278 12.7278 -3 -16.6302 6.8886 -3 -8.4852 8.4852 -2 -14.8491 14.8491 -4
5 24 -6.8886 16.6302 -3 -12.7278 12.7278 -3 -4.5924 11.0868 -2 -8.0367 19.4019 -4
5 24 0 18 -3 -6.8886 16.6302 -3 0 12 -2 0 21 -4
5 24 6.8886 16.6302 -3 0 18 -3 4.5924 11.0868 -2 8.0367 19.4019 -4
5 24 12.7278 12.7278 -3 6.8886 16.6302 -3 8.4852 8.4852 -2 14.8491 14.8491 -4
5 24 16.6302 6.8886 -3 12.7278 12.7278 -3 11.0868 4.5924 -2 19.4019 8.0367 -4
5 24 18 0 -3 16.6302 6.8886 -3 12 0 -2 21 0 -4
5 24 16.6302 -6.8886 -3 18 0 -3 11.0868 -4.5924 -2 19.4019 -8.0367 -4
5 24 12.7278 -12.7278 -3 16.6302 -6.8886 -3 8.4852 -8.4852 -2 14.8491 -14.8491 -4
5 24 6.8886 -16.6302 -3 12.7278 -12.7278 -3 4.5924 -11.0868 -2 8.0367 -19.4019 -4
5 24 0 -18 -3 6.8886 -16.6302 -3 0 -12 -2 0 -21 -4
5 24 -6.8886 16.6302 3 0 18 3 -4.5924 11.0868 2 -8.0367 19.4019 4
5 24 -12.7278 12.7278 3 -6.8886 16.6302 3 -8.4852 8.4852 2 -14.8491 14.8491 4
5 24 -16.6302 6.8886 3 -12.7278 12.7278 3 -11.0868 4.5924 2 -19.4019 8.0367 4
5 24 -18 0 3 -16.6302 6.8886 3 -12 0 2 -21 0 4
5 24 -16.6302 -6.8886 3 -18 0 3 -11.0868 -4.5924 2 -19.4019 -8.0367 4
5 24 -12.7278 -12.7278 3 -16.6302 -6.8886 3 -8.4852 -8.4852 2 -14.8491 -14.8491 4
5 24 -6.8886 -16.6302 3 -12.7278 -12.7278 3 -4.5924 -11.0868 2 -8.0367 -19.4019 4
5 24 0 -18 3 -6.8886 -16.6302 3 0 -12 2 0 -21 4
5 24 6.8886 -16.6302 3 0 -18 3 4.5924 -11.0868 2 8.0367 -19.4019 4
5 24 12.7278 -12.7278 3 6.8886 -16.6302 3 8.4852 -8.4852 2 14.8491 -14.8491 4
5 24 16.6302 -6.8886 3 12.7278 -12.7278 3 11.0868 -4.5924 2 19.4019 -8.0367 4
5 24 18 0 3 16.6302 -6.8886 3 12 0 2 21 0 4
5 24 16.6302 6.8886 3 18 0 3 11.0868 4.5924 2 19.4019 8.0367 4
5 24 12.7278 12.7278 3 16.6302 6.8886 3 8.4852 8.4852 2 14.8491 14.8491 4
5 24 6.8886 16.6302 3 12.7278 12.7278 3 4.5924 11.0868 2 8.0367 19.4019 4
5 24 0 18 3 6.8886 16.6302 3 0 12 2 0 21 4
1 16 0 0 0 1 0 0 0 1 0 0 0 1 s\75144 - 13971s01.dat
1 16 0 0 0 -1 0 0 0 1 0 0 0 1 s\75144 - 13971s01.dat
1 16 0 0 0 1 0 0 0 -1 0 0 0 1 s\75144 - 13971s01.dat
1 16 0 0 0 -1 0 0 0 -1 0 0 0 1 s\75144 - 13971s01.dat
0 NOFILE
0 FILE 75144 - submodel-065.ldr
0 75144 - submodel-065
0 Name: 75144 - submodel-065.ldr
0 Author: Roland Dahl [RolandD]
0 !LDRAW_ORG Unofficial_Model
0 !LICENSE Redistributable under CCAL version 2.0 : see CAreadme.txt
1 72 0 0 0 1 0 0 0 1 0 0 0 1 55013.dat
1 19 71 0 0 0 0 1 0 1 0 -1 0 0 6589.dat
0 NOFILE
0 FILE 75144 - submodel-066.ldr
0 75144 - submodel-066
0 Name: 75144 - submodel-066.ldr
0 Author: Roland Dahl [RolandD]
0 !LDRAW_ORG Unofficial_Model
0 !LICENSE Redistributable under CCAL version 2.0 : see CAreadme.txt
1 71 0 0 0 1 0 0 0 1 0 0 0 1 60208.dat
1 1 -17.321 -10 -20 0 0 1 0 1 0 -1 0 0 6558.dat
1 1 17.321 10 -20 0 0 1 0 1 0 -1 0 0 6558.dat
1 71 0 0 -20 0.866 -0.5 0 0.5 0.866 0 0 0 1 98585.dat
1 14 -12.321 -18.66 -40 0.866 -0.5 0 0.5 0.866 0 0 0 1 6541.dat
1 14 22.321 1.34 -40 0.866 -0.5 0 0.5 0.866 0 0 0 1 6541.dat
0 NOFILE
0 FILE 75144 - submodel-067.ldr
0 75144 - submodel-067
0 Name: 75144 - submodel-067.ldr
0 Author: Roland Dahl [RolandD]
0 !LDRAW_ORG Unofficial_Model
0 !LICENSE Redistributable under CCAL version 2.0 : see CAreadme.txt
1 72 0 0 0 1 0 0 0 1 0 0 0 1 4185.dat
1 72 0 0 -8 1 0 0 0 1 0 0 0 1 4185.dat
1 1 -17.321 -10 -13 0 0 1 0 1 0 -1 0 0 4274.dat
1 1 0 -20 -13 0 0 1 0 1 0 -1 0 0 4274.dat
1 1 17.321 -10 -13 0 0 1 0 1 0 -1 0 0 4274.dat
1 1 17.321 10 -13 0 0 1 0 1 0 -1 0 0 4274.dat
1 1 0 20 -13 0 0 1 0 1 0 -1 0 0 4274.dat
1 1 -17.321 10 -13 0 0 1 0 1 0 -1 0 0 4274.dat
1 71 -17.321 -10 -21 0 0 1 1 0 0 0 1 0 85861.dat
1 71 0 -20 -21 0 0 1 1 0 0 0 1 0 85861.dat
1 71 17.321 -10 -21 0 0 1 1 0 0 0 1 0 85861.dat
1 71 17.321 10 -21 0 0 1 1 0 0 0 1 0 85861.dat
1 71 0 20 -21 0 0 1 1 0 0 0 1 0 85861.dat
1 71 -17.321 10 -21 0 0 1 1 0 0 0 1 0 85861.dat
0 NOFILE
0 FILE 75144 - submodel-068.ldr
0 75144 - submodel-068
0 Name: 75144 - submodel-068.ldr
0 Author: Roland Dahl [RolandD]
0 !LDRAW_ORG Unofficial_Model
0 !LICENSE Redistributable under CCAL version 2.0 : see CAreadme.txt
1 72 0 0 0 1 0 0 0 1 0 0 0 1 15573.dat
1 72 0 0 0 0 0 -1 0 1 0 1 0 0 54200.dat
0 NOFILE
0 FILE 75144 - submodel-069.ldr
0 75144 - submodel-069
0 Name: 75144 - submodel-069.ldr
0 Author: Roland Dahl [RolandD]
0 !LDRAW_ORG Unofficial_Model
0 !LICENSE Redistributable under CCAL version 2.0 : see CAreadme.txt
1 71 0 0 0 1 0 0 0 1 0 0 0 1 33299.dat
1 19 0 10 0 0 1 0 -1 0 0 0 0 1 3749.dat
0 NOFILE
0 FILE 75144 - submodel-070.ldr
0 75144 - submodel-070
0 Name: 75144 - submodel-070.ldr
0 Author: Roland Dahl [RolandD]
0 !LDRAW_ORG Unofficial_Model
0 !LICENSE Redistributable under CCAL version 2.0 : see CAreadme.txt
1 72 0 0 0 0 0 -1 0 1 0 1 0 0 3937.dat
1 72 7.193 3.054 0 0 -0.72 0.695 0 0.695 0.72 -1 0 0 6134.dat
1 72 19.895 4.69 -10 -0.695 -0.72 0 -0.72 0.695 0 0 0 -1 15573.dat
1 72 19.895 4.69 10 -0.695 -0.72 0 -0.72 0.695 0 0 0 -1 15573.dat
0 NOFILE
0 FILE 75144 - submodel-071.ldr
0 75144 - submodel-071
0 Name: 75144 - submodel-071.ldr
0 Author: Roland Dahl [RolandD]
0 !LDRAW_ORG Unofficial_Model
0 !LICENSE Redistributable under CCAL version 2.0 : see CAreadme.txt
1 72 0 0 0 1 0 0 0 1 0 0 0 1 2340.dat
0 NOFILE
0 FILE 75144 - submodel-072.ldr
0 75144 - submodel-072
0 Name: 75144 - submodel-072.ldr
0 Author: Roland Dahl [RolandD]
0 !LDRAW_ORG Unofficial_Model
0 !LICENSE Redistributable under CCAL version 2.0 : see CAreadme.txt
1 72 0 0 0 1 0 0 0 1 0 0 0 1 2340.dat
0 NOFILE
0 FILE 75144 - submodel-073.ldr
0 75144 - submodel-073
0 Name: 75144 - submodel-073.ldr
0 Author: Roland Dahl [RolandD]
0 !LDRAW_ORG Unofficial_Model
0 !LICENSE Redistributable under CCAL version 2.0 : see CAreadme.txt
1 15 0 0 0 1 0 0 0 1 0 0 0 1 2436b.dat
1 25 -20 10 -14 -1 0 0 0 0 1 0 1 0 85984.dat
1 15 20 10 -14 -1 0 0 0 0 1 0 1 0 85984.dat
0 NOFILE
0 FILE 75144 - submodel-074.ldr
0 75144 - submodel-074
0 Name: 75144 - submodel-074.ldr
0 Author: Roland Dahl [RolandD]
0 !LDRAW_ORG Unofficial_Model
0 !LICENSE Redistributable under CCAL version 2.0 : see CAreadme.txt
1 71 0 0 0 -1 0 0 0 -1 0 0 0 1 62462.dat
1 0 -20 0 0 -1 0 0 0 -1 0 0 0 1 2780.dat
1 0 20 0 0 -1 0 0 0 -1 0 0 0 1 2780.dat
1 71 40 0 0 -1 0 0 0 -1 0 0 0 1 62462.dat
1 71 -40 0 0 -1 0 0 0 -1 0 0 0 1 62462.dat
1 0 -60 0 0 -1 0 0 0 -1 0 0 0 1 2780.dat
1 0 60 0 0 -1 0 0 0 -1 0 0 0 1 2780.dat
1 71 -80 0 0 -1 0 0 0 -1 0 0 0 1 62462.dat
1 71 80 0 0 -1 0 0 0 -1 0 0 0 1 62462.dat
1 1 -100 0 0 -1 0 0 0 -1 0 0 0 1 43093.dat
1 1 100 0 0 1 0 0 0 -1 0 0 0 -1 43093.dat
1 72 120 0 0 0 0 1 0 -1 0 1 0 0 59443.dat
0 NOFILE
0 FILE 75144 - submodel-075.ldr
0 75144 - submodel-075
0 Name: 75144 - submodel-075.ldr
0 Author: Roland Dahl [RolandD]
0 !LDRAW_ORG Unofficial_Model
0 !LICENSE Redistributable under CCAL version 2.0 : see CAreadme.txt
1 80 0 0 0 0 -1 0 1 0 0 0 0 1 4589.dat
1 71 8 0 0 0 -1 0 1 0 0 0 0 1 3957b.dat
1 14 17 0 0 0 0 -1 1 0 0 0 -1 0 32123a.dat
1 80 26 0 0 0 0 1 1 0 0 0 1 0 32187.dat
1 80 44 0 0 0 0 -1 1 0 0 0 -1 0 32187.dat
1 14 53 0 0 0 0 -1 1 0 0 0 -1 0 32123a.dat
1 71 82 0 0 -1 0 0 0 1 0 0 0 -1 75144 - subModel-076.ldr
1 0 102 0 0 -1 0 0 0 0 -1 0 -1 0 2780.dat
1 71 122 0 0 -1 0 0 0 1 0 0 0 -1 75144 - subModel-076.ldr
1 0 152 0 0 1 0 0 0 0 1 0 -1 0 18651.dat
0 NOFILE
0 FILE 75144 - submodel-077.ldr
0 75144 - submodel-077
0 Name: 75144 - submodel-077.ldr
0 Author: Roland Dahl [RolandD]
0 !LDRAW_ORG Unofficial_Model
0 !LICENSE Redistributable under CCAL version 2.0 : see CAreadme.txt
1 71 0 0 0 -1 0 0 0 1 0 0 0 -1 50305.dat
1 25 -20 -8 -70 -1 0 0 0 1 0 0 0 -1 63864.dat
1 15 -20 -8 -50 -1 0 0 0 1 0 0 0 -1 3623.dat
1 15 -20 -8 20 -1 0 0 0 1 0 0 0 -1 54384.dat
0 NOFILE
0 FILE 75144 - submodel-078.ldr
0 75144 - submodel-078
0 Name: 75144 - submodel-078.ldr
0 Author: Roland Dahl [RolandD]
0 !LDRAW_ORG Unofficial_Model
0 !LICENSE Redistributable under CCAL version 2.0 : see CAreadme.txt
1 71 0 0 0 1 0 0 0 1 0 0 0 1 11212.dat
1 15 0 -8 10 0 0 -1 0 1 0 1 0 0 3710.dat
1 15 30 -8 20 -1 0 0 0 1 0 0 0 -1 43722.dat
0 NOFILE
0 FILE 75144 - submodel-079.ldr
0 75144 - submodel-079
0 Name: 75144 - submodel-079.ldr
0 Author: Roland Dahl [RolandD]
0 !LDRAW_ORG Unofficial_Model
0 !LICENSE Redistributable under CCAL version 2.0 : see CAreadme.txt
1 72 0 0 0 1 0 0 0 1 0 0 0 1 32000.dat
1 0 -10 10 -10 0 0 -1 0 1 0 1 0 0 2780.dat
1 72 0 0 -20 1 0 0 0 1 0 0 0 1 32000.dat
1 72 10 10 -30 0 0 -1 0 1 0 1 0 0 87083.dat
1 71 10 10 -33 1 0 0 0 1 0 0 0 1 32198.dat
1 71 10 10 -45 1 0 0 0 1 0 0 0 1 32123a.dat
1 71 10 10 -80 0 0 1 0 1 0 -1 0 0 32054.dat
1 72 28.331 2.002 -80 0.4 0 0.917 0.917 0 -0.4 0 1 0 32523.dat
1 70 0 0 -100 -1 0 0 0 1 0 0 0 -1 75144 - subModel-080.ldr
0 NOFILE
0 FILE 75144 - submodel-081.ldr
0 75144 - submodel-081
0 Name: 75144 - submodel-081.ldr
0 Author: Roland Dahl [RolandD]
0 !LDRAW_ORG Unofficial_Model
0 !LICENSE Redistributable under CCAL version 2.0 : see CAreadme.txt
1 15 0 0 0 1 0 0 0 1 0 0 0 1 92946.dat
1 28 0 -8 10 1 0 0 0 1 0 0 0 1 3024.dat
0 NOFILE
0 FILE 75144 - submodel-082.ldr
0 75144 - submodel-082
0 Name: 75144 - submodel-082.ldr
0 Author: Roland Dahl [RolandD]
0 !LDRAW_ORG Unofficial_Model
0 !LICENSE Redistributable under CCAL version 2.0 : see CAreadme.txt
1 15 0 0 0 1 0 0 0 1 0 0 0 1 3710.dat
1 80 20 -8 0 -1 0 0 0 1 0 0 0 -1 32028.dat
1 71 -10 -8 0 -1 0 0 0 1 0 0 0 -1 85861.dat
1 72 -30 -8 0 -1 0 0 0 1 0 0 0 -1 15712.dat
1 80 20 -16 0 -1 0 0 0 1 0 0 0 -1 2412b.dat
0 NOFILE
0 FILE 75144 - submodel-083.ldr
0 75144 - submodel-083
0 Name: 75144 - submodel-083.ldr
0 Author: Roland Dahl [RolandD]
0 !LDRAW_ORG Unofficial_Model
0 !LICENSE Redistributable under CCAL version 2.0 : see CAreadme.txt
1 15 0 0 0 1 0 0 0 1 0 0 0 1 4070.dat
1 15 20 0 0 1 0 0 0 1 0 0 0 1 4070.dat
1 72 10 10 -14 -1 0 0 0 0 1 0 1 0 30383.dat
0 NOFILE
0 FILE 75144 - submodel-084.ldr
0 75144 - submodel-084
0 Name: 75144 - submodel-084.ldr
0 Author: Roland Dahl [RolandD]
0 !LDRAW_ORG Unofficial_Model
0 !LICENSE Redistributable under CCAL version 2.0 : see CAreadme.txt
1 15 0 0 0 1 0 0 0 1 0 0 0 1 2436b.dat
1 15 -20 10 -14 -1 0 0 0 0 1 0 1 0 85984.dat
1 25 20 10 -14 -1 0 0 0 0 1 0 1 0 85984.dat
0 NOFILE
0 FILE 75144 - submodel-085.ldr
0 75144 - submodel-085
0 Name: 75144 - submodel-085.ldr
0 Author: Roland Dahl [RolandD]
0 !LDRAW_ORG Unofficial_Model
0 !LICENSE Redistributable under CCAL version 2.0 : see CAreadme.txt
1 72 0 0 0 1 0 0 0 1 0 0 0 1 6179.dat
1 0 0 8 -30 1 0 0 0 1 0 0 0 1 3938.dat
0 NOFILE
0 FILE 75144 - submodel-086.ldr
0 75144 - submodel-086
0 Name: 75144 - submodel-086.ldr
0 Author: Roland Dahl [RolandD]
0 !LDRAW_ORG Unofficial_Model
0 !LICENSE Redistributable under CCAL version 2.0 : see CAreadme.txt
1 72 0 0 0 1 0 0 0 1 0 0 0 1 3023.dat
1 72 20 -8 0 1 0 0 0 1 0 0 0 1 3023.dat
0 NOFILE
0 FILE 75144 - submodel-087.ldr
0 75144 - submodel-087
0 Name: 75144 - submodel-087.ldr
0 Author: Roland Dahl [RolandD]
0 !LDRAW_ORG Unofficial_Model
0 !LICENSE Redistributable under CCAL version 2.0 : see CAreadme.txt
1 72 0 0 0 1 0 0 0 1 0 0 0 1 3021.dat
1 72 10 -8 0 1 0 0 0 1 0 0 0 1 3020.dat
0 NOFILE
0 FILE 75144 - submodel-088.ldr
0 75144 - submodel-088
0 Name: 75144 - submodel-088.ldr
0 Author: Roland Dahl [RolandD]
0 !LDRAW_ORG Unofficial_Model
0 !LICENSE Redistributable under CCAL version 2.0 : see CAreadme.txt
1 0 0 -8 0 1 0 0 0 1 0 0 0 1 4070.dat
1 0 0 2 -6 1 0 0 0 0 -1 0 1 0 54200.dat
1 0 0 -8 0 -1 0 0 0 1 0 0 0 -1 54200.dat
0 NOFILE
0 FILE 75144 - submodel-089.ldr
0 75144 - submodel-089
0 Name: 75144 - submodel-089.ldr
0 Author: Roland Dahl [RolandD]
0 !LDRAW_ORG Unofficial_Model
0 !LICENSE Redistributable under CCAL version 2.0 : see CAreadme.txt
1 0 0 0 0 0 1 0 -1 0 0 0 0 1 32126.dat
1 0 0 0 10 0 0 -1 0 -1 0 -1 0 0 32062.dat
1 0 0 0 40 0 0 1 0 -1 0 1 0 0 32054.dat
0 NOFILE
0 FILE 75144 - submodel-090.ldr
0 75144 - submodel-090
0 Name: 75144 - submodel-090.ldr
0 Author: Roland Dahl [RolandD]
0 !LDRAW_ORG Unofficial_Model
0 !LICENSE Redistributable under CCAL version 2.0 : see CAreadme.txt
1 0 0 0 0 0 -1 0 1 0 0 0 0 1 87994.dat
1 0 10 0 0 1 0 0 0 0 -1 0 1 0 32054.dat
1 0 -44 0 0 0 1 0 0 0 -1 -1 0 0 3062b.dat
0 NOFILE
0 FILE 75144 - submodel-091.ldr
0 75144 - submodel-091
0 Name: 75144 - submodel-091.ldr
0 Author: Roland Dahl [RolandD]
0 !LDRAW_ORG Unofficial_Model
0 !LICENSE Redistributable under CCAL version 2.0 : see CAreadme.txt
1 15 70 8 -40 0 0 -1 0 1 0 1 0 0 32028.dat
1 15 -70 8 -40 0 0 1 0 1 0 -1 0 0 32028.dat
1 15 0 8 -50 -1 0 0 0 1 0 0 0 -1 3666.dat
1 15 0 -72 50 1 0 0 0 1 0 0 0 1 2431.dat
1 47 0 -64 50 1 0 0 0 1 0 0 0 1 75144 - 24248.dat
0 NOFILE
0 FILE 75144 - submodel-092.ldr
0 75144 - submodel-092
0 Name: 75144 - submodel-092.ldr
0 Author: Roland Dahl [RolandD]
0 !LDRAW_ORG Unofficial_Model
0 !LICENSE Redistributable under CCAL version 2.0 : see CAreadme.txt
1 15 0 0 0 1 0 0 0 1 0 0 0 1 3710.dat
1 47 0 -72 0 -1 0 0 0 1 0 0 0 -1 60581.dat
1 15 0 -80 0 1 0 0 0 1 0 0 0 1 3710.dat
1 15 0 -88 0 1 0 0 0 1 0 0 0 1 2431.dat
1 15 0 22 -10 -1 0 0 0 0 1 0 1 0 2436b.dat
0 NOFILE
0 FILE 75144 - 15672.dat
0 75144 - 15672
0 Name: 75144 - 15672.dat
0 Author: Roland Dahl [RolandD]
0 !LDRAW_ORG Unofficial_Part
0 !LICENSE Redistributable under CCAL version 2.0 : see CAreadme.txt
0 BFC CERTIFY CCW
1 16 0 0 10 0 0 -1 0 1 0 1 0 0 stud.dat
1 16 0 4 10 10 0 0 0 -4 0 0 0 10 box2-5.dat
1 16 0 -8 0 10 0 0 0 0 -8 0 -1 0 rect3.dat
4 16 10 0 0 10 8 -20 10 8 20 10 0 20
4 16 10 0 0 10 -16 0 10 4 -20 10 8 -20
4 16 -10 0 20 -10 8 20 -10 8 -20 -10 0 0
4 16 -10 8 -20 -10 4 -20 -10 -16 0 -10 0 0
1 16 0 4 0 1 0 0 0 -1 0 0 0 1 stud3.dat
1 16 0 -2 6 6 0 0 0 6 0 0 0 -10 box2-5.dat
1 16 0 8 0 0 0 6 0 -4 0 -16 0 0 box4o4a.dat
1 16 0 -2 -10 6 0 0 0 -1 6 0 0 -6 rect3.dat
3 16 6 4 -4 6 4 -16 6 -8 -4
3 16 -6 -8 -4 -6 4 -16 -6 4 -4
1 16 0 6 -20 0 0 10 2 0 0 0 1 0 rect.dat
2 24 -10 -16 0 -10 4 -20
2 24 10 -16 0 10 4 -20
2 24 10 8 20 10 8 -20
2 24 -10 8 20 -10 8 -20
4 16 -6 8 16 -10 8 20 10 8 20 6 8 16
4 16 6 8 16 10 8 20 10 8 -20 6 8 -16
4 16 6 8 -16 10 8 -20 -10 8 -20 -6 8 -16
4 16 -6 8 -16 -10 8 -20 -10 8 20 -6 8 16
4 16 -10 4 -20 10 4 -20 10 -16 0 -10 -16 0
0 NOFILE
0 FILE 75144 - joint-8-socket-frica.dat
0 75144 - joint-8-socket-frica
0 Name: 75144 - joint-8-socket-frica.dat
0 Author: Roland Dahl [RolandD]
0 !LDRAW_ORG Unofficial_Part
0 !LICENSE Redistributable under CCAL version 2.0 : see CAreadme.txt
0 BFC CERTIFY CCW
3 16 1.83696 -6.35 4.43472 0 -5.6568 5.6568 3.5144 -3.5144 6.2688
3 16 1.83696 -6.35 4.43472 3.5144 -6.2688 3.5144 3.39408 -6.35 3.39408
3 16 4.43472 -6.35 1.83696 3.39408 -6.35 3.39408 3.5144 -6.2688 3.5144
3 16 5.6568 -5.6568 0 6.09215 -4.13279 -2.5 4.88617 -5.33877 -2.5
3 16 1.83696 -6.35 4.43472 0 -6.35 4.8 0 -5.6568 5.6568
4 16 4.88617 -5.33877 -2.5 4.8 -5.64267 -2 4.8 -5.901557 -1.4055 5.6568 -5.6568 0
3 16 4.8 -6.35 0 5.6568 -5.6568 0 4.8 -5.901557 -1.4055
3 16 4.43472 -6.35 1.83696 3.5144 -6.2688 3.5144 6.2688 -3.5144 3.5144
3 16 3.0616 0 7.3912 0 -3.0616 7.3912 0 0 8
3 16 3.5144 -3.5144 6.2688 0 -3.0616 7.3912 3.0616 0 7.3912
3 16 6.2688 -3.5144 3.5144 5.6568 -5.6568 0 4.43472 -6.35 1.83696
3 16 7.3912 -3.0616 0 5.6568 -5.6568 0 6.2688 -3.5144 3.5144
3 16 5.6568 0 5.6568 3.5144 -3.5144 6.2688 3.0616 0 7.3912
3 16 7.3912 -3.0616 0 6.2688 -3.5144 3.5144 7.3912 0 3.0616
3 16 8 0 0 7.3912 -3.0616 0 7.3912 0 3.0616
3 16 6.2688 -3.5144 3.5144 3.5144 -3.5144 6.2688 5.6568 0 5.6568
3 16 7.3912 0 3.0616 6.2688 -3.5144 3.5144 5.6568 0 5.6568
3 16 6.2688 -3.5144 3.5144 3.5144 -6.2688 3.5144 3.5144 -3.5144 6.2688
3 16 4.8 -6.35 0 4.43472 -6.35 1.83696 5.6568 -5.6568 0
4 16 7.3912 -3.0616 0 8 0 0 7.50287 0 -2.5 7.3912 -0.5616 -2.5
3 16 3.5144 -3.5144 6.2688 0 -5.6568 5.6568 0 -3.0616 7.3912
3 16 3.5144 -3.5144 6.2688 3.5144 -6.2688 3.5144 1.83696 -6.35 4.43472
3 16 6.59277 -3.3837 -2.5 7.3912 -3.0616 0 7.3912 -0.5616 -2.5
4 16 6.59277 -3.3837 -2.5 6.09215 -4.13279 -2.5 5.6568 -5.6568 0 7.3912 -3.0616 0
2 24 4.8 -6.35 0 4.8 -5.901557 -1.4055
2 24 4.8 -5.901557 -1.4055 4.8 -5.64267 -2
2 24 4.8 -5.64267 -2 4.88617 -5.33877 -2.5
2 24 4.88617 -5.33877 -2.5 4.99786 -5.5093 -3.1481
2 24 4.99786 -5.5093 -3.1481 5.56154 -5.36942 -4.1213
2 24 5.56154 -5.36942 -4.1213 5.78043 -5.22403 -4.29009
2 24 5.78043 -5.22403 -4.29009 6.40498 -4.45761 -4.7717
2 24 6.40498 -4.45761 -4.7717 7.3905 -3.36188 -4.99782
2 24 7.3905 -3.36188 -4.99782 8.15648 -1.60734 -5
2 24 8.15648 -1.60734 -5 8.4 0 -5
3 16 8.4 0 -5 7.3912 -0.5616 -2.5 7.50287 0 -2.5
3 16 8.4 0 -5 8.15648 -1.60734 -5 7.3912 -0.5616 -2.5
3 16 6.59277 -3.3837 -2.5 7.3912 -0.5616 -2.5 8.15648 -1.60734 -5
3 16 6.59277 -3.3837 -2.5 8.15648 -1.60734 -5 7.3905 -3.36188 -4.99782
3 16 5.56154 -5.36942 -4.1213 4.99786 -5.5093 -3.1481 4.88617 -5.33877 -2.5
3 16 6.09215 -4.13279 -2.5 6.59277 -3.3837 -2.5 7.3905 -3.36188 -4.99782
4 16 4.88617 -5.33877 -2.5 6.09215 -4.13279 -2.5 5.78043 -5.22403 -4.29009 5.56154 -5.36942 -4.1213
3 16 7.3905 -3.36188 -4.99782 6.40498 -4.45761 -4.7717 6.09215 -4.13279 -2.5
3 16 6.40498 -4.45761 -4.7717 5.78043 -5.22403 -4.29009 6.09215 -4.13279 -2.5
2 24 7.50287 0 -2.5 7.3912 -0.5616 -2.5
2 24 7.3912 -0.5616 -2.5 6.59277 -3.3837 -2.5
2 24 6.59277 -3.3837 -2.5 6.09215 -4.13279 -2.5
2 24 6.09215 -4.13279 -2.5 4.88617 -5.33877 -2.5
2 24 4.8 -7.75 0 4.8 -7.75 -2
4 16 4.8 -7.75 -2 4.8 -7.75 0 4.8 -6.35 0 4.8 -5.901557 -1.4055
3 16 4.8 -5.64267 -2 4.8 -7.75 -2 4.8 -5.901557 -1.4055
4 16 4.99786 -7.75 -3.1481 4.8 -7.75 -2 4.8 -5.64267 -2 4.88617 -5.33877 -2.5
3 16 4.99786 -5.5093 -3.1481 4.99786 -7.75 -3.1481 4.88617 -5.33877 -2.5
4 16 5.56154 -5.36942 -4.1213 5.56154 -7.75 -4.1213 4.99786 -7.75 -3.1481 4.99786 -5.5093 -3.1481
4 16 6.40498 -7.75 -4.7717 5.56154 -7.75 -4.1213 5.56154 -5.36942 -4.1213 5.78043 -5.22403 -4.29009
3 16 6.40498 -4.45761 -4.7717 6.40498 -7.75 -4.7717 5.78043 -5.22403 -4.29009
4 16 7.3905 -3.36188 -4.99782 7.4 -7.75 -5 6.40498 -7.75 -4.7717 6.40498 -4.45761 -4.7717
4 16 9.23846 -5.480025 -5 8.39502 -7.160225 -5 7.4 -7.75 -5 7.3905 -3.36188 -4.99782
4 16 8.15648 -1.60734 -5 9.80214 -2.965925 -5 9.23846 -5.480025 -5 7.3905 -3.36188 -4.99782
4 16 8.4 0 -5 10 0 -5 9.80214 -2.965925 -5 8.15648 -1.60734 -5
5 24 4.8 -7.75 -2 4.8 -5.64267 -2 4.8 -5.901557 -1.4055 4.88617 -5.33877 -2.5
5 24 4.99786 -7.75 -3.1481 4.99786 -5.5093 -3.1481 4.88617 -5.33877 -2.5 5.56154 -7.75 -4.1213
5 24 5.56154 -7.75 -4.1213 5.56154 -5.36942 -4.1213 4.99786 -5.5093 -3.1481 5.78043 -5.22403 -4.29009
5 24 6.40498 -7.75 -4.7717 6.40498 -4.45761 -4.7717 5.78043 -5.22403 -4.29009 7.4 -7.75 -5
5 24 7.4 -7.75 -5 7.3905 -3.36188 -4.99782 6.40498 -4.45761 -4.7717 8.39502 -7.160225 -5
5 24 1.83696 -6.35 4.43472 0 -5.6568 5.6568 3.5144 -3.5144 6.2688 0 -6.35 4.8
5 24 0 -5.6568 5.6568 3.5144 -3.5144 6.2688 1.83696 -6.35 4.43472 0 -3.0616 7.3912
5 24 3.5144 -3.5144 6.2688 3.5144 -6.2688 3.5144 1.83696 -6.35 4.43472 6.2688 -3.5144 3.5144
5 24 3.5144 -6.2688 3.5144 1.83696 -6.35 4.43472 3.5144 -3.5144 6.2688 3.39408 -6.35 3.39408
5 24 1.83696 -6.35 4.43472 3.5144 -3.5144 6.2688 0 -5.6568 5.6568 3.5144 -6.2688 3.5144
5 24 4.43472 -6.35 1.83696 3.5144 -6.2688 3.5144 6.2688 -3.5144 3.5144 3.39408 -6.35 3.39408
5 24 3.5144 -6.2688 3.5144 6.2688 -3.5144 3.5144 4.43472 -6.35 1.83696 3.5144 -3.5144 6.2688
5 24 6.2688 -3.5144 3.5144 5.6568 -5.6568 0 4.43472 -6.35 1.83696 7.3912 -3.0616 0
5 24 5.6568 -5.6568 0 4.43472 -6.35 1.83696 6.2688 -3.5144 3.5144 4.8 -6.35 0
5 24 4.43472 -6.35 1.83696 6.2688 -3.5144 3.5144 3.5144 -6.2688 3.5144 5.6568 -5.6568 0
5 24 3.5144 -6.2688 3.5144 3.39408 -6.35 3.39408 1.83696 -6.35 4.43472 4.43472 -6.35 1.83696
5 24 5.6568 -5.6568 0 6.09215 -4.13279 -2.5 4.88617 -5.33877 -2.5 6.59277 -3.3837 -2.5
5 24 6.59277 -3.3837 -2.5 7.3905 -3.36188 -4.99782 6.09215 -4.13279 -2.5 8.15648 -1.60734 -5
5 24 6.09215 -4.13279 -2.5 5.78043 -5.22403 -4.29009 4.88617 -5.33877 -2.5 7.3905 -3.36188 -4.99782
5 24 4.8 -5.901557 -1.4055 5.6568 -5.6568 0 4.88617 -5.33877 -2.5 4.8 -6.35 0
5 24 4.8 -6.35 0 5.6568 -5.6568 0 4.8 -5.901557 -1.4055 4.43472 -6.35 1.83696
5 24 3.0616 0 7.3912 0 -3.0616 7.3912 0 0 8 3.5144 -3.5144 6.2688
5 24 3.5144 -3.5144 6.2688 0 -3.0616 7.3912 3.0616 0 7.3912 0 -5.6568 5.6568
5 24 3.0616 0 7.3912 3.5144 -3.5144 6.2688 0 -3.0616 7.3912 5.6568 0 5.6568
5 24 7.3912 -3.0616 0 5.6568 -5.6568 0 6.2688 -3.5144 3.5144 6.59277 -3.3837 -2.5
5 24 6.2688 -3.5144 3.5144 7.3912 -3.0616 0 5.6568 -5.6568 0 7.3912 0 3.0616
5 24 5.6568 0 5.6568 3.5144 -3.5144 6.2688 3.0616 0 7.3912 6.2688 -3.5144 3.5144
5 24 6.2688 -3.5144 3.5144 7.3912 0 3.0616 7.3912 -3.0616 0 5.6568 0 5.6568
5 24 7.3912 0 3.0616 7.3912 -3.0616 0 6.2688 -3.5144 3.5144 8 0 0
5 24 8 0 0 7.3912 -3.0616 0 7.3912 0 3.0616 7.50287 0 -2.5
5 24 6.2688 -3.5144 3.5144 3.5144 -3.5144 6.2688 5.6568 0 5.6568 3.5144 -6.2688 3.5144
5 24 5.6568 0 5.6568 6.2688 -3.5144 3.5144 3.5144 -3.5144 6.2688 7.3912 0 3.0616
5 24 7.3912 -0.5616 -2.5 7.3912 -3.0616 0 8 0 0 6.59277 -3.3837 -2.5
5 24 6.59277 -3.3837 -2.5 7.3912 -3.0616 0 7.3912 -0.5616 -2.5 6.09215 -4.13279 -2.5
5 24 8.4 0 -5 7.3912 -0.5616 -2.5 7.50287 0 -2.5 8.15648 -1.60734 -5
5 24 7.3912 -0.5616 -2.5 8.15648 -1.60734 -5 8.4 0 -5 6.59277 -3.3837 -2.5
5 24 6.59277 -3.3837 -2.5 8.15648 -1.60734 -5 7.3912 -0.5616 -2.5 7.3905 -3.36188 -4.99782
5 24 7.3905 -3.36188 -4.99782 6.09215 -4.13279 -2.5 6.59277 -3.3837 -2.5 6.40498 -4.45761 -4.7717
5 24 6.40498 -4.45761 -4.7717 6.09215 -4.13279 -2.5 7.3905 -3.36188 -4.99782 5.78043 -5.22403 -4.29009
3 16 -3.5144 -3.5144 6.2688 0 -5.6568 5.6568 -1.83696 -6.35 4.43472
3 16 -3.39408 -6.35 3.39408 -3.5144 -6.2688 3.5144 -1.83696 -6.35 4.43472
3 16 -3.5144 -6.2688 3.5144 -3.39408 -6.35 3.39408 -4.43472 -6.35 1.83696
3 16 -4.88617 -5.33877 -2.5 -6.09215 -4.13279 -2.5 -5.6568 -5.6568 0
3 16 0 -5.6568 5.6568 0 -6.35 4.8 -1.83696 -6.35 4.43472
4 16 -5.6568 -5.6568 0 -4.8 -5.901557 -1.4055 -4.8 -5.64267 -2 -4.88617 -5.33877 -2.5
3 16 -4.8 -5.901557 -1.4055 -5.6568 -5.6568 0 -4.8 -6.35 0
3 16 -6.2688 -3.5144 3.5144 -3.5144 -6.2688 3.5144 -4.43472 -6.35 1.83696
3 16 0 0 8 0 -3.0616 7.3912 -3.0616 0 7.3912
3 16 -3.0616 0 7.3912 0 -3.0616 7.3912 -3.5144 -3.5144 6.2688
3 16 -4.43472 -6.35 1.83696 -5.6568 -5.6568 0 -6.2688 -3.5144 3.5144
3 16 -6.2688 -3.5144 3.5144 -5.6568 -5.6568 0 -7.3912 -3.0616 0
3 16 -3.0616 0 7.3912 -3.5144 -3.5144 6.2688 -5.6568 0 5.6568
3 16 -7.3912 0 3.0616 -6.2688 -3.5144 3.5144 -7.3912 -3.0616 0
3 16 -7.3912 0 3.0616 -7.3912 -3.0616 0 -8 0 0
3 16 -5.6568 0 5.6568 -3.5144 -3.5144 6.2688 -6.2688 -3.5144 3.5144
3 16 -5.6568 0 5.6568 -6.2688 -3.5144 3.5144 -7.3912 0 3.0616
3 16 -3.5144 -3.5144 6.2688 -3.5144 -6.2688 3.5144 -6.2688 -3.5144 3.5144
3 16 -5.6568 -5.6568 0 -4.43472 -6.35 1.83696 -4.8 -6.35 0
4 16 -7.3912 -0.5616 -2.5 -7.50287 0 -2.5 -8 0 0 -7.3912 -3.0616 0
3 16 0 -3.0616 7.3912 0 -5.6568 5.6568 -3.5144 -3.5144 6.2688
3 16 -1.83696 -6.35 4.43472 -3.5144 -6.2688 3.5144 -3.5144 -3.5144 6.2688
3 16 -7.3912 -0.5616 -2.5 -7.3912 -3.0616 0 -6.59277 -3.3837 -2.5
4 16 -7.3912 -3.0616 0 -5.6568 -5.6568 0 -6.09215 -4.13279 -2.5 -6.59277 -3.3837 -2.5
2 24 -4.8 -6.35 0 -4.8 -5.901557 -1.4055
2 24 -4.8 -5.901557 -1.4055 -4.8 -5.64267 -2
2 24 -4.8 -5.64267 -2 -4.88617 -5.33877 -2.5
2 24 -4.88617 -5.33877 -2.5 -4.99786 -5.5093 -3.1481
2 24 -4.99786 -5.5093 -3.1481 -5.56154 -5.36942 -4.1213
2 24 -5.56154 -5.36942 -4.1213 -5.78043 -5.22403 -4.29009
2 24 -5.78043 -5.22403 -4.29009 -6.40498 -4.45761 -4.7717
2 24 -6.40498 -4.45761 -4.7717 -7.3905 -3.36188 -4.99782
2 24 -7.3905 -3.36188 -4.99782 -8.15648 -1.60734 -5
2 24 -8.15648 -1.60734 -5 -8.4 0 -5
3 16 -7.50287 0 -2.5 -7.3912 -0.5616 -2.5 -8.4 0 -5
3 16 -7.3912 -0.5616 -2.5 -8.15648 -1.60734 -5 -8.4 0 -5
3 16 -8.15648 -1.60734 -5 -7.3912 -0.5616 -2.5 -6.59277 -3.3837 -2.5
3 16 -7.3905 -3.36188 -4.99782 -8.15648 -1.60734 -5 -6.59277 -3.3837 -2.5
3 16 -4.88617 -5.33877 -2.5 -4.99786 -5.5093 -3.1481 -5.56154 -5.36942 -4.1213
3 16 -7.3905 -3.36188 -4.99782 -6.59277 -3.3837 -2.5 -6.09215 -4.13279 -2.5
4 16 -5.56154 -5.36942 -4.1213 -5.78043 -5.22403 -4.29009 -6.09215 -4.13279 -2.5 -4.88617 -5.33877 -2.5
3 16 -6.09215 -4.13279 -2.5 -6.40498 -4.45761 -4.7717 -7.3905 -3.36188 -4.99782
3 16 -6.09215 -4.13279 -2.5 -5.78043 -5.22403 -4.29009 -6.40498 -4.45761 -4.7717
2 24 -7.50287 0 -2.5 -7.3912 -0.5616 -2.5
2 24 -7.3912 -0.5616 -2.5 -6.59277 -3.3837 -2.5
2 24 -6.59277 -3.3837 -2.5 -6.09215 -4.13279 -2.5
2 24 -6.09215 -4.13279 -2.5 -4.88617 -5.33877 -2.5
2 24 -4.8 -7.75 0 -4.8 -7.75 -2
4 16 -4.8 -5.901557 -1.4055 -4.8 -6.35 0 -4.8 -7.75 0 -4.8 -7.75 -2
3 16 -4.8 -5.901557 -1.4055 -4.8 -7.75 -2 -4.8 -5.64267 -2
4 16 -4.88617 -5.33877 -2.5 -4.8 -5.64267 -2 -4.8 -7.75 -2 -4.99786 -7.75 -3.1481
3 16 -4.88617 -5.33877 -2.5 -4.99786 -7.75 -3.1481 -4.99786 -5.5093 -3.1481
4 16 -4.99786 -5.5093 -3.1481 -4.99786 -7.75 -3.1481 -5.56154 -7.75 -4.1213 -5.56154 -5.36942 -4.1213
4 16 -5.78043 -5.22403 -4.29009 -5.56154 -5.36942 -4.1213 -5.56154 -7.75 -4.1213 -6.40498 -7.75 -4.7717
3 16 -5.78043 -5.22403 -4.29009 -6.40498 -7.75 -4.7717 -6.40498 -4.45761 -4.7717
4 16 -6.40498 -4.45761 -4.7717 -6.40498 -7.75 -4.7717 -7.4 -7.75 -5 -7.3905 -3.36188 -4.99782
4 16 -7.3905 -3.36188 -4.99782 -7.4 -7.75 -5 -8.39502 -7.160225 -5 -9.23846 -5.480025 -5
4 16 -7.3905 -3.36188 -4.99782 -9.23846 -5.480025 -5 -9.80214 -2.965925 -5 -8.15648 -1.60734 -5
4 16 -8.15648 -1.60734 -5 -9.80214 -2.965925 -5 -10 0 -5 -8.4 0 -5
5 24 -4.8 -7.75 -2 -4.8 -5.64267 -2 -4.8 -5.901557 -1.4055 -4.88617 -5.33877 -2.5
5 24 -4.99786 -7.75 -3.1481 -4.99786 -5.5093 -3.1481 -4.88617 -5.33877 -2.5 -5.56154 -7.75 -4.1213
5 24 -5.56154 -7.75 -4.1213 -5.56154 -5.36942 -4.1213 -4.99786 -5.5093 -3.1481 -5.78043 -5.22403 -4.29009
5 24 -6.40498 -7.75 -4.7717 -6.40498 -4.45761 -4.7717 -5.78043 -5.22403 -4.29009 -7.4 -7.75 -5
5 24 -7.4 -7.75 -5 -7.3905 -3.36188 -4.99782 -6.40498 -4.45761 -4.7717 -8.39502 -7.160225 -5
5 24 -1.83696 -6.35 4.43472 0 -5.6568 5.6568 -3.5144 -3.5144 6.2688 0 -6.35 4.8
5 24 0 -5.6568 5.6568 -3.5144 -3.5144 6.2688 -1.83696 -6.35 4.43472 0 -3.0616 7.3912
5 24 -3.5144 -3.5144 6.2688 -3.5144 -6.2688 3.5144 -1.83696 -6.35 4.43472 -6.2688 -3.5144 3.5144
5 24 -3.5144 -6.2688 3.5144 -1.83696 -6.35 4.43472 -3.5144 -3.5144 6.2688 -3.39408 -6.35 3.39408
5 24 -1.83696 -6.35 4.43472 -3.5144 -3.5144 6.2688 0 -5.6568 5.6568 -3.5144 -6.2688 3.5144
5 24 -4.43472 -6.35 1.83696 -3.5144 -6.2688 3.5144 -6.2688 -3.5144 3.5144 -3.39408 -6.35 3.39408
5 24 -3.5144 -6.2688 3.5144 -6.2688 -3.5144 3.5144 -4.43472 -6.35 1.83696 -3.5144 -3.5144 6.2688
5 24 -6.2688 -3.5144 3.5144 -5.6568 -5.6568 0 -4.43472 -6.35 1.83696 -7.3912 -3.0616 0
5 24 -5.6568 -5.6568 0 -4.43472 -6.35 1.83696 -6.2688 -3.5144 3.5144 -4.8 -6.35 0
5 24 -4.43472 -6.35 1.83696 -6.2688 -3.5144 3.5144 -3.5144 -6.2688 3.5144 -5.6568 -5.6568 0
5 24 -3.5144 -6.2688 3.5144 -3.39408 -6.35 3.39408 -1.83696 -6.35 4.43472 -4.43472 -6.35 1.83696
5 24 -5.6568 -5.6568 0 -6.09215 -4.13279 -2.5 -4.88617 -5.33877 -2.5 -6.59277 -3.3837 -2.5
5 24 -6.59277 -3.3837 -2.5 -7.3905 -3.36188 -4.99782 -6.09215 -4.13279 -2.5 -8.15648 -1.60734 -5
5 24 -6.09215 -4.13279 -2.5 -5.78043 -5.22403 -4.29009 -4.88617 -5.33877 -2.5 -7.3905 -3.36188 -4.99782
5 24 -4.8 -5.901557 -1.4055 -5.6568 -5.6568 0 -4.88617 -5.33877 -2.5 -4.8 -6.35 0
5 24 -4.8 -6.35 0 -5.6568 -5.6568 0 -4.8 -5.901557 -1.4055 -4.43472 -6.35 1.83696
5 24 -3.0616 0 7.3912 0 -3.0616 7.3912 0 0 8 -3.5144 -3.5144 6.2688
5 24 -3.5144 -3.5144 6.2688 0 -3.0616 7.3912 -3.0616 0 7.3912 0 -5.6568 5.6568
5 24 -3.0616 0 7.3912 -3.5144 -3.5144 6.2688 0 -3.0616 7.3912 -5.6568 0 5.6568
5 24 -7.3912 -3.0616 0 -5.6568 -5.6568 0 -6.2688 -3.5144 3.5144 -6.59277 -3.3837 -2.5
5 24 -6.2688 -3.5144 3.5144 -7.3912 -3.0616 0 -5.6568 -5.6568 0 -7.3912 0 3.0616
5 24 -5.6568 0 5.6568 -3.5144 -3.5144 6.2688 -3.0616 0 7.3912 -6.2688 -3.5144 3.5144
5 24 -6.2688 -3.5144 3.5144 -7.3912 0 3.0616 -7.3912 -3.0616 0 -5.6568 0 5.6568
5 24 -7.3912 0 3.0616 -7.3912 -3.0616 0 -6.2688 -3.5144 3.5144 -8 0 0
5 24 -8 0 0 -7.3912 -3.0616 0 -7.3912 0 3.0616 -7.50287 0 -2.5
5 24 -6.2688 -3.5144 3.5144 -3.5144 -3.5144 6.2688 -5.6568 0 5.6568 -3.5144 -6.2688 3.5144
5 24 -5.6568 0 5.6568 -6.2688 -3.5144 3.5144 -3.5144 -3.5144 6.2688 -7.3912 0 3.0616
5 24 -7.3912 -0.5616 -2.5 -7.3912 -3.0616 0 -8 0 0 -6.59277 -3.3837 -2.5
5 24 -6.59277 -3.3837 -2.5 -7.3912 -3.0616 0 -7.3912 -0.5616 -2.5 -6.09215 -4.13279 -2.5
5 24 -8.4 0 -5 -7.3912 -0.5616 -2.5 -7.50287 0 -2.5 -8.15648 -1.60734 -5
5 24 -7.3912 -0.5616 -2.5 -8.15648 -1.60734 -5 -8.4 0 -5 -6.59277 -3.3837 -2.5
5 24 -6.59277 -3.3837 -2.5 -8.15648 -1.60734 -5 -7.3912 -0.5616 -2.5 -7.3905 -3.36188 -4.99782
5 24 -7.3905 -3.36188 -4.99782 -6.09215 -4.13279 -2.5 -6.59277 -3.3837 -2.5 -6.40498 -4.45761 -4.7717
5 24 -6.40498 -4.45761 -4.7717 -6.09215 -4.13279 -2.5 -7.3905 -3.36188 -4.99782 -5.78043 -5.22403 -4.29009
3 16 3.5144 3.5144 6.2688 0 5.6568 5.6568 1.83696 6.35 4.43472
3 16 3.39408 6.35 3.39408 3.5144 6.2688 3.5144 1.83696 6.35 4.43472
3 16 3.5144 6.2688 3.5144 3.39408 6.35 3.39408 4.43472 6.35 1.83696
3 16 4.88617 5.33877 -2.5 6.09215 4.13279 -2.5 5.6568 5.6568 0
3 16 0 5.6568 5.6568 0 6.35 4.8 1.83696 6.35 4.43472
4 16 5.6568 5.6568 0 4.8 5.901557 -1.4055 4.8 5.64267 -2 4.88617 5.33877 -2.5
3 16 4.8 5.901557 -1.4055 5.6568 5.6568 0 4.8 6.35 0
3 16 6.2688 3.5144 3.5144 3.5144 6.2688 3.5144 4.43472 6.35 1.83696
3 16 0 0 8 0 3.0616 7.3912 3.0616 0 7.3912
3 16 3.0616 0 7.3912 0 3.0616 7.3912 3.5144 3.5144 6.2688
3 16 4.43472 6.35 1.83696 5.6568 5.6568 0 6.2688 3.5144 3.5144
3 16 6.2688 3.5144 3.5144 5.6568 5.6568 0 7.3912 3.0616 0
3 16 3.0616 0 7.3912 3.5144 3.5144 6.2688 5.6568 0 5.6568
3 16 7.3912 0 3.0616 6.2688 3.5144 3.5144 7.3912 3.0616 0
3 16 7.3912 0 3.0616 7.3912 3.0616 0 8 0 0
3 16 5.6568 0 5.6568 3.5144 3.5144 6.2688 6.2688 3.5144 3.5144
3 16 5.6568 0 5.6568 6.2688 3.5144 3.5144 7.3912 0 3.0616
3 16 3.5144 3.5144 6.2688 3.5144 6.2688 3.5144 6.2688 3.5144 3.5144
3 16 5.6568 5.6568 0 4.43472 6.35 1.83696 4.8 6.35 0
4 16 7.3912 0.5616 -2.5 7.50287 0 -2.5 8 0 0 7.3912 3.0616 0
3 16 0 3.0616 7.3912 0 5.6568 5.6568 3.5144 3.5144 6.2688
3 16 1.83696 6.35 4.43472 3.5144 6.2688 3.5144 3.5144 3.5144 6.2688
3 16 7.3912 0.5616 -2.5 7.3912 3.0616 0 6.59277 3.3837 -2.5
4 16 7.3912 3.0616 0 5.6568 5.6568 0 6.09215 4.13279 -2.5 6.59277 3.3837 -2.5
2 24 4.8 6.35 0 4.8 5.901557 -1.4055
2 24 4.8 5.901557 -1.4055 4.8 5.64267 -2
2 24 4.8 5.64267 -2 4.88617 5.33877 -2.5
2 24 4.88617 5.33877 -2.5 4.99786 5.5093 -3.1481
2 24 4.99786 5.5093 -3.1481 5.56154 5.36942 -4.1213
2 24 5.56154 5.36942 -4.1213 5.78043 5.22403 -4.29009
2 24 5.78043 5.22403 -4.29009 6.40498 4.45761 -4.7717
2 24 6.40498 4.45761 -4.7717 7.3905 3.36188 -4.99782
2 24 7.3905 3.36188 -4.99782 8.15648 1.60734 -5
2 24 8.15648 1.60734 -5 8.4 0 -5
3 16 7.50287 0 -2.5 7.3912 0.5616 -2.5 8.4 0 -5
3 16 7.3912 0.5616 -2.5 8.15648 1.60734 -5 8.4 0 -5
3 16 8.15648 1.60734 -5 7.3912 0.5616 -2.5 6.59277 3.3837 -2.5
3 16 7.3905 3.36188 -4.99782 8.15648 1.60734 -5 6.59277 3.3837 -2.5
3 16 4.88617 5.33877 -2.5 4.99786 5.5093 -3.1481 5.56154 5.36942 -4.1213
3 16 7.3905 3.36188 -4.99782 6.59277 3.3837 -2.5 6.09215 4.13279 -2.5
4 16 5.56154 5.36942 -4.1213 5.78043 5.22403 -4.29009 6.09215 4.13279 -2.5 4.88617 5.33877 -2.5
3 16 6.09215 4.13279 -2.5 6.40498 4.45761 -4.7717 7.3905 3.36188 -4.99782
3 16 6.09215 4.13279 -2.5 5.78043 5.22403 -4.29009 6.40498 4.45761 -4.7717
2 24 7.50287 0 -2.5 7.3912 0.5616 -2.5
2 24 7.3912 0.5616 -2.5 6.59277 3.3837 -2.5
2 24 6.59277 3.3837 -2.5 6.09215 4.13279 -2.5
2 24 6.09215 4.13279 -2.5 4.88617 5.33877 -2.5
2 24 4.8 7.75 0 4.8 7.75 -2
4 16 4.8 5.901557 -1.4055 4.8 6.35 0 4.8 7.75 0 4.8 7.75 -2
3 16 4.8 5.901557 -1.4055 4.8 7.75 -2 4.8 5.64267 -2
4 16 4.88617 5.33877 -2.5 4.8 5.64267 -2 4.8 7.75 -2 4.99786 7.75 -3.1481
3 16 4.88617 5.33877 -2.5 4.99786 7.75 -3.1481 4.99786 5.5093 -3.1481
4 16 4.99786 5.5093 -3.1481 4.99786 7.75 -3.1481 5.56154 7.75 -4.1213 5.56154 5.36942 -4.1213
4 16 5.78043 5.22403 -4.29009 5.56154 5.36942 -4.1213 5.56154 7.75 -4.1213 6.40498 7.75 -4.7717
3 16 5.78043 5.22403 -4.29009 6.40498 7.75 -4.7717 6.40498 4.45761 -4.7717
4 16 6.40498 4.45761 -4.7717 6.40498 7.75 -4.7717 7.4 7.75 -5 7.3905 3.36188 -4.99782
4 16 7.3905 3.36188 -4.99782 7.4 7.75 -5 8.39502 7.160225 -5 9.23846 5.480025 -5
4 16 7.3905 3.36188 -4.99782 9.23846 5.480025 -5 9.80214 2.965925 -5 8.15648 1.60734 -5
4 16 8.15648 1.60734 -5 9.80214 2.965925 -5 10 0 -5 8.4 0 -5
5 24 4.8 7.75 -2 4.8 5.64267 -2 4.8 5.901557 -1.4055 4.88617 5.33877 -2.5
5 24 4.99786 7.75 -3.1481 4.99786 5.5093 -3.1481 4.88617 5.33877 -2.5 5.56154 7.75 -4.1213
5 24 5.56154 7.75 -4.1213 5.56154 5.36942 -4.1213 4.99786 5.5093 -3.1481 5.78043 5.22403 -4.29009
5 24 6.40498 7.75 -4.7717 6.40498 4.45761 -4.7717 5.78043 5.22403 -4.29009 7.4 7.75 -5
5 24 7.4 7.75 -5 7.3905 3.36188 -4.99782 6.40498 4.45761 -4.7717 8.39502 7.160225 -5
5 24 1.83696 6.35 4.43472 0 5.6568 5.6568 3.5144 3.5144 6.2688 0 6.35 4.8
5 24 0 5.6568 5.6568 3.5144 3.5144 6.2688 1.83696 6.35 4.43472 0 3.0616 7.3912
5 24 3.5144 3.5144 6.2688 3.5144 6.2688 3.5144 1.83696 6.35 4.43472 6.2688 3.5144 3.5144
5 24 3.5144 6.2688 3.5144 1.83696 6.35 4.43472 3.5144 3.5144 6.2688 3.39408 6.35 3.39408
5 24 1.83696 6.35 4.43472 3.5144 3.5144 6.2688 0 5.6568 5.6568 3.5144 6.2688 3.5144
5 24 4.43472 6.35 1.83696 3.5144 6.2688 3.5144 6.2688 3.5144 3.5144 3.39408 6.35 3.39408
5 24 3.5144 6.2688 3.5144 6.2688 3.5144 3.5144 4.43472 6.35 1.83696 3.5144 3.5144 6.2688
5 24 6.2688 3.5144 3.5144 5.6568 5.6568 0 4.43472 6.35 1.83696 7.3912 3.0616 0
5 24 5.6568 5.6568 0 4.43472 6.35 1.83696 6.2688 3.5144 3.5144 4.8 6.35 0
5 24 4.43472 6.35 1.83696 6.2688 3.5144 3.5144 3.5144 6.2688 3.5144 5.6568 5.6568 0
5 24 3.5144 6.2688 3.5144 3.39408 6.35 3.39408 1.83696 6.35 4.43472 4.43472 6.35 1.83696
5 24 5.6568 5.6568 0 6.09215 4.13279 -2.5 4.88617 5.33877 -2.5 6.59277 3.3837 -2.5
5 24 6.59277 3.3837 -2.5 7.3905 3.36188 -4.99782 6.09215 4.13279 -2.5 8.15648 1.60734 -5
5 24 6.09215 4.13279 -2.5 5.78043 5.22403 -4.29009 4.88617 5.33877 -2.5 7.3905 3.36188 -4.99782
5 24 4.8 5.901557 -1.4055 5.6568 5.6568 0 4.88617 5.33877 -2.5 4.8 6.35 0
5 24 4.8 6.35 0 5.6568 5.6568 0 4.8 5.901557 -1.4055 4.43472 6.35 1.83696
5 24 3.0616 0 7.3912 0 3.0616 7.3912 0 0 8 3.5144 3.5144 6.2688
5 24 3.5144 3.5144 6.2688 0 3.0616 7.3912 3.0616 0 7.3912 0 5.6568 5.6568
5 24 3.0616 0 7.3912 3.5144 3.5144 6.2688 0 3.0616 7.3912 5.6568 0 5.6568
5 24 7.3912 3.0616 0 5.6568 5.6568 0 6.2688 3.5144 3.5144 6.59277 3.3837 -2.5
5 24 6.2688 3.5144 3.5144 7.3912 3.0616 0 5.6568 5.6568 0 7.3912 0 3.0616
5 24 5.6568 0 5.6568 3.5144 3.5144 6.2688 3.0616 0 7.3912 6.2688 3.5144 3.5144
5 24 6.2688 3.5144 3.5144 7.3912 0 3.0616 7.3912 3.0616 0 5.6568 0 5.6568
5 24 7.3912 0 3.0616 7.3912 3.0616 0 6.2688 3.5144 3.5144 8 0 0
5 24 8 0 0 7.3912 3.0616 0 7.3912 0 3.0616 7.50287 0 -2.5
5 24 6.2688 3.5144 3.5144 3.5144 3.5144 6.2688 5.6568 0 5.6568 3.5144 6.2688 3.5144
5 24 5.6568 0 5.6568 6.2688 3.5144 3.5144 3.5144 3.5144 6.2688 7.3912 0 3.0616
5 24 7.3912 0.5616 -2.5 7.3912 3.0616 0 8 0 0 6.59277 3.3837 -2.5
5 24 6.59277 3.3837 -2.5 7.3912 3.0616 0 7.3912 0.5616 -2.5 6.09215 4.13279 -2.5
5 24 8.4 0 -5 7.3912 0.5616 -2.5 7.50287 0 -2.5 8.15648 1.60734 -5
5 24 7.3912 0.5616 -2.5 8.15648 1.60734 -5 8.4 0 -5 6.59277 3.3837 -2.5
5 24 6.59277 3.3837 -2.5 8.15648 1.60734 -5 7.3912 0.5616 -2.5 7.3905 3.36188 -4.99782
5 24 7.3905 3.36188 -4.99782 6.09215 4.13279 -2.5 6.59277 3.3837 -2.5 6.40498 4.45761 -4.7717
5 24 6.40498 4.45761 -4.7717 6.09215 4.13279 -2.5 7.3905 3.36188 -4.99782 5.78043 5.22403 -4.29009
3 16 -1.83696 6.35 4.43472 0 5.6568 5.6568 -3.5144 3.5144 6.2688
3 16 -1.83696 6.35 4.43472 -3.5144 6.2688 3.5144 -3.39408 6.35 3.39408
3 16 -4.43472 6.35 1.83696 -3.39408 6.35 3.39408 -3.5144 6.2688 3.5144
3 16 -5.6568 5.6568 0 -6.09215 4.13279 -2.5 -4.88617 5.33877 -2.5
3 16 -1.83696 6.35 4.43472 0 6.35 4.8 0 5.6568 5.6568
4 16 -4.88617 5.33877 -2.5 -4.8 5.64267 -2 -4.8 5.901557 -1.4055 -5.6568 5.6568 0
3 16 -4.8 6.35 0 -5.6568 5.6568 0 -4.8 5.901557 -1.4055
3 16 -4.43472 6.35 1.83696 -3.5144 6.2688 3.5144 -6.2688 3.5144 3.5144
3 16 -3.0616 0 7.3912 0 3.0616 7.3912 0 0 8
3 16 -3.5144 3.5144 6.2688 0 3.0616 7.3912 -3.0616 0 7.3912
3 16 -6.2688 3.5144 3.5144 -5.6568 5.6568 0 -4.43472 6.35 1.83696
3 16 -7.3912 3.0616 0 -5.6568 5.6568 0 -6.2688 3.5144 3.5144
3 16 -5.6568 0 5.6568 -3.5144 3.5144 6.2688 -3.0616 0 7.3912
3 16 -7.3912 3.0616 0 -6.2688 3.5144 3.5144 -7.3912 0 3.0616
3 16 -8 0 0 -7.3912 3.0616 0 -7.3912 0 3.0616
3 16 -6.2688 3.5144 3.5144 -3.5144 3.5144 6.2688 -5.6568 0 5.6568
3 16 -7.3912 0 3.0616 -6.2688 3.5144 3.5144 -5.6568 0 5.6568
3 16 -6.2688 3.5144 3.5144 -3.5144 6.2688 3.5144 -3.5144 3.5144 6.2688
3 16 -4.8 6.35 0 -4.43472 6.35 1.83696 -5.6568 5.6568 0
4 16 -7.3912 3.0616 0 -8 0 0 -7.50287 0 -2.5 -7.3912 0.5616 -2.5
3 16 -3.5144 3.5144 6.2688 0 5.6568 5.6568 0 3.0616 7.3912
3 16 -3.5144 3.5144 6.2688 -3.5144 6.2688 3.5144 -1.83696 6.35 4.43472
3 16 -6.59277 3.3837 -2.5 -7.3912 3.0616 0 -7.3912 0.5616 -2.5
4 16 -6.59277 3.3837 -2.5 -6.09215 4.13279 -2.5 -5.6568 5.6568 0 -7.3912 3.0616 0
2 24 -4.8 6.35 0 -4.8 5.901557 -1.4055
2 24 -4.8 5.901557 -1.4055 -4.8 5.64267 -2
2 24 -4.8 5.64267 -2 -4.88617 5.33877 -2.5
2 24 -4.88617 5.33877 -2.5 -4.99786 5.5093 -3.1481
2 24 -4.99786 5.5093 -3.1481 -5.56154 5.36942 -4.1213
2 24 -5.56154 5.36942 -4.1213 -5.78043 5.22403 -4.29009
2 24 -5.78043 5.22403 -4.29009 -6.40498 4.45761 -4.7717
2 24 -6.40498 4.45761 -4.7717 -7.3905 3.36188 -4.99782
2 24 -7.3905 3.36188 -4.99782 -8.15648 1.60734 -5
2 24 -8.15648 1.60734 -5 -8.4 0 -5
3 16 -8.4 0 -5 -7.3912 0.5616 -2.5 -7.50287 0 -2.5
3 16 -8.4 0 -5 -8.15648 1.60734 -5 -7.3912 0.5616 -2.5
3 16 -6.59277 3.3837 -2.5 -7.3912 0.5616 -2.5 -8.15648 1.60734 -5
3 16 -6.59277 3.3837 -2.5 -8.15648 1.60734 -5 -7.3905 3.36188 -4.99782
3 16 -5.56154 5.36942 -4.1213 -4.99786 5.5093 -3.1481 -4.88617 5.33877 -2.5
3 16 -6.09215 4.13279 -2.5 -6.59277 3.3837 -2.5 -7.3905 3.36188 -4.99782
4 16 -4.88617 5.33877 -2.5 -6.09215 4.13279 -2.5 -5.78043 5.22403 -4.29009 -5.56154 5.36942 -4.1213
3 16 -7.3905 3.36188 -4.99782 -6.40498 4.45761 -4.7717 -6.09215 4.13279 -2.5
3 16 -6.40498 4.45761 -4.7717 -5.78043 5.22403 -4.29009 -6.09215 4.13279 -2.5
2 24 -7.50287 0 -2.5 -7.3912 0.5616 -2.5
2 24 -7.3912 0.5616 -2.5 -6.59277 3.3837 -2.5
2 24 -6.59277 3.3837 -2.5 -6.09215 4.13279 -2.5
2 24 -6.09215 4.13279 -2.5 -4.88617 5.33877 -2.5
2 24 -4.8 7.75 0 -4.8 7.75 -2
4 16 -4.8 7.75 -2 -4.8 7.75 0 -4.8 6.35 0 -4.8 5.901557 -1.4055
3 16 -4.8 5.64267 -2 -4.8 7.75 -2 -4.8 5.901557 -1.4055
4 16 -4.99786 7.75 -3.1481 -4.8 7.75 -2 -4.8 5.64267 -2 -4.88617 5.33877 -2.5
3 16 -4.99786 5.5093 -3.1481 -4.99786 7.75 -3.1481 -4.88617 5.33877 -2.5
4 16 -5.56154 5.36942 -4.1213 -5.56154 7.75 -4.1213 -4.99786 7.75 -3.1481 -4.99786 5.5093 -3.1481
4 16 -6.40498 7.75 -4.7717 -5.56154 7.75 -4.1213 -5.56154 5.36942 -4.1213 -5.78043 5.22403 -4.29009
3 16 -6.40498 4.45761 -4.7717 -6.40498 7.75 -4.7717 -5.78043 5.22403 -4.29009
4 16 -7.3905 3.36188 -4.99782 -7.4 7.75 -5 -6.40498 7.75 -4.7717 -6.40498 4.45761 -4.7717
4 16 -9.23846 5.480025 -5 -8.39502 7.160225 -5 -7.4 7.75 -5 -7.3905 3.36188 -4.99782
4 16 -8.15648 1.60734 -5 -9.80214 2.965925 -5 -9.23846 5.480025 -5 -7.3905 3.36188 -4.99782
4 16 -8.4 0 -5 -10 0 -5 -9.80214 2.965925 -5 -8.15648 1.60734 -5
5 24 -4.8 7.75 -2 -4.8 5.64267 -2 -4.8 5.901557 -1.4055 -4.88617 5.33877 -2.5
5 24 -4.99786 7.75 -3.1481 -4.99786 5.5093 -3.1481 -4.88617 5.33877 -2.5 -5.56154 7.75 -4.1213
5 24 -5.56154 7.75 -4.1213 -5.56154 5.36942 -4.1213 -4.99786 5.5093 -3.1481 -5.78043 5.22403 -4.29009
5 24 -6.40498 7.75 -4.7717 -6.40498 4.45761 -4.7717 -5.78043 5.22403 -4.29009 -7.4 7.75 -5
5 24 -7.4 7.75 -5 -7.3905 3.36188 -4.99782 -6.40498 4.45761 -4.7717 -8.39502 7.160225 -5
5 24 -1.83696 6.35 4.43472 0 5.6568 5.6568 -3.5144 3.5144 6.2688 0 6.35 4.8
5 24 0 5.6568 5.6568 -3.5144 3.5144 6.2688 -1.83696 6.35 4.43472 0 3.0616 7.3912
5 24 -3.5144 3.5144 6.2688 -3.5144 6.2688 3.5144 -1.83696 6.35 4.43472 -6.2688 3.5144 3.5144
5 24 -3.5144 6.2688 3.5144 -1.83696 6.35 4.43472 -3.5144 3.5144 6.2688 -3.39408 6.35 3.39408
5 24 -1.83696 6.35 4.43472 -3.5144 3.5144 6.2688 0 5.6568 5.6568 -3.5144 6.2688 3.5144
5 24 -4.43472 6.35 1.83696 -3.5144 6.2688 3.5144 -6.2688 3.5144 3.5144 -3.39408 6.35 3.39408
5 24 -3.5144 6.2688 3.5144 -6.2688 3.5144 3.5144 -4.43472 6.35 1.83696 -3.5144 3.5144 6.2688
5 24 -6.2688 3.5144 3.5144 -5.6568 5.6568 0 -4.43472 6.35 1.83696 -7.3912 3.0616 0
5 24 -5.6568 5.6568 0 -4.43472 6.35 1.83696 -6.2688 3.5144 3.5144 -4.8 6.35 0
5 24 -4.43472 6.35 1.83696 -6.2688 3.5144 3.5144 -3.5144 6.2688 3.5144 -5.6568 5.6568 0
5 24 -3.5144 6.2688 3.5144 -3.39408 6.35 3.39408 -1.83696 6.35 4.43472 -4.43472 6.35 1.83696
5 24 -5.6568 5.6568 0 -6.09215 4.13279 -2.5 -4.88617 5.33877 -2.5 -6.59277 3.3837 -2.5
5 24 -6.59277 3.3837 -2.5 -7.3905 3.36188 -4.99782 -6.09215 4.13279 -2.5 -8.15648 1.60734 -5
5 24 -6.09215 4.13279 -2.5 -5.78043 5.22403 -4.29009 -4.88617 5.33877 -2.5 -7.3905 3.36188 -4.99782
5 24 -4.8 5.901557 -1.4055 -5.6568 5.6568 0 -4.88617 5.33877 -2.5 -4.8 6.35 0
5 24 -4.8 6.35 0 -5.6568 5.6568 0 -4.8 5.901557 -1.4055 -4.43472 6.35 1.83696
5 24 -3.0616 0 7.3912 0 3.0616 7.3912 0 0 8 -3.5144 3.5144 6.2688
5 24 -3.5144 3.5144 6.2688 0 3.0616 7.3912 -3.0616 0 7.3912 0 5.6568 5.6568
5 24 -3.0616 0 7.3912 -3.5144 3.5144 6.2688 0 3.0616 7.3912 -5.6568 0 5.6568
5 24 -7.3912 3.0616 0 -5.6568 5.6568 0 -6.2688 3.5144 3.5144 -6.59277 3.3837 -2.5
5 24 -6.2688 3.5144 3.5144 -7.3912 3.0616 0 -5.6568 5.6568 0 -7.3912 0 3.0616
5 24 -5.6568 0 5.6568 -3.5144 3.5144 6.2688 -3.0616 0 7.3912 -6.2688 3.5144 3.5144
5 24 -6.2688 3.5144 3.5144 -7.3912 0 3.0616 -7.3912 3.0616 0 -5.6568 0 5.6568
5 24 -7.3912 0 3.0616 -7.3912 3.0616 0 -6.2688 3.5144 3.5144 -8 0 0
5 24 -8 0 0 -7.3912 3.0616 0 -7.3912 0 3.0616 -7.50287 0 -2.5
5 24 -6.2688 3.5144 3.5144 -3.5144 3.5144 6.2688 -5.6568 0 5.6568 -3.5144 6.2688 3.5144
5 24 -5.6568 0 5.6568 -6.2688 3.5144 3.5144 -3.5144 3.5144 6.2688 -7.3912 0 3.0616
5 24 -7.3912 0.5616 -2.5 -7.3912 3.0616 0 -8 0 0 -6.59277 3.3837 -2.5
5 24 -6.59277 3.3837 -2.5 -7.3912 3.0616 0 -7.3912 0.5616 -2.5 -6.09215 4.13279 -2.5
5 24 -8.4 0 -5 -7.3912 0.5616 -2.5 -7.50287 0 -2.5 -8.15648 1.60734 -5
5 24 -7.3912 0.5616 -2.5 -8.15648 1.60734 -5 -8.4 0 -5 -6.59277 3.3837 -2.5
5 24 -6.59277 3.3837 -2.5 -8.15648 1.60734 -5 -7.3912 0.5616 -2.5 -7.3905 3.36188 -4.99782
5 24 -7.3905 3.36188 -4.99782 -6.09215 4.13279 -2.5 -6.59277 3.3837 -2.5 -6.40498 4.45761 -4.7717
5 24 -6.40498 4.45761 -4.7717 -6.09215 4.13279 -2.5 -7.3905 3.36188 -4.99782 -5.78043 5.22403 -4.29009
5 24 0 -6.35 4.8 0 -5.6568 5.6568 1.83696 -6.35 4.43472 -1.83696 -6.35 4.43472
5 24 0 -3.0616 7.3912 0 0 8 3.0616 0 7.3912 -3.0616 0 7.3912
5 24 0 0 8 3.0616 0 7.3912 0 -3.0616 7.3912 0 3.0616 7.3912
5 24 3.0616 0 7.3912 5.6568 0 5.6568 3.5144 -3.5144 6.2688 3.5144 3.5144 6.2688
5 24 7.3912 0 3.0616 8 0 0 7.3912 -3.0616 0 7.3912 3.0616 0
5 24 5.6568 0 5.6568 7.3912 0 3.0616 6.2688 -3.5144 3.5144 6.2688 3.5144 3.5144
5 24 8 0 0 7.50287 0 -2.5 7.3912 -3.0616 0 7.3912 3.0616 0
5 24 0 -5.6568 5.6568 0 -3.0616 7.3912 3.5144 -3.5144 6.2688 -3.5144 -3.5144 6.2688
5 24 7.50287 0 -2.5 8.4 0 -5 7.3912 -0.5616 -2.5 7.3912 0.5616 -2.5
5 24 0 6.35 4.8 0 5.6568 5.6568 -1.83696 6.35 4.43472 1.83696 6.35 4.43472
5 24 0 3.0616 7.3912 0 0 8 -3.0616 0 7.3912 3.0616 0 7.3912
5 24 0 0 8 -3.0616 0 7.3912 0 3.0616 7.3912 0 -3.0616 7.3912
5 24 -3.0616 0 7.3912 -5.6568 0 5.6568 -3.5144 3.5144 6.2688 -3.5144 -3.5144 6.2688
5 24 -7.3912 0 3.0616 -8 0 0 -7.3912 3.0616 0 -7.3912 -3.0616 0
5 24 -5.6568 0 5.6568 -7.3912 0 3.0616 -6.2688 3.5144 3.5144 -6.2688 -3.5144 3.5144
5 24 -8 0 0 -7.50287 0 -2.5 -7.3912 3.0616 0 -7.3912 -3.0616 0
5 24 0 5.6568 5.6568 0 3.0616 7.3912 -3.5144 3.5144 6.2688 3.5144 3.5144 6.2688
5 24 -7.50287 0 -2.5 -8.4 0 -5 -7.3912 0.5616 -2.5 -7.3912 -0.5616 -2.5
1 16 0 -7.75 0 4.8 0 0 0 1.4 0 0 0 4.8 2-4cylo.dat
1 16 0 -7.75 0 4.8 0 0 0 1 0 0 0 4.8 2-4ndis.dat
1 16 7.4 -7.75 -2 -2.6 0 0 0 8 0 0 0 -3 2-4edge.dat
1 16 7.4 -7.75 -2 -2.6 0 0 0 1 0 0 0 -3 2-4chrd.dat
1 16 -7.4 -7.75 -2 -2.6 0 0 0 1 0 0 0 -3 2-4edge.dat
1 16 -7.4 -7.75 -2 -2.6 0 0 0 1 0 0 0 -3 2-4chrd.dat
4 16 4.8 -7.75 -2 10 -7.75 -2 10 -7.75 9 4.8 -7.75 4.8
4 16 -4.8 -7.75 4.8 -10 -7.75 9 -10 -7.75 -2 -4.8 -7.75 -2
3 16 4.8 -7.75 4.8 10 -7.75 9 0 -7.75 4.8
4 16 0 -7.75 4.8 10 -7.75 9 -10 -7.75 9 -4.8 -7.75 4.8
1 16 0 7.75 0 -4.8 0 0 0 -1.4 0 0 0 4.8 2-4cylo.dat
1 16 0 7.75 0 -4.8 0 0 0 -1 0 0 0 4.8 2-4ndis.dat
1 16 -7.4 7.75 -2 2.6 0 0 0 -8 0 0 0 -3 2-4edge.dat
1 16 -7.4 7.75 -2 2.6 0 0 0 -1 0 0 0 -3 2-4chrd.dat
1 16 7.4 7.75 -2 2.6 0 0 0 -1 0 0 0 -3 2-4edge.dat
1 16 7.4 7.75 -2 2.6 0 0 0 -1 0 0 0 -3 2-4chrd.dat
4 16 -4.8 7.75 -2 -10 7.75 -2 -10 7.75 9 -4.8 7.75 4.8
4 16 4.8 7.75 4.8 10 7.75 9 10 7.75 -2 4.8 7.75 -2
3 16 0 7.75 4.8 10 7.75 9 4.8 7.75 4.8
4 16 -4.8 7.75 4.8 -10 7.75 9 10 7.75 9 0 7.75 4.8
1 16 10 0 3.5 0 -1 0 0 0 -7.75 5.5 0 0 rect2p.dat
1 16 -10 0 3.5 0 1 0 0 0 7.75 5.5 0 0 rect2p.dat
1 16 10 0 -2 0 1 0 7.75 0 0 0 0 -3 2-4edge.dat
1 16 10 0 -2 0 -1 0 -7.75 0 0 0 0 -3 2-4disc.dat
1 16 -10 0 -2 0 -1 0 -7.75 0 0 0 0 -3 2-4edge.dat
1 16 -10 0 -2 0 1 0 7.75 0 0 0 0 -3 2-4disc.dat
1 16 7.4 0 -5 0 0 2.6 7.75 0 0 0 1 0 2-4edge.dat
1 16 -7.4 0 -5 0 0 -2.6 -7.75 0 0 0 1 0 2-4edge.dat
1 16 7.4 0 -2 0 0 2.6 0 7.75 0 -3 0 0 1-8sphc.dat
1 16 7.4 0 -2 0 0 2.6 0 -7.75 0 -3 0 0 1-8sphc.dat
1 16 -7.4 0 -2 0 0 -2.6 0 -7.75 0 -3 0 0 1-8sphc.dat
1 16 -7.4 0 -2 0 0 -2.6 0 7.75 0 -3 0 0 1-8sphc.dat
4 16 -10 -7.75 9 10 -7.75 9 9.817 -7.567 9.31695 -9.817 -7.567 9.31695
4 16 -9.817 -7.567 9.31695 9.817 -7.567 9.31695 9.5 -7.25 9.5 -9.5 -7.25 9.5
4 16 -9.5 -7.25 9.5 9.5 -7.25 9.5 9.5 -4 9.5 -9.5 -4 9.5
4 16 9.817 -7.567 9.31695 9.817 -4 9.31695 9.5 -4 9.5 9.5 -7.25 9.5
4 16 9.817 4 9.31695 9.817 7.567 9.31695 9.5 7.25 9.5 9.5 4 9.5
3 16 9.817 -4 9.31695 9.817 -7.567 9.31695 10 -7.75 9
3 16 10 7.75 9 9.817 7.567 9.31695 9.817 4 9.31695
4 16 10 -7.75 9 10 7.75 9 9.817 4 9.31695 9.817 -4 9.31695
2 24 10 -7.75 9 9.817 -7.567 9.31695
2 24 9.5 -7.25 9.5 9.817 -7.567 9.31695
2 24 10 7.75 9 9.817 7.567 9.31695
2 24 9.5 7.25 9.5 9.817 7.567 9.31695
2 24 -9.5 -4 9.5 9.5 -4 9.5
2 24 9.5 -4 9.5 9.817 -4 9.68305
2 24 9.817 -4 9.68305 10 -4 10
2 24 -9.5 -4 9.5 -9.817 -4 9.68305
2 24 -9.817 -4 9.68305 -10 -4 10
4 16 -9.817 -4 9.68305 9.817 -4 9.68305 10 -4 10 -10 -4 10
4 16 -9.5 -4 9.5 9.5 -4 9.5 9.817 -4 9.68305 -9.817 -4 9.68305
3 16 9.5 -4 9.5 9.817 -4 9.31695 9.7113 -3.9 9.5
3 16 9.7113 -3.9 9.5 9.817 -4 9.68305 9.5 -4 9.5
3 16 9.7113 3.9 9.5 9.817 4 9.31695 9.5 4 9.5
3 16 9.5 4 9.5 9.817 4 9.68305 9.7113 3.9 9.5
4 16 9.817 4 9.31695 9.7113 3.9 9.5 9.7113 -3.9 9.5 9.817 -4 9.31695
4 16 9.817 4 9.68305 9.817 -4 9.68305 9.7113 -3.9 9.5 9.7113 3.9 9.5
4 16 10 4 10 10 -4 10 9.817 -4 9.68305 9.817 4 9.68305
5 24 9.817 -7.567 9.31695 -9.817 -7.567 9.31695 -10 -7.75 9 9.5 -7.25 9.5
5 24 9.5 -7.25 9.5 -9.5 -7.25 9.5 -9.817 -7.567 9.31695 9.5 -4 9.5
5 24 9.5 -7.25 9.5 9.5 -4 9.5 -9.5 -7.25 9.5 9.817 -7.567 9.31695
5 24 9.5 7.25 9.5 9.5 4 9.5 -9.5 7.25 9.5 9.817 7.567 9.31695
5 24 9.817 -7.567 9.31695 9.817 -4 9.31695 9.5 -4 9.5 10 -7.75 9
5 24 9.817 -4 9.31695 9.5 -4 9.5 9.817 -7.567 9.31695 9.7113 -3.9 9.5
5 24 9.817 4 9.31695 9.817 7.567 9.31695 9.5 7.25 9.5 10 7.75 9
5 24 9.5 4 9.5 9.817 4 9.31695 9.817 7.567 9.31695 9.7113 3.9 9.5
5 24 9.817 -4 9.31695 9.7113 -3.9 9.5 9.5 -4 9.5 9.817 4 9.31695
2 24 9.7113 -3.9 9.5 9.5 -4 9.5
5 24 9.7113 -3.9 9.5 9.817 -4 9.68305 9.5 -4 9.5 9.817 4 9.68305
5 24 9.7113 3.9 9.5 9.817 4 9.31695 9.5 4 9.5 9.7113 -3.9 9.5
2 24 9.5 4 9.5 9.7113 3.9 9.5
5 24 9.817 4 9.68305 9.7113 3.9 9.5 9.5 4 9.5 9.817 -4 9.68305
2 24 9.7113 3.9 9.5 9.7113 -3.9 9.5
5 24 10 -7.75 9 -10 -7.75 9 9.817 -7.567 9.31695 4.8 -7.75 4.8
5 24 10 -7.75 9 10 7.75 9 9.817 -7.567 9.31695 10 -7.75 -3
5 24 10 -4 10 10 4 10 9.817 -4 9.68305 10 -4 15
4 16 10 7.75 9 -10 7.75 9 -9.817 7.567 9.31695 9.817 7.567 9.31695
4 16 9.817 7.567 9.31695 -9.817 7.567 9.31695 -9.5 7.25 9.5 9.5 7.25 9.5
4 16 9.5 7.25 9.5 -9.5 7.25 9.5 -9.5 4 9.5 9.5 4 9.5
4 16 -9.817 7.567 9.31695 -9.817 4 9.31695 -9.5 4 9.5 -9.5 7.25 9.5
4 16 -9.817 -4 9.31695 -9.817 -7.567 9.31695 -9.5 -7.25 9.5 -9.5 -4 9.5
3 16 -9.817 4 9.31695 -9.817 7.567 9.31695 -10 7.75 9
3 16 -10 -7.75 9 -9.817 -7.567 9.31695 -9.817 -4 9.31695
4 16 -10 7.75 9 -10 -7.75 9 -9.817 -4 9.31695 -9.817 4 9.31695
2 24 -10 7.75 9 -9.817 7.567 9.31695
2 24 -9.5 7.25 9.5 -9.817 7.567 9.31695
2 24 -10 -7.75 9 -9.817 -7.567 9.31695
2 24 -9.5 -7.25 9.5 -9.817 -7.567 9.31695
2 24 9.5 4 9.5 -9.5 4 9.5
2 24 -9.5 4 9.5 -9.817 4 9.68305
2 24 -9.817 4 9.68305 -10 4 10
2 24 9.5 4 9.5 9.817 4 9.68305
2 24 9.817 4 9.68305 10 4 10
4 16 9.817 4 9.68305 -9.817 4 9.68305 -10 4 10 10 4 10
4 16 9.5 4 9.5 -9.5 4 9.5 -9.817 4 9.68305 9.817 4 9.68305
3 16 -9.5 4 9.5 -9.817 4 9.31695 -9.7113 3.9 9.5
3 16 -9.7113 3.9 9.5 -9.817 4 9.68305 -9.5 4 9.5
3 16 -9.7113 -3.9 9.5 -9.817 -4 9.31695 -9.5 -4 9.5
3 16 -9.5 -4 9.5 -9.817 -4 9.68305 -9.7113 -3.9 9.5
4 16 -9.817 -4 9.31695 -9.7113 -3.9 9.5 -9.7113 3.9 9.5 -9.817 4 9.31695
4 16 -9.817 -4 9.68305 -9.817 4 9.68305 -9.7113 3.9 9.5 -9.7113 -3.9 9.5
4 16 -10 -4 10 -10 4 10 -9.817 4 9.68305 -9.817 -4 9.68305
5 24 -9.817 7.567 9.31695 9.817 7.567 9.31695 10 7.75 9 -9.5 7.25 9.5
5 24 -9.5 7.25 9.5 9.5 7.25 9.5 9.817 7.567 9.31695 -9.5 4 9.5
5 24 -9.5 7.25 9.5 -9.5 4 9.5 9.5 7.25 9.5 -9.817 7.567 9.31695
5 24 -9.5 -7.25 9.5 -9.5 -4 9.5 9.5 -7.25 9.5 -9.817 -7.567 9.31695
5 24 -9.817 7.567 9.31695 -9.817 4 9.31695 -9.5 4 9.5 -10 7.75 9
5 24 -9.817 4 9.31695 -9.5 4 9.5 -9.817 7.567 9.31695 -9.7113 3.9 9.5
5 24 -9.817 -4 9.31695 -9.817 -7.567 9.31695 -9.5 -7.25 9.5 -10 -7.75 9
5 24 -9.5 -4 9.5 -9.817 -4 9.31695 -9.817 -7.567 9.31695 -9.7113 -3.9 9.5
5 24 -9.817 4 9.31695 -9.7113 3.9 9.5 -9.5 4 9.5 -9.817 -4 9.31695
2 24 -9.7113 3.9 9.5 -9.5 4 9.5
5 24 -9.7113 3.9 9.5 -9.817 4 9.68305 -9.5 4 9.5 -9.817 -4 9.68305
5 24 -9.7113 -3.9 9.5 -9.817 -4 9.31695 -9.5 -4 9.5 -9.7113 3.9 9.5
2 24 -9.5 -4 9.5 -9.7113 -3.9 9.5
5 24 -9.817 -4 9.68305 -9.7113 -3.9 9.5 -9.5 -4 9.5 -9.817 4 9.68305
2 24 -9.7113 -3.9 9.5 -9.7113 3.9 9.5
5 24 -10 7.75 9 10 7.75 9 -9.817 7.567 9.31695 -4.8 7.75 4.8
5 24 -10 7.75 9 -10 -7.75 9 -9.817 7.567 9.31695 -10 7.75 -3
5 24 -10 4 10 -10 -4 10 -9.817 4 9.68305 -10 4 15
0 NOFILE
0 FILE s\75144 - 62885s01.dat
0 S\75144 - 62885s01
0 Name: s\75144 - 62885s01.dat
0 Author: Roland Dahl [RolandD]
0 !LDRAW_ORG Unofficial_Part
0 !LICENSE Redistributable under CCAL version 2.0 : see CAreadme.txt
0 BFC CERTIFY CCW
1 16 -5.25 -2.119 0 0 -13.25 0 -2.8813 0 0 0 0 6.9722 1-8cyli.dat
1 16 -5.25 -2.119 0 0 1 0 -2.8813 0 0 0 0 6.9722 1-8edge.dat
1 16 -18.5 -2.119 0 0 1 0 -2.8813 0 0 0 0 6.9722 1-8edge.dat
2 24 -5.25 -4.1561 4.9301 -18.5 -4.1561 4.9301
2 24 -5.25 0 4.9301 -18.5 0 4.9301
2 24 -5.25 0 5.774 -18.5 0 5.774
2 24 -5.25 -4.1561 4.9301 -5.25 0 4.9301
2 24 -5.25 0 4.9301 -5.25 0 5.774
2 24 -18.5 -4.1561 4.9301 -18.5 0 4.9301
2 24 -18.5 0 4.9301 -18.5 0 5.774
4 16 -5.25 0 4.9301 -18.5 0 4.9301 -18.5 -4.1561 4.9301 -5.25 -4.1561 4.9301
4 16 -5.25 0 5.774 -18.5 0 5.774 -18.5 0 4.9301 -5.25 0 4.9301
1 16 0 -2.119 0 0 -5.25 0 -4.0747 0 0 0 0 8.1657 1-8cyli.dat
1 16 0 -2.119 0 0 1 0 -4.0747 0 0 0 0 8.1657 1-8edge.dat
1 16 -5.25 -2.119 0 0 1 0 -4.0747 0 0 0 0 8.1657 1-8edge.dat
1 16 0 -2.119 0 0 -1 0 -4.0747 0 0 0 0 8.1657 1-8chrd.dat
1 16 -5.25 -2.119 0 0 1 0 -4.0747 0 0 0 0 8.1657 1-8chrd.dat
4 16 -5.25 -6.1935 0 -5.25 -5 5.774 -5.25 -4.1561 4.9301 -5.25 -5 0
4 16 -5.25 -4.1561 4.9301 -5.25 -5 5.774 -5.25 0 5.774 -5.25 0 4.9301
1 16 -18.5 -2.119 0 0 -12.9046 0 -4.0747 0 0 0 0 8.1657 1-8cyli.dat
1 16 -18.5 -2.119 0 0 1 0 -4.0747 0 0 0 0 8.1657 1-8edge.dat
1 16 -18.5 -2.119 0 0 -1 0 -4.0747 0 0 0 0 8.1657 1-8chrd.dat
4 16 -18.5 -5 0 -18.5 -4.1561 4.9301 -18.5 -5 5.774 -18.5 -6.1935 0
4 16 -18.5 0 4.9301 -18.5 0 5.774 -18.5 -5 5.774 -18.5 -4.1561 4.9301
1 16 -31.405 -2.119 0 0 -0.76885 0 -4.0747 0 0 0 0 8.1657 1-8cyls.dat
1 16 -32.1719 -2.119 0 0.7673 1 0 -4.0747 0 0 0 0 8.1657 1-8edge.dat
1 16 -32.1719 -2.119 0 0.7673 1 0 -4.0747 0 0 0 0 8.1657 1-8chrd.dat
4 16 -33.5125 5 5.774 0 5 5.774 0 5.5917 4 -33.6239 5.5917 4
4 16 0 5.5917 0 0 5.5917 4 0 5 5.774 0 5 0
2 24 0 5 5.774 0 5.5917 4
4 16 -33.5125 5 0 -33.5125 5 5.774 -33.6239 5.5917 4 -33.6239 5.5917 0
2 24 -33.5125 5 5.774 -33.6239 5.5917 4
4 16 0 5 0 0 5 5.774 0 -5 5.774 0 -6.1935 0
4 16 -31.4046 -6.1935 0 -31.6293 -5 5.774 -33.5125 5 5.774 -33.5125 5 0
1 16 -28.6539 1.7773 4.774 1.22841 0 -0.231322 0.231322 0 1.22841 0 1 0 2-4cylc.dat
1 16 -28.6539 1.7773 5.774 1.22841 0 -0.231322 0.231322 0 1.22841 0 -1 0 2-4ndis.dat
1 16 -28.508 1 5.774 0.146381 0 1.22841 -0.777338 0 0.231322 0 -1 0 box3u8p.dat
1 16 -28.361 0.223 4.774 -1.22841 0 0.231322 -0.231322 0 -1.22841 0 1 0 2-4cylc.dat
1 16 -28.361 0.223 5.774 -1.22841 0 0.231322 -0.231322 0 -1.22841 0 -1 0 2-4ndis.dat
1 16 -23.5661 1.7773 4.774 1.22841 0 -0.231322 0.231322 0 1.22841 0 1 0 2-4cylc.dat
1 16 -23.5661 1.7773 5.774 1.22841 0 -0.231322 0.231322 0 1.22841 0 -1 0 2-4ndis.dat
1 16 -23.137 -0.5 5.774 0.428834 0 1.22841 -2.27727 0 0.231322 0 -1 0 box3u8p.dat
1 16 -22.7084 -2.7773 4.774 -1.22841 0 0.231322 -0.231322 0 -1.22841 0 1 0 2-4cylc.dat
1 16 -22.7084 -2.7773 5.774 -1.22841 0 0.231322 -0.231322 0 -1.22841 0 -1 0 2-4ndis.dat
4 16 0 5 5.774 -5.25 0 5.774 -5.25 -5 5.774 0 -5 5.774
2 24 0 -5 5.774 -5.25 -5 5.774
2 24 -18.5 -5 5.774 -31.6293 -5 5.774
2 24 0 5 5.774 -33.5125 5 5.774
2 24 0 -5 5.774 0 5 5.774
2 24 -5.25 -5 5.774 -5.25 0 5.774
2 24 -18.5 -5 5.774 -18.5 0 5.774
2 24 -31.6293 -5 5.774 -33.5125 5 5.774
4 16 -22.569 3.237 5.774 0 5 5.774 -33.5125 5 5.774 -27.6569 3.237 5.774
3 16 -27.6569 3.237 5.774 -24.7779 2.82108 5.774 -22.569 3.237 5.774
4 16 -22.569 3.237 5.774 -22.4267 2.48143 5.774 -5.25 0 5.774 0 5 5.774
3 16 -27.6569 3.237 5.774 -33.5125 5 5.774 -28.0161 3.16938 5.774
3 16 -33.5125 5 5.774 -30.1137 2.7744 5.774 -28.0161 3.16938 5.774
4 16 -31.6293 -5 5.774 -29.3583 -1.237 5.774 -30.1137 2.7744 5.774 -33.5125 5 5.774
3 16 -18.5 0 5.774 -22.2062 1.31014 5.774 -22.1909 1.22928 5.774
4 16 -24.9051 2.13324 5.774 -24.9315 2.27356 5.774 -27.6569 3.237 5.774 -27.6193 3.03723 5.774
3 16 -27.6569 3.237 5.774 -25.0258 2.7744 5.774 -24.7779 2.82108 5.774
3 16 -25.0258 2.7744 5.774 -27.6569 3.237 5.774 -24.9315 2.27356 5.774
4 16 -18.5 0 5.774 -5.25 0 5.774 -22.4267 2.48143 5.774 -22.2062 1.31014 5.774
4 16 -22.1909 1.22928 5.774 -21.2813 -3.60111 5.774 -18.5 -5 5.774 -18.5 0 5.774
4 16 -24.0914 -2.18777 5.774 -24.9051 2.13324 5.774 -27.6193 3.03723 5.774 -26.9015 -0.7744 5.774
3 16 -18.5 -5 5.774 -21.2487 -3.7744 5.774 -23.7055 -4.237 5.774
3 16 -21.2487 -3.7744 5.774 -18.5 -5 5.774 -21.2813 -3.60111 5.774
4 16 -29.3583 -1.237 5.774 -23.7055 -4.237 5.774 -24.0914 -2.18777 5.774 -26.9015 -0.7744 5.774
3 16 -23.7055 -4.237 5.774 -31.6293 -5 5.774 -18.5 -5 5.774
3 16 -31.6293 -5 5.774 -23.7055 -4.237 5.774 -29.3583 -1.237 5.774
0 NOFILE
0 FILE 75144 - 92582.dat
0 75144 - 92582
0 Name: 75144 - 92582.dat
0 Author: Roland Dahl [RolandD]
0 !LDRAW_ORG Unofficial_Part
0 !LICENSE Redistributable under CCAL version 2.0 : see CAreadme.txt
0 BFC CERTIFY CCW
1 16 0 4 0 1 0 0 0 -1 0 0 0 1 stud4.dat
1 16 0 8 0 16 0 0 0 -4 0 0 0 16 box5.dat
4 16 20 8 20 16 8 16 -16 8 16 -20 8 20
4 16 20 8 -20 16 8 -16 16 8 16 20 8 20
4 16 -20 8 -20 -16 8 -16 16 8 -16 20 8 -20
4 16 -20 8 20 -16 8 16 -16 8 -16 -20 8 -20
1 16 -10 8 0 0 0 -10 0 -8 0 20 0 0 box4-4a.dat
1 16 10 1 0 0 0 -1 0 1 0 1 0 0 s\75144 - 92582s01.dat
1 16 20 0.5 0 0 -1 0 0 0 -0.5 20 0 0 rect3.dat
1 16 0 4.5 0 0 20 0 -3.5 0 0 0 0 -20 box3u7a.dat
1 16 -10 0 10 -1 0 0 0 1 0 0 0 -1 stud.dat
1 16 -10 0 -10 -1 0 0 0 1 0 0 0 -1 stud.dat
0 NOFILE
0 FILE 75144 - submodel-029.ldr
0 75144 - submodel-029
0 Name: 75144 - submodel-029.ldr
0 Author: Roland Dahl [RolandD]
0 !LDRAW_ORG Unofficial_Model
0 !LICENSE Redistributable under CCAL version 2.0 : see CAreadme.txt
1 0 0 0 0 -1 0 0 0 -1 0 0 0 1 87079.dat
1 0 0 0 -30 -1 0 0 0 -1 0 0 0 1 2431.dat
1 72 0 -8 -10 0 0 -1 0 -1 0 -1 0 0 3021.dat
1 71 30 -8 -20 0 0 -1 0 -1 0 -1 0 0 63868.dat
1 71 -30 -8 -20 0 0 -1 0 -1 0 -1 0 0 63868.dat
1 71 20 -16 -10 1 0 0 0 -1 0 0 0 -1 6134.dat
1 71 -20 -16 -10 1 0 0 0 -1 0 0 0 -1 6134.dat
0 NOFILE
0 FILE 75144 - submodel-031.ldr
0 75144 - submodel-031
0 Name: 75144 - submodel-031.ldr
0 Author: Roland Dahl [RolandD]
0 !LDRAW_ORG Unofficial_Model
0 !LICENSE Redistributable under CCAL version 2.0 : see CAreadme.txt
1 1 0 0 0 1 0 0 0 1 0 0 0 1 3022.dat
1 0 10 -8 10 1 0 0 0 1 0 0 0 1 63864.dat
1 0 10 -8 -10 1 0 0 0 1 0 0 0 1 63864.dat
1 72 40 0 0 0 0 -1 0 1 0 1 0 0 43719.dat
0 NOFILE
0 FILE 75144 - 4-4cyl19sph40.dat
0 75144 - 4-4cyl19sph40
0 Name: 75144 - 4-4cyl19sph40.dat
0 Author: Roland Dahl [RolandD]
0 !LDRAW_ORG Unofficial_Part
0 !LICENSE Redistributable under CCAL version 2.0 : see CAreadme.txt
0 BFC CERTIFY CCW
1 16 0 -1.6 0 0.76 0 0 0 0.2526 0 0 0 0.76 4-4cyli.dat
2 24 0.76 -1.3795 0 0.7022 -1.3504 0.2909
2 24 0.7022 -1.3504 0.2909 0.6583 -1.3644 0.3565
2 24 0.6583 -1.3644 0.3565 0.5374 -1.3474 0.5374
2 24 0.3565 -1.3644 0.6583 0.5374 -1.3474 0.5374
2 24 0.2909 -1.3504 0.7022 0.3565 -1.3644 0.6583
2 24 0 -1.3795 0.76 0.2909 -1.3504 0.7022
2 24 0 -1.3795 -0.76 0.2909 -1.3504 -0.7022
2 24 0.2909 -1.3504 -0.7022 0.3565 -1.3644 -0.6583
2 24 0.3565 -1.3644 -0.6583 0.5374 -1.3474 -0.5374
2 24 0.5374 -1.3474 -0.5374 0.6583 -1.3644 -0.3565
2 24 0.6583 -1.3644 -0.3565 0.7022 -1.3504 -0.2909
2 24 0.7022 -1.3504 -0.2909 0.76 -1.3795 0
2 24 -0.7022 -1.3504 -0.2909 -0.76 -1.3795 0
2 24 -0.6583 -1.3644 -0.3565 -0.7022 -1.3504 -0.2909
2 24 -0.5374 -1.3474 -0.5374 -0.6583 -1.3644 -0.3565
2 24 -0.5374 -1.3474 -0.5374 -0.3565 -1.3644 -0.6583
2 24 -0.3565 -1.3644 -0.6583 -0.2909 -1.3504 -0.7022
2 24 -0.2909 -1.3504 -0.7022 0 -1.3795 -0.76
2 24 -0.2909 -1.3504 0.7022 0 -1.3795 0.76
2 24 -0.3565 -1.3644 0.6583 -0.2909 -1.3504 0.7022
2 24 -0.5374 -1.3474 0.5374 -0.3565 -1.3644 0.6583
2 24 -0.6583 -1.3644 0.3565 -0.5374 -1.3474 0.5374
2 24 -0.7022 -1.3504 0.2909 -0.6583 -1.3644 0.3565
2 24 -0.76 -1.3795 0 -0.7022 -1.3504 0.2909
0 NOFILE
0 FILE 75144 - 14704.dat
0 75144 - 14704
0 Name: 75144 - 14704.dat
0 Author: Roland Dahl [RolandD]
0 !LDRAW_ORG Unofficial_Part
0 !LICENSE Redistributable under CCAL version 2.0 : see CAreadme.txt
0 BFC CERTIFY CCW
1 16 0 4 0 1 0 0 0 -1 0 0 0 1 stud3.dat
1 16 0 8 0 16 0 0 0 -4 0 0 0 6 box4-4a.dat
4 16 -20 8 10 -16 8 6 -16 8 -6 -20 8 -10
4 16 20 8 -10 16 8 -6 16 8 6 20 8 10
4 16 20 8 10 16 8 6 -16 8 6 -20 8 10
1 16 3.25 8 -8 -1.75 0 0 0 -4 0 0 0 -1 box4-4a.dat
1 16 -3.25 8 -8 -1.75 0 0 0 -4 0 0 0 -1 box4-4a.dat
1 16 6 4 -7 -1 0 0 0 -4 0 0 0 1 1-4ndis.dat
1 16 -6 4 -7 0 0 1 0 -4 0 1 0 0 1-4ndis.dat
1 16 0 4 -7 1.5 0 0 0 -4 0 0 0 1 2-4ndis.dat
4 16 5 4 -7 1.5 4 -7 1.5 4 -6 5 4 -6
4 16 -1.5 4 -7 -5 4 -7 -5 4 -6 -1.5 4 -6
1 16 -6 8 -7 1 0 0 0 -4 0 0 0 1 1-4cylo.dat
1 16 6 8 -7 0 0 -1 0 -4 0 1 0 0 1-4cylo.dat
1 16 -6 8 -7 1 0 0 0 -1 0 0 0 1 1-4chrd.dat
1 16 6 8 -7 0 0 -1 0 -1 0 1 0 0 1-4chrd.dat
1 16 0 8 -7 1.5 0 0 0 -4 0 0 0 1 2-4cylo.dat
1 16 0 8 -7 1.5 0 0 0 -1 0 0 0 1 2-4chrd.dat
1 16 -11 6 -6 0 0 -5 2 0 0 0 -2 0 rect3.dat
1 16 11 6 -6 0 0 5 -2 0 0 0 -2 0 rect3.dat
4 16 16 8 -6 20 8 -10 10 8 -10 6 8 -6
4 16 -6 8 -6 -10 8 -10 -20 8 -10 -16 8 -6
4 16 -6 8 -6 -5 8 -7 -5 8 -9 -10 8 -10
4 16 5 8 -7 6 8 -6 10 8 -10 5 8 -9
4 16 -1.5 8 -7 1.5 8 -7 1.5 8 -9 -1.5 8 -9
4 16 -5 8 -9 5 8 -9 10 8 -10 -10 8 -10
1 16 0 8 0 20 0 0 0 -8 0 0 0 10 box4-4a.dat
1 16 15 4 -10 0 0 5 4 0 0 0 2 0 rect3.dat
1 16 -15 4 -10 0 0 -5 -4 0 0 0 2 0 rect3.dat
1 16 0 0 0 1 0 0 0 1 0 0 0 1 stug2-1x2.dat
1 16 0 4 -20 1 0 0 0 1 0 0 0 1 75144 - joint-8-socket-frica.dat
0 NOFILE
0 FILE 75144 - 92738.dat
0 75144 - 92738
0 Name: 75144 - 92738.dat
0 Author: Roland Dahl [RolandD]
0 !LDRAW_ORG Unofficial_Part
0 !LICENSE Redistributable under CCAL version 2.0 : see CAreadme.txt
0 BFC CERTIFY CCW
1 16 -4 -14.7744 -3.763 0 8 0 2.07912 0 3.91259 9.78148 0 -0.83165 box4.dat
1 16 4 -14.7744 -3.763 0 -2 0 0.62374 0 0.97815 2.93444 0 -0.20791 box5.dat
1 16 -4 -14.7744 -3.763 0 4 0 0.62374 0 0.97815 2.93444 0 -0.20791 box5.dat
1 16 0 -19.1406 -24.3041 -4 0 0 0 2.28703 3.91259 0 10.75962 -0.83165 4-4cylc.dat
1 16 0 -11.4479 11.8874 -4 0 0 0 -1.24747 3.91259 0 -5.86889 -0.83165 4-4cylc.dat
1 16 0 -24.9722 -11.8188 2.5 0 0 0 2.51475 2.44537 0 11.83099 -0.51978 4-4cylc.dat
1 16 0 -24.0366 -7.4171 1.76777 0 -1.76777 1.72914 0.20791 1.72914 -0.36754 0.97815 -0.36754 1-4edge.dat
1 16 0 -20.7516 8.0376 2.15 0 0 0 -2.03753 2.10302 0 -9.58585 -0.44701 4-4con1.dat
1 16 0 -20.7516 8.0376 4.3 0 0 0 -0.20791 4.20604 0 -0.97815 -0.89402 4-4disc.dat
1 16 0 -20.7516 8.0376 4.3 0 0 0 -0.20791 4.20604 0 -0.97815 -0.89402 4-4edge.dat
1 16 0 -18.791 -3.4204 0 0 2 1.03956 -2.81687 0 4.89074 0.59874 0 box4o4a.dat
1 16 0 -18.6236 1.6557 0 0 1.5784 -0.87221 1.03956 0 0.18539 4.89074 0 box3u5p.dat
4 16 -4 -20.7661 -12.7128 -4 -16.3763 -6.4895 -4 -14.42 -6.9053 -4 -12.941 -14.3761
4 16 -4 -8.7827 5.1868 -4 -12.941 -14.3761 -4 -14.42 -6.9053 -4 -13.1726 -1.0365
4 16 -4 -16.6079 6.8501 -4 -8.7827 5.1868 -4 -13.1726 -1.0365 -4 -15.1289 -0.6206
4 16 -4 -16.6079 6.8501 -4 -15.1289 -0.6206 -4 -16.3763 -6.4895 -4 -20.7661 -12.7128
4 16 4 -14.42 -6.9053 4 -16.3763 -6.4895 4 -20.7661 -12.7128 4 -12.941 -14.3761
4 16 4 -14.42 -6.9053 4 -12.941 -14.3761 4 -8.7827 5.1868 4 -13.1726 -1.0365
4 16 4 -13.1726 -1.0365 4 -8.7827 5.1868 4 -16.6079 6.8501 4 -15.1289 -0.6206
4 16 4 -16.3763 -6.4895 4 -15.1289 -0.6206 4 -16.6079 6.8501 4 -20.7661 -12.7128
2 24 2 -22.6474 -7.7124 2 -21.0682 -0.2831
2 24 2 -21.0683 -0.2831 2 -20.1898 1.0608
2 24 2 -20.1898 1.0608 2 -19.7714 1.8997
2 24 2 -19.7714 1.8997 1.1586 -19.2214 1.7828
2 24 0 -16.8835 6.3976 1.5784 -17.1906 6.4628
2 24 1.5784 -19.4958 1.8411 1.5784 -17.1908 6.4623
2 24 1.7678 -22.3075 -7.7847 2 -22.6474 -7.7124
1 16 0 6 0 4 0 0 0 -15.035 0 0 0 4 4-4cyli.dat
1 16 0 6 0 4 0 0 0 -1 0 0 0 4 4-4edge.dat
1 16 0 6 0 4 0 0 0 -1 0 0 0 4 4-4disc.dat
1 16 0 -9.035 0 0 0 -4 0 -0.85023 0 4 0 0 4-4cyls.dat
1 16 0 -9.8852 0 0 0 -4 0.85023 1 0 4 0 0 4-4edge.dat
1 16 -1.8 -9.8 -5.3 0 3.6 0 -1.03956 0 4.89074 -4.89074 0 -1.03956 1-4cylo.dat
1 16 -1.8 -9.8 -5.3 0 1 0 -1.03956 0 4.89074 -4.89074 0 -1.03956 1-4chrd.dat
1 16 1.8 -9.8 -5.3 0 -1 0 -1.03956 0 4.89074 -4.89074 0 -1.03956 1-4chrd.dat
1 16 0 -11.4193 -10.0675 1.8 0 0 0 0 -0.5797 0 1 0.1232 rect3.dat
1 16 0 -4.60915 -4.92765 -1.8 0 0 0 -1 0.30015 0 0 1.41195 rect3.dat
2 24 -1.5308 -4.3473 -3.6956 -1.8 -4.309 -3.5157
2 24 -1.5308 -4.3473 -3.6956 0 -4.412 -4
2 24 0 -4.412 -4 1.5308 -4.3473 -3.6956
2 24 1.5308 -4.3473 -3.6956 1.8 -4.309 -3.5157
4 16 1.8 -11.999 -9.9443 1.8 -10.8396 -10.1907 1.8 -4.9093 -6.3396 1.8 -4.309 -3.5157
2 24 1.8 -4.309 -3.5157 1.8 -10.6325 -3.5157
2 24 1.8 -11.999 -9.9443 1.8 -10.6325 -3.5157
3 16 1.8 -10.6325 -3.5157 1.8 -11.999 -9.9443 1.8 -4.309 -3.5157
4 16 -1.8 -4.9093 -6.3396 -1.8 -10.8396 -10.1907 -1.8 -11.999 -9.9443 -1.8 -4.309 -3.5157
2 24 -1.8 -4.309 -3.5157 -1.8 -10.6325 -3.5157
2 24 -1.8 -11.999 -9.9443 -1.8 -10.6325 -3.5157
3 16 -1.8 -11.999 -9.9443 -1.8 -10.6325 -3.5157 -1.8 -4.309 -3.5157
2 24 -2 -22.6474 -7.7124 -2 -21.0682 -0.2831
2 24 -2 -21.0683 -0.2831 -2 -20.1898 1.0608
2 24 -2 -20.1898 1.0608 -2 -19.7714 1.8997
2 24 -2 -19.7714 1.8997 -1.1586 -19.2214 1.7828
2 24 0 -16.8835 6.3976 -1.5784 -17.1906 6.4628
2 24 -1.5784 -19.4958 1.8411 -1.5784 -17.1908 6.4623
2 24 -1.7678 -22.3075 -7.7847 -2 -22.6474 -7.7124
0 NOFILE
0 FILE 75144 - submodel-059.ldr
0 75144 - submodel-059
0 Name: 75144 - submodel-059.ldr
0 Author: Roland Dahl [RolandD]
0 !LDRAW_ORG Unofficial_Model
0 !LICENSE Redistributable under CCAL version 2.0 : see CAreadme.txt
1 72 0 0 0 1 0 0 0 1 0 0 0 1 32000.dat
1 1 -10 10 -10 0 0 1 0 1 0 -1 0 0 4274.dat
1 70 10 -8 0 0 0 1 0 1 0 -1 0 0 98138.dat
1 70 -10 10 -18 0 0 1 1 0 0 0 1 0 98138.dat
0 NOFILE
0 FILE s\75144 - 13971s01.dat
0 S\75144 - 13971s01
0 Name: s\75144 - 13971s01.dat
0 Author: Roland Dahl [RolandD]
0 !LDRAW_ORG Unofficial_Part
0 !LICENSE Redistributable under CCAL version 2.0 : see CAreadme.txt
0 BFC CERTIFY CCW
4 16 10.0812 4.3136 9.888 10.4486 1.5216 10 19.8376 1.3316 8.81 19.3182 3.7274 8.74
3 16 8.851 5.1101 10 10.4486 1.5216 10 10.0812 4.3136 9.888
4 16 1.3049 10.8874 9.888 3.9065 9.8096 10 8.7656 17.8457 8.81 6.4311 18.5938 8.74
3 16 0 10.2202 10 3.9065 9.8096 10 1.3049 10.8874 9.888
4 16 12.8872 14.8664 8.74 11.072 16.5141 8.81 6.5421 8.288 10 8.7763 6.5738 9.888
3 16 8.7763 6.5738 9.888 6.5421 8.288 10 8.851 5.1101 10
4 16 19.1318 1.3459 8.8995 10.4486 1.5217 10 10.4486 1.5217 5.5 19.1318 1.3459 5.5
1 16 10.4486 0.76085 7.75 0 -1 0 0.76085 0 0 0 0 2.25 rect2a.dat
4 16 8.4115 17.2601 8.8967 3.9065 9.8096 10 3.9065 9.8096 5.5 8.4115 17.2601 5.5
1 16 5.2243 9.04875 7.75 -1.3178 0 0 0.76085 -1 0 0 0 2.25 rect3.dat
4 16 6.5421 8.2879 10 10.666 15.7769 8.9167 10.666 15.7769 5.5 6.5421 8.2879 5.5
4 16 12.6278 14.3429 8.8125 8.7764 6.5739 9.888 8.7764 6.5739 5.5 12.6278 14.3429 5.5
4 16 8.7764 6.5739 9.888 8.851 5.1101 10 8.851 5.1101 5.5 8.7764 6.5739 5.5
4 16 8.851 5.1101 10 10.0813 4.3136 9.888 10.0813 4.3136 5.5 8.851 5.1101 5.5
4 16 10.0813 4.3136 9.888 18.5811 3.7743 8.8316 18.5811 3.7743 5.5 10.0813 4.3136 5.5
4 16 0 10.2202 10 1.305 10.8875 9.888 1.305 10.8875 5.5 0 10.2202 5.5
4 16 1.305 10.8875 9.888 6.1026 18.1001 8.8136 6.1026 18.1001 5.5 1.305 10.8875 5.5
5 24 8.7764 6.5739 9.888 8.7764 6.5739 5.5 8.851 5.1101 10 12.6278 14.3429 8.8125
5 24 8.851 5.1101 10 8.851 5.1101 5.5 10.0813 4.3136 9.888 8.7764 6.5739 9.888
5 24 0 10.2202 10 0 10.2202 5.5 1.3049 10.8875 9.888 -1.305 10.8875 9.888
5 24 10.0813 4.3136 9.888 10.0813 4.3136 5.5 18.5811 3.7743 8.8316 8.851 5.1101 10
5 24 1.305 10.8875 9.888 1.305 10.8875 5.5 6.1026 18.1001 8.8136 0 10.2202 10
2 24 10.4486 1.5217 10 19.1318 1.3459 8.8995
2 24 8.851 5.1101 10 10.0813 4.3136 9.888
2 24 18.5811 3.7743 8.8316 10.0813 4.3136 9.888
2 24 3.9065 9.8096 10 8.4115 17.2601 8.8967
2 24 0 10.2202 10 1.305 10.8875 9.888
2 24 6.1026 18.1001 8.8136 1.305 10.8875 9.888
2 24 6.5421 8.2879 10 10.666 15.7769 8.9167
2 24 8.851 5.1101 10 8.7764 6.5739 9.888
2 24 12.6278 14.3429 8.8125 8.7764 6.5739 9.888
4 16 3.9065 9.8096 10 0 10.2202 10 0 9 10 3.4443 8.3151 10
4 16 6.5421 8.2879 10 3.9065 9.8096 10 3.4443 8.3151 10 6.3639 6.3639 10
4 16 8.851 5.1101 10 6.5421 8.2879 10 6.3639 6.3639 10 8.3151 3.4443 10
4 16 10.4486 1.5217 10 8.851 5.1101 10 8.3151 3.4443 10 9 0 10
3 16 10.4486 1.5217 10 9 0 10 10.4486 0 10
2 24 18.5811 3.7742 8.8316 19.1318 1.3459 8.8995
2 24 7.397 17.8575 8.8284 8.4115 17.2601 8.8967
2 24 10.666 15.7769 8.9166 12.6277 14.343 8.8125
2 24 6.1026 18.1 8.8136 7.397 17.8575 8.8284
2 24 13.2085 1.4658 5.5 13.2085 1.4658 7
2 24 12.675 4.149 5.5 12.675 4.149 7
2 24 9.95 8.9412 5.5 9.95 8.9412 7
2 24 5.4159 12.3059 5.5 5.4159 12.3059 7
2 24 7.8565 10.6749 5.5 7.8565 10.6749 7
2 24 2.6873 12.9656 5.5 2.6873 12.9656 7
2 24 10.0813 4.3136 7 12.675 4.149 7
2 24 10.4486 1.5217 7 13.2085 1.4658 7
2 24 10.4486 1.5217 7 10.4486 0 7
2 24 9.95 8.9412 7 8.7764 6.5739 7
2 24 8.7764 6.5739 7 8.851 5.1101 7
2 24 8.851 5.1101 7 10.0813 4.3136 7
2 24 5.4159 12.3059 7 3.9065 9.8096 7
2 24 3.9065 9.8096 7 6.5421 8.2879 7
2 24 7.8565 10.6749 7 6.5421 8.2879 7
2 24 0 10.2202 7 1.305 10.8875 7
2 24 2.6873 12.9656 7 1.305 10.8875 7
2 24 13.2085 1.4658 5.5 17.7267 1.3743 5.5
2 24 12.675 4.149 5.5 17.2325 3.8598 5.5
2 24 12.0513 13.1799 5.5 9.95 8.9412 5.5
2 24 7.702 16.0866 5.5 5.4159 12.3059 5.5
2 24 9.9933 14.5553 5.5 7.8565 10.6749 5.5
2 24 5.3309 16.94 5.5 2.6873 12.9656 5.5
2 24 17.7267 1.3743 7.5 19.1318 1.3459 8.8994
2 24 17.2325 3.8598 7.5 18.5811 3.7743 8.8316
2 24 7.702 16.0866 7.5 8.4115 17.2601 8.8967
2 24 9.9933 14.5553 7.5 10.666 15.7769 8.9167
2 24 12.0513 13.1799 7.5 12.6278 14.3429 8.8125
2 24 5.3309 16.94 7.5 6.1026 18.1001 8.8136
2 24 17.7267 1.3743 5.5 17.7267 1.3743 7.5
2 24 17.2325 3.8598 5.5 17.2325 3.8598 7.5
2 24 7.702 16.0866 5.5 7.702 16.0866 7.5
2 24 9.9933 14.5553 5.5 9.9933 14.5553 7.5
2 24 12.0513 13.1799 5.5 12.0513 13.1799 7.5
2 24 5.3309 16.94 5.5 5.3309 16.94 7.5
5 24 10.4486 1.5216 10 8.851 5.1101 10 10.0812 4.3136 9.888 9 0 10
5 24 3.9065 9.8096 10 0 10.2202 10 1.3049 10.8874 9.888 3.4443 8.3151 10
5 24 8.851 5.1101 10 6.5421 8.288 10 8.7763 6.5738 9.888 8.3151 3.4443 10
0 NOFILE
0 FILE 75144 - submodel-076.ldr
0 75144 - submodel-076
0 Name: 75144 - submodel-076.ldr
0 Author: Roland Dahl [RolandD]
0 !LDRAW_ORG Unofficial_Model
0 !LICENSE Redistributable under CCAL version 2.0 : see CAreadme.txt
1 71 0 0 0 1 0 0 0 1 0 0 0 1 62462.dat
1 71 20 0 0 1 0 0 0 1 0 0 0 1 4274.dat
0 NOFILE
0 FILE 75144 - submodel-080.ldr
0 75144 - submodel-080
0 Name: 75144 - submodel-080.ldr
0 Author: Roland Dahl [RolandD]
0 !LDRAW_ORG Unofficial_Model
0 !LICENSE Redistributable under CCAL version 2.0 : see CAreadme.txt
1 72 0 0 0 1 0 0 0 1 0 0 0 1 32000.dat
1 1 10 10 -10 0 0 1 0 1 0 -1 0 0 4274.dat
1 70 -10 -8 0 0 0 1 0 1 0 -1 0 0 98138.dat
1 70 10 10 -18 0 0 1 1 0 0 0 1 0 98138.dat
0 NOFILE
0 FILE 75144 - 24248.dat
0 75144 - 24248
0 Name: 75144 - 24248.dat
0 Author: Roland Dahl [RolandD]
0 !LDRAW_ORG Unofficial_Part
0 !LICENSE Redistributable under CCAL version 2.0 : see CAreadme.txt
0 BFC CERTIFY CCW
4 16 80 72 -110 -80 72 -110 -76 72 -106 76 72 -106
4 16 -80 72 -110 -80 72 10 -76 72 6 -76 72 -106
4 16 -80 72 10 -70 72 10 -70 72 6 -76 72 6
4 16 -60 72 0 -60 72 -90 -64 72 -94 -64 72 0
4 16 -60 72 -90 60 72 -90 64 72 -94 -64 72 -94
4 16 64 72 -94 60 72 -90 60 72 0 64 72 0
4 16 70 72 6 70 72 10 80 72 10 76 72 6
4 16 76 72 6 80 72 10 80 72 -110 76 72 -106
2 24 60 72 0 64 72 0
2 24 -60 72 0 -64 72 0
2 24 -80 72 10 -70 72 10
2 24 -70 72 10 -70 72 6
2 24 80 72 10 70 72 10
1 16 0 70 6 0 0 -76 2 0 0 0 -112 0 box3u2p.dat
1 16 0 70 0 0 0 -64 2 0 0 0 -94 0 box3u2p.dat
1 16 73 70 6 0 0 -3 2 0 0 0 1 0 rect3.dat
1 16 -73 70 6 0 0 3 2 0 0 0 1 0 rect3.dat
1 16 0 68 -100 -1 0 0 0 -1 0 0 0 1 stug3-1x7.dat
1 16 -70 68 -50 0 0 -1 0 -1 0 -1 0 0 stug3-1x5.dat
1 16 70 68 -50 0 0 -1 0 -1 0 -1 0 0 stug3-1x5.dat
4 16 -70 68 0 -64 68 0 -64 68 -94 -76 68 -106
4 16 76 68 -106 64 68 -94 64 68 0 70 68 0
4 16 -76 68 -106 -64 68 -94 64 68 -94 76 68 -106
4 16 -70 68 6 -70 68 0 -76 68 -106 -76 68 6
1 16 -64 68 6 -6 0 0 0 -1 0 0 0 -6 1-4ndis.dat
4 16 76 68 -106 70 68 0 70 68 6 76 68 6
1 16 64 68 6 6 0 0 0 -1 0 0 0 -6 1-4ndis.dat
1 16 0 68 0 0 0 -60 4 0 0 0 -90 0 box3u2p.dat
1 16 0 70 10 0 0 -80 2 0 0 0 -120 0 box3u2p.dat
3 16 74.654107 64 10 80 68 10 80 72 10
4 16 70 72 10 70 64 10 74.654107 64 10 80 72 10
4 16 70 72 10 70 72 6 70 68 6 70 64 10
3 16 70 64 6 70 64 10 70 68 6
1 16 64 68 6 6 0 0 0 -4 0 0 0 -6 1-4cylo.dat
4 16 60 64 0 64 68 0 64 72 0 60 72 0
3 16 64 64 0 64 68 0 60 64 0
4 16 -64 72 0 -64 68 0 -60 64 0 -60 72 0
3 16 -60 64 0 -64 68 0 -64 64 0
1 16 -64 68 6 -6 0 0 0 -4 0 0 0 -6 1-4cylo.dat
4 16 -70 68 6 -70 72 6 -70 72 10 -70 64 10
3 16 -70 68 6 -70 64 10 -70 64 6
3 16 -80 68 10 -74.654107 64 10 -80 72 10
4 16 -74.654107 64 10 -70 64 10 -70 72 10 -80 72 10
2 24 74.654107 64 10 70 64 10
2 24 70 64 10 70 72 10
2 24 64 64 0 60 64 0
2 24 -60 64 0 -64 64 0
2 24 -70 64 6 -70 64 10
2 24 70 64 6 70 64 10
2 24 -70 64 10 -70 72 10
2 24 -70 64 10 -74.654107 64 10
4 16 -74.65411 64 -97.00413 -70 64 0 -70 64 6 -74.65411 64 10
3 16 -70 64 10 -74.65411 64 10 -70 64 6
1 16 -64 64 6 -6 0 0 0 1 0 0 0 -6 1-4ndis.dat
4 16 -64 64 0 -70 64 0 -74.65411 64 -97.00413 -60 64 -90
3 16 -60 64 0 -64 64 0 -60 64 -90
4 16 60 64 -90 -60 64 -90 -74.65411 64 -97.00413 74.65411 64 -97.00413
1 16 64 64 6 6 0 0 0 1 0 0 0 -6 1-4ndis.dat
3 16 60 64 -90 64 64 0 60 64 0
4 16 70 64 0 64 64 0 60 64 -90 74.65411 64 -97.00413
4 16 70 64 6 70 64 0 74.65411 64 -97.00413 74.65411 64 10
3 16 74.65411 64 10 70 64 10 70 64 6
2 24 74.65411 64 -97.00413 74.65411 64 10
2 24 -74.65411 64 -97.00413 -74.65411 64 10
2 24 -74.65411 64 -97.00413 74.65411 64 -97.00413
1 16 0 3 1.43801 56.71293 0 0 0 -1 0 0 0 8.56199 rect.dat
4 16 56.71293 3 10 60 0 10 80 68 10 74.65411 64 10
4 16 -80 68 10 -60 0 10 -56.71293 3 10 -74.65411 64 10
4 16 56.71293 3 10 -56.71293 3 10 -60 0 10 60 0 10
2 24 60 0 10 80 68 10
2 24 56.71293 3 10 74.65411 64 10
2 24 -56.71293 3 10 -74.65411 64 10
2 24 -60 0 10 -80 68 10
4 16 56.71293 3 -7.12398 56.71293 3 10 74.65411 64 10 74.65411 64 -97.00413
4 16 74.65411 64 -97.00413 -74.65411 64 -97.00413 -56.71293 3 -7.12398 56.71293 3 -7.12398
4 16 -56.71293 3 10 -56.71293 3 -7.12398 -74.65411 64 -97.00413 -74.65411 64 10
2 24 74.65411 64 -97.00413 56.71293 3 -7.12398
2 24 -74.65411 64 -97.00413 -56.71293 3 -7.12398
1 16 0 0 0 60 0 0 0 1 0 0 0 10 rect.dat
4 16 80 68 10 60 0 10 60 0 -10 80 68 -110
4 16 60 0 -10 -60 0 -10 -80 68 -110 80 68 -110
4 16 -60 0 -10 -60 0 10 -80 68 10 -80 68 -110
2 24 60 0 -10 80 68 -110
2 24 -60 0 -10 -80 68 -110
1 16 0 0 0 0 0 -1 0 1 0 1 0 0 stug2-6x1.dat
0 NOFILE
0 FILE s\75144 - 92582s01.dat
0 S\75144 - 92582s01
0 Name: s\75144 - 92582s01.dat
0 Author: Roland Dahl [RolandD]
0 !LDRAW_ORG Unofficial_Part
0 !LICENSE Redistributable under CCAL version 2.0 : see CAreadme.txt
0 BFC CERTIFY CCW
1 16 0 -6.24 -6.794 0 0 -3.48 5.24 0 0 -0.794 1 0 rect1.dat
1 16 0 -6.24 6.794 0 0 3.48 5.24 0 0 0.794 -1 0 rect1.dat
1 16 3.48 -1 -7.068 0.52 0 0 0 1 0 0 0 -0.52 1-4edge.dat
1 16 3.48 -1 -7.068 0.52 0 0 0 -10.48 0 0 1.588 -0.52 1-4cyli.dat
1 16 3.48 -11.48 -5.48 0.52 0 0 0 -0.52 0 0 0 -0.52 1-8sphe.dat
1 16 3.48 -11.48 -5.48 0 -6.96 0 -0.52 0 0 0 0 -0.52 1-4cyli.dat
1 16 -3.48 -11.48 -5.48 -0.52 0 0 0 -0.52 0 0 0 -0.52 1-8sphe.dat
1 16 -3.48 -1 -7.068 -0.52 0 0 0 -10.48 0 0 1.588 -0.52 1-4cyli.dat
1 16 -3.48 -1 -7.068 -0.52 0 0 0 1 0 0 0 -0.52 1-4edge.dat
1 16 3.48 -1 7.068 0.52 0 0 0 1 0 0 0 0.52 1-4edge.dat
1 16 3.48 -1 7.068 0.52 0 0 0 -10.48 0 0 -1.588 0.52 1-4cyli.dat
1 16 3.48 -11.48 5.48 0.52 0 0 0 -0.52 0 0 0 0.52 1-8sphe.dat
1 16 3.48 -11.48 5.48 0 -6.96 0 -0.52 0 0 0 0 0.52 1-4cyli.dat
1 16 -3.48 -11.48 5.48 -0.52 0 0 0 -0.52 0 0 0 0.52 1-8sphe.dat
1 16 -3.48 -1 7.068 -0.52 0 0 0 -10.48 0 0 -1.588 0.52 1-4cyli.dat
1 16 -3.48 -1 7.068 -0.52 0 0 0 1 0 0 0 0.52 1-4edge.dat
1 16 -2 -7 0 0 1 0 2.25 0 0 0 0 2.25 4-4disc.dat
1 16 -2 -7 0 0 1 0 2.25 0 0 0 0 2.25 4-4edge.dat
1 16 -2.25 -7 0 0 0.25 0 2.25 0 0 0 0 2.25 4-4cyli.dat
1 16 -2.25 -7 0 0 1 0 2.25 0 0 0 0 2.25 4-4edge.dat
1 16 -3 -7 0 0 0.75 0 0.75 0 0 0 0 0.75 4-4con3.dat
1 16 -4 -7 0 0 1 0 -0.707 0 0.707 -0.707 0 -0.707 1-4con3.dat
1 16 -4 -7 0 0 1 0 0.707 0 0.707 -0.707 0 0.707 1-4con3.dat
1 16 -4 -7 0 0 1 0 0.707 0 -0.707 0.707 0 0.707 1-4con3.dat
1 16 -4 -7 0 0 1 0 -2.828 0 2.828 -2.828 0 -2.828 3-4edge.dat
1 16 -4 -7 0 0 1 0 -2.82843 0 2.82843 -2.82843 0 -2.82843 1-8ndis.dat
1 16 -4 -7 0 0 1 0 0 0 4 -4 0 0 2-4ndis.dat
1 16 -4 -7 0 0 1 0 -2.82843 0 2.82843 2.82843 0 2.82843 1-8ndis.dat
1 16 2 -7 0 0 -1 0 2.25 0 0 0 0 -2.25 4-4disc.dat
1 16 2 -7 0 0 -1 0 2.25 0 0 0 0 -2.25 4-4edge.dat
1 16 2.25 -7 0 0 -0.25 0 2.25 0 0 0 0 -2.25 4-4cyli.dat
1 16 2.25 -7 0 0 -1 0 2.25 0 0 0 0 -2.25 4-4edge.dat
1 16 3 -7 0 0 -0.75 0 0.75 0 0 0 0 -0.75 4-4con3.dat
1 16 4 -7 0 0 -1 0 -0.707 0 0.707 0.707 0 0.707 1-4con3.dat
1 16 4 -7 0 0 -1 0 0.707 0 0.707 0.707 0 -0.707 1-4con3.dat
1 16 4 -7 0 0 -1 0 0.707 0 -0.707 -0.707 0 -0.707 1-4con3.dat
1 16 4 -7 0 0 -1 0 -2.828 0 2.828 2.828 0 2.828 3-4edge.dat
1 16 4 -7 0 0 -1 0 -2.82843 0 2.82843 -2.82843 0 -2.82843 1-8ndis.dat
1 16 4 -7 0 0 -1 0 0 0 4 4 0 0 2-4ndis.dat
1 16 4 -7 0 0 -1 0 -2.82843 0 2.82843 2.82843 0 2.82843 1-8ndis.dat
1 16 3.48 -11.48 5.48 0.52 0 0 0 -0.16 -0.52 0 -1.48 0 1-4cyli.dat
1 16 3.48 -11.64 4 0.52 0 0 0 0 -0.52 0 -1 0 1-4edge.dat
1 16 3.48 -11.64 4 0.52 0 0 0 0 -0.52 0 1 0 1-4chrd.dat
1 16 3.48 -11.48 -5.48 0.52 0 0 0 -0.16 -0.52 0 1.48 0 1-4cyli.dat
1 16 3.48 -11.64 -4 0.52 0 0 0 0 -0.52 0 -1 0 1-4edge.dat
1 16 3.48 -11.64 -4 0.52 0 0 0 0 -0.52 0 -1 0 1-4chrd.dat
1 16 -3.48 -11.48 -5.48 -0.52 0 0 0 -0.16 -0.52 0 1.48 0 1-4cyli.dat
1 16 -3.48 -11.64 -4 -0.52 0 0 0 0 -0.52 0 -1 0 1-4edge.dat
1 16 -3.48 -11.64 -4 -0.52 0 0 0 0 -0.52 0 -1 0 1-4chrd.dat
1 16 -3.48 -11.48 5.48 -0.52 0 0 0 -0.16 -0.52 0 -1.48 0 1-4cyli.dat
1 16 -3.48 -11.64 4 -0.52 0 0 0 0 -0.52 0 -1 0 1-4edge.dat
1 16 -3.48 -11.64 4 -0.52 0 0 0 0 -0.52 0 1 0 1-4chrd.dat
4 16 -3.48 -12 5.48 -3.075 -12.16 4 3.075 -12.16 4 3.48 -12 5.48
3 16 3.48 -12 5.48 3.075 -12.16 4 3.48 -12.16 4
3 16 -3.48 -12.16 4 -3.075 -12.16 4 -3.48 -12 5.48
2 24 3.48 -12.16 4 3.075 -12.16 4
2 24 -3.48 -12.16 4 -3.075 -12.16 4
4 16 -3.075 -12.16 4 -3 -12.35 2.26 3 -12.35 2.26 3.075 -12.16 4
2 24 3.075 -12.16 4 3 -12.35 2.26
5 24 3 -12.35 2.26 -3 -12.35 2.26 0 -12.35 -2.26 0 -12 4
2 24 -3.075 -12.16 4 -3 -12.35 2.26
4 16 -3 -12.35 2.26 -3 -12.35 -2.26 3 -12.35 -2.26 3 -12.35 2.26
2 24 3 -12.35 -2.26 3 -12.35 2.26
5 24 -3 -12.35 -2.26 3 -12.35 -2.26 0 -12.35 2.26 0 -12 -4
2 24 -3 -12.35 -2.26 -3 -12.35 2.26
4 16 3.075 -12.16 -4 3 -12.35 -2.26 -3 -12.35 -2.26 -3.075 -12.16 -4
2 24 3.075 -12.16 -4 3 -12.35 -2.26
2 24 -3.075 -12.16 -4 -3 -12.35 -2.26
4 16 3.48 -12 -5.48 3.075 -12.16 -4 -3.075 -12.16 -4 -3.48 -12 -5.48
3 16 3.48 -12.16 -4 3.075 -12.16 -4 3.48 -12 -5.48
3 16 -3.48 -12 -5.48 -3.075 -12.16 -4 -3.48 -12.16 -4
2 24 3.48 -12.16 -4 3.075 -12.16 -4
2 24 -3.48 -12.16 -4 -3.075 -12.16 -4
4 16 4 -9.828 -2.828 3 -9.121 -2.121 3 -9.772 -1.148 3.752 -10.45 -1.446
4 16 3.752 -10.45 -1.446 3 -9.772 -1.148 3 -10 0 3.67 -10.66 0
4 16 3.67 -10.66 0 3 -10 0 3 -9.772 1.148 3.752 -10.45 1.446
4 16 3.752 -10.45 1.446 3 -9.772 1.148 3 -9.121 2.121 4 -9.828 2.828
5 24 3.752 -10.45 -1.446 3 -9.772 -1.148 4 -9.828 -2.828 3 -10 0
5 24 3.752 -10.45 1.446 3 -9.772 1.148 4 -9.828 2.828 3 -10 0
5 24 3.67 -10.66 0 3 -10 0 3.752 -10.45 -1.446 3.752 -10.52 1.446
2 24 3.752 -10.45 1.446 3.67 -10.67 0
2 24 4 -9.828 2.828 3.752 -10.45 1.446
2 24 4 -9.828 2.828 4 -9.828 4
2 24 3.075 -12.16 4 4 -9.828 4
2 24 4 -9.828 4 4 -11.64 4
2 24 4 -9.828 -2.828 4 -9.828 -4
2 24 3.075 -12.16 -4 4 -9.828 -4
2 24 4 -9.828 -4 4 -11.64 -4
2 24 3.752 -10.45 -1.446 4 -9.828 -2.828
2 24 3.752 -10.45 -1.446 3.67 -10.67 0
4 16 3 -12.35 0 3.67 -10.66 0 3.752 -10.45 1.446 3 -12.35 2.26
4 16 4 -9.828 2.828 3.075 -12.16 4 3 -12.35 2.26 3.752 -10.45 1.446
4 16 3.752 -10.45 -1.446 3 -12.35 -2.26 3.075 -12.16 -4 4 -9.828 -2.828
4 16 3 -12.35 -2.26 3.752 -10.45 -1.446 3.67 -10.66 0 3 -12.35 0
3 16 4 -9.828 2.828 4 -9.828 4 3.075 -12.16 4
3 16 3.075 -12.16 -4 4 -9.828 -4 4 -9.828 -2.828
4 16 4 -11.64 -4 4 -9.828 -4 3.075 -12.16 -4 3.48 -12.16 -4
4 16 3.48 -12.16 4 3.075 -12.16 4 4 -9.828 4 4 -11.64 4
4 16 4 -9.828 4 4 -7 5.656 4 -11.48 5.48 4 -11.64 4
3 16 4 -9.828 4 4 -9.828 2.828 4 -7 5.656
4 16 4 -1 7.068 4 -7 5.656 4 -7 4 4 -3 4
3 16 4 -11.48 5.48 4 -7 5.656 4 -1 7.068
3 16 4 -3 0 4 -3 -4 4 -1 -7.068
4 16 4 -3 0 4 -1 -7.068 4 -1 7.068 4 -3 4
4 16 4 -11.64 -4 4 -11.48 -5.48 4 -7 -5.656 4 -9.828 -4
3 16 4 -7 -5.656 4 -9.828 -2.828 4 -9.828 -4
4 16 4 -3 -4 4 -7 -4 4 -7 -5.656 4 -1 -7.068
3 16 4 -1 -7.068 4 -7 -5.656 4 -11.48 -5.48
4 16 -3 -9.772 1.148 -3.752 -10.45 1.446 -4 -9.828 2.828 -3 -9.121 2.121
4 16 -3.752 -10.45 1.446 -3 -9.772 1.148 -3 -10 0 -3.67 -10.66 0
4 16 -3.67 -10.66 0 -3 -10 0 -3 -9.772 -1.148 -3.752 -10.45 -1.446
4 16 -3.752 -10.45 -1.446 -3 -9.772 -1.148 -3 -9.121 -2.121 -4 -9.828 -2.828
5 24 -3.752 -10.45 1.446 -3 -9.772 1.148 -4 -9.828 2.828 -3 -10 0
5 24 -3.752 -10.45 -1.446 -3 -9.772 -1.148 -4 -9.828 -2.828 -3 -10 0
5 24 -3.67 -10.66 0 -3 -10 0 -3.752 -10.45 1.446 -3.752 -10.52 -1.446
2 24 -3.752 -10.45 -1.446 -3.67 -10.67 0
2 24 -4 -9.828 -2.828 -3.752 -10.45 -1.446
2 24 -4 -9.828 -2.828 -4 -9.828 -4
2 24 -3.075 -12.16 -4 -4 -9.828 -4
2 24 -4 -9.828 -4 -4 -11.64 -4
2 24 -4 -9.828 2.828 -4 -9.828 4
2 24 -3.075 -12.16 4 -4 -9.828 4
2 24 -4 -9.828 4 -4 -11.64 4
2 24 -3.752 -10.45 1.446 -4 -9.828 2.828
2 24 -3.752 -10.45 1.446 -3.67 -10.67 0
4 16 -3 -12.35 0 -3.67 -10.66 0 -3.752 -10.45 -1.446 -3 -12.35 -2.26
4 16 -4 -9.828 -2.828 -3.075 -12.16 -4 -3 -12.35 -2.26 -3.752 -10.45 -1.446
4 16 -3.075 -12.16 4 -4 -9.828 2.828 -3.752 -10.45 1.446 -3 -12.35 2.26
4 16 -3.67 -10.66 0 -3 -12.35 0 -3 -12.35 2.26 -3.752 -10.45 1.446
3 16 -4 -9.828 -2.828 -4 -9.828 -4 -3.075 -12.16 -4
3 16 -4 -9.828 4 -4 -9.828 2.828 -3.075 -12.16 4
4 16 -3.48 -12.16 -4 -3.075 -12.16 -4 -4 -9.828 -4 -4 -11.64 -4
4 16 -4 -11.64 4 -4 -9.828 4 -3.075 -12.16 4 -3.48 -12.16 4
4 16 -4 -11.64 4 -4 -11.48 5.48 -4 -7 5.656 -4 -9.828 4
3 16 -4 -7 5.656 -4 -9.828 2.828 -4 -9.828 4
4 16 -4 -3 4 -4 -7 4 -4 -7 5.656 -4 -1 7.068
3 16 -4 -1 7.068 -4 -7 5.656 -4 -11.48 5.48
3 16 -4 -1 -7.068 -4 -3 -4 -4 -3 0
4 16 -4 -3 4 -4 -1 7.068 -4 -1 -7.068 -4 -3 0
4 16 -4 -9.828 -4 -4 -7 -5.656 -4 -11.48 -5.48 -4 -11.64 -4
3 16 -4 -9.828 -4 -4 -9.828 -2.828 -4 -7 -5.656
4 16 -4 -1 -7.068 -4 -7 -5.656 -4 -7 -4 -4 -3 -4
3 16 -4 -11.48 -5.48 -4 -7 -5.656 -4 -1 -7.068
1 16 9 -0.25 0 0 -1 0 0 0 0.25 -0.25 0 0 2-4edge.dat
1 16 9 -0.25 0 0 -5 0 0 0 0.25 -0.25 0 0 2-4cyli.dat
1 16 4 -0.25 0 0 -1 0 0 0 0.25 -0.25 0 0 2-4edge.dat
1 16 9 -0.25 0 0 -1 0 0 0 0.25 -0.25 0 0 2-4ndis.dat
1 16 9 -1.359 -1.133 0 -1 0 -0.176 0 -0.589 -0.883 0 0.117 2-4edge.dat
1 16 9 -1.359 -1.133 0 -5 0 -0.176 0 -0.589 -0.883 0 0.117 2-4cyli.dat
1 16 4 -1.359 -1.133 0 -1 0 -0.176 0 -0.589 -0.883 0 0.117 2-4edge.dat
1 16 9 -1.359 -1.133 0 -1 0 -0.176 0 -0.589 -0.883 0 0.117 2-4disc.dat
1 16 9 -1.359 1.133 0 -1 0 -0.176 0 -0.589 0.883 0 -0.117 2-4edge.dat
1 16 9 -1.359 1.133 0 -5 0 -0.176 0 -0.589 0.883 0 -0.117 2-4cyli.dat
1 16 4 -1.359 1.133 0 -1 0 -0.176 0 -0.589 0.883 0 -0.117 2-4edge.dat
1 16 9 -1.359 1.133 0 -1 0 -0.176 0 -0.589 0.883 0 -0.117 2-4disc.dat
4 16 9 -1.535 -2.016 9 -0.467 -2.353 9 0 -0.25 9 -1.183 -0.25
4 16 9 -0.467 2.353 9 -1.535 2.016 9 -1.183 0.25 9 0 0.25
4 16 -9 -1.535 2.016 -9 -0.467 2.353 -9 0 0.25 -9 -1.183 0.25
4 16 -9 -0.467 -2.353 -9 -1.535 -2.016 -9 -1.183 -0.25 -9 0 -0.25
1 16 6.5 -0.717 -0.25 0 0 2.5 0.467 0 0 0 -1 0 rect2p.dat
1 16 6.5 -0.717 0.25 0 0 2.5 0.467 0 0 0 1 0 rect2p.dat
1 16 -9 -0.25 0 0 1 0 0 0 0.25 0.25 0 0 2-4edge.dat
1 16 -9 -0.25 0 0 5 0 0 0 0.25 0.25 0 0 2-4cyli.dat
1 16 -4 -0.25 0 0 1 0 0 0 0.25 0.25 0 0 2-4edge.dat
1 16 -9 -0.25 0 0 1 0 0 0 0.25 0.25 0 0 2-4ndis.dat
1 16 -9 -1.359 1.133 0 1 0 -0.176 0 -0.589 0.883 0 -0.117 2-4edge.dat
1 16 -9 -1.359 1.133 0 5 0 -0.176 0 -0.589 0.883 0 -0.117 2-4cyli.dat
1 16 -4 -1.359 1.133 0 1 0 -0.176 0 -0.589 0.883 0 -0.117 2-4edge.dat
1 16 -9 -1.359 1.133 0 1 0 -0.176 0 -0.589 0.883 0 -0.117 2-4disc.dat
1 16 -9 -1.359 -1.133 0 1 0 -0.176 0 -0.589 -0.883 0 0.117 2-4edge.dat
1 16 -9 -1.359 -1.133 0 5 0 -0.176 0 -0.589 -0.883 0 0.117 2-4cyli.dat
1 16 -4 -1.359 -1.133 0 1 0 -0.176 0 -0.589 -0.883 0 0.117 2-4edge.dat
1 16 -9 -1.359 -1.133 0 1 0 -0.176 0 -0.589 -0.883 0 0.117 2-4disc.dat
1 16 -6.5 -1 2.1845 -2.5 0 0 0 0 0.534 0 -1 0.1685 rect3.dat
1 16 -6.5 -1 -2.185 2.5 0 0 0 0 0.534 0 1 -0.1685 rect3.dat
1 16 6.5 -1 -2.185 2.5 0 0 0 0 0.534 0 1 -0.1685 rect3.dat
1 16 6.5 -1 2.185 -2.5 0 0 0 0 0.534 0 -1 0.1685 rect3.dat
1 16 -6.5 -0.717 0.25 0 0 -2.5 0.467 0 0 0 1 0 rect2p.dat
1 16 -6.5 -0.717 -0.25 0 0 -2.5 0.467 0 0 0 -1 0 rect2p.dat
4 16 20 -1 -10 20 -1 -3.38 -20 -1 -3.38 -20 -1 -10
2 24 20 -1 -3.38 20 -1 -10
2 24 -20 -1 -3.38 -20 -1 -10
2 24 -20 -1 3.38 -20 -1 10
2 24 20 -1 3.38 20 -1 10
4 16 -20 -1 10 -20 -1 3.38 20 -1 3.38 20 -1 10
1 16 20 -7 0 0 -1 0 6.46716 0 2.67878 2.67878 0 -6.46716 1-8edge.dat
1 16 20 -7 0 0 -1 0 7 0 0 0 0 -7 1-16ndis.dat
1 16 20 -7 0 0 -1 0 7 0 0 0 0 7 1-16ndis.dat
1 16 20 -7 0 0 -16 0 6.46716 0 2.67878 2.67878 0 -6.46716 1-8cyli.dat
2 24 20 -1 3.38 20 -0.5329 2.6788
2 24 20 -1 -3.38 20 -0.5329 -2.6788
3 16 20 0 -7 20 -0.5329 -2.6788 20 -1 -3.38
3 16 20 -1 3.38 20 -0.5329 2.6788 20 0 7
2 24 4 -1 3.38 4 -0.5329 2.6788
2 24 4 -1 -3.38 4 -0.5329 -2.6788
4 16 4 -1 3.38 4 -0.5329 2.6788 20 -0.5329 2.6788 20 -1 3.38
4 16 20 -1 -3.38 20 -0.5329 -2.6788 4 -0.5329 -2.6788 4 -1 -3.38
2 24 20 -1 -3.38 4 -1 -3.38
2 24 20 -1 3.38 4 -1 3.38
1 16 -20 -7 0 0 1 0 6.46716 0 2.67878 -2.67878 0 6.46716 1-8edge.dat
1 16 -20 -7 0 0 1 0 7 0 0 0 0 7 1-16ndis.dat
1 16 -20 -7 0 0 1 0 7 0 0 0 0 -7 1-16ndis.dat
1 16 -20 -7 0 0 16 0 6.46716 0 2.67878 -2.67878 0 6.46716 1-8cyli.dat
2 24 -20 -1 -3.38 -20 -0.5329 -2.6788
2 24 -20 -1 3.38 -20 -0.5329 2.6788
3 16 -20 0 7 -20 -0.5329 2.6788 -20 -1 3.38
3 16 -20 -1 -3.38 -20 -0.5329 -2.6788 -20 0 -7
2 24 -4 -1 -3.38 -4 -0.5329 -2.6788
2 24 -4 -1 3.38 -4 -0.5329 2.6788
4 16 -4 -1 -3.38 -4 -0.5329 -2.6788 -20 -0.5329 -2.6788 -20 -1 -3.38
4 16 -20 -1 3.38 -20 -0.5329 2.6788 -4 -0.5329 2.6788 -4 -1 3.38
2 24 -20 -1 3.38 -4 -1 3.38
2 24 -20 -1 -3.38 -4 -1 -3.38
2 24 9 0 0 9 -0.467 -2.353
2 24 9 0 0 9 -0.467 2.353
2 24 -9 0 0 -9 -0.467 2.353
2 24 -9 0 0 -9 -0.467 -2.353
2 24 4 -0.467 2.353 4 -0.5329 2.6788
2 24 4 -0.467 -2.353 4 -0.5329 -2.6788
2 24 -4 -0.467 -2.353 -4 -0.5329 -2.6788
2 24 -4 -0.467 2.353 -4 -0.5329 2.6788
2 24 4 -1 -7.068 4 -1 -3.38
2 24 -4 -1 -7.068 -4 -1 -3.38
2 24 -4 -1 7.068 -4 -1 3.38
2 24 4 -1 7.068 4 -1 3.38
4 16 4 -1 -3.38 4 -0.535 -2.681 4 -0.535 2.681 4 -1 3.38
4 16 -4 -1 3.38 -4 -0.535 2.681 -4 -0.535 -2.681 -4 -1 -3.38
4 16 20 0 -10 20 0 -7 20 -1 -3.38 20 -1 -10
4 16 20 -1 10 20 -1 3.38 20 0 7 20 0 10
4 16 -20 -1 -10 -20 -1 -3.38 -20 0 -7 -20 0 -10
4 16 -20 0 10 -20 0 7 -20 -1 3.38 -20 -1 10
1 16 4 -7 0 0 -1 0 6.46716 0 2.67878 2.67878 0 -6.46716 1-8chrd.dat
1 16 -4 -7 0 0 1 0 6.46716 0 2.67878 -2.67878 0 6.46716 1-8chrd.dat
0 NOFILE
0 FILE 75144 - joint-8-socket-frica.dat
0 75144 - joint-8-socket-frica
0 Name: 75144 - joint-8-socket-frica.dat
0 Author: Roland Dahl [RolandD]
0 !LDRAW_ORG Unofficial_Part
0 !LICENSE Redistributable under CCAL version 2.0 : see CAreadme.txt
0 BFC CERTIFY CCW
3 16 1.83696 -6.35 4.43472 0 -5.6568 5.6568 3.5144 -3.5144 6.2688
3 16 1.83696 -6.35 4.43472 3.5144 -6.2688 3.5144 3.39408 -6.35 3.39408
3 16 4.43472 -6.35 1.83696 3.39408 -6.35 3.39408 3.5144 -6.2688 3.5144
3 16 5.6568 -5.6568 0 6.09215 -4.13279 -2.5 4.88617 -5.33877 -2.5
3 16 1.83696 -6.35 4.43472 0 -6.35 4.8 0 -5.6568 5.6568
4 16 4.88617 -5.33877 -2.5 4.8 -5.64267 -2 4.8 -5.901557 -1.4055 5.6568 -5.6568 0
3 16 4.8 -6.35 0 5.6568 -5.6568 0 4.8 -5.901557 -1.4055
3 16 4.43472 -6.35 1.83696 3.5144 -6.2688 3.5144 6.2688 -3.5144 3.5144
3 16 3.0616 0 7.3912 0 -3.0616 7.3912 0 0 8
3 16 3.5144 -3.5144 6.2688 0 -3.0616 7.3912 3.0616 0 7.3912
3 16 6.2688 -3.5144 3.5144 5.6568 -5.6568 0 4.43472 -6.35 1.83696
3 16 7.3912 -3.0616 0 5.6568 -5.6568 0 6.2688 -3.5144 3.5144
3 16 5.6568 0 5.6568 3.5144 -3.5144 6.2688 3.0616 0 7.3912
3 16 7.3912 -3.0616 0 6.2688 -3.5144 3.5144 7.3912 0 3.0616
3 16 8 0 0 7.3912 -3.0616 0 7.3912 0 3.0616
3 16 6.2688 -3.5144 3.5144 3.5144 -3.5144 6.2688 5.6568 0 5.6568
3 16 7.3912 0 3.0616 6.2688 -3.5144 3.5144 5.6568 0 5.6568
3 16 6.2688 -3.5144 3.5144 3.5144 -6.2688 3.5144 3.5144 -3.5144 6.2688
3 16 4.8 -6.35 0 4.43472 -6.35 1.83696 5.6568 -5.6568 0
4 16 7.3912 -3.0616 0 8 0 0 7.50287 0 -2.5 7.3912 -0.5616 -2.5
3 16 3.5144 -3.5144 6.2688 0 -5.6568 5.6568 0 -3.0616 7.3912
3 16 3.5144 -3.5144 6.2688 3.5144 -6.2688 3.5144 1.83696 -6.35 4.43472
3 16 6.59277 -3.3837 -2.5 7.3912 -3.0616 0 7.3912 -0.5616 -2.5
4 16 6.59277 -3.3837 -2.5 6.09215 -4.13279 -2.5 5.6568 -5.6568 0 7.3912 -3.0616 0
2 24 4.8 -6.35 0 4.8 -5.901557 -1.4055
2 24 4.8 -5.901557 -1.4055 4.8 -5.64267 -2
2 24 4.8 -5.64267 -2 4.88617 -5.33877 -2.5
2 24 4.88617 -5.33877 -2.5 4.99786 -5.5093 -3.1481
2 24 4.99786 -5.5093 -3.1481 5.56154 -5.36942 -4.1213
2 24 5.56154 -5.36942 -4.1213 5.78043 -5.22403 -4.29009
2 24 5.78043 -5.22403 -4.29009 6.40498 -4.45761 -4.7717
2 24 6.40498 -4.45761 -4.7717 7.3905 -3.36188 -4.99782
2 24 7.3905 -3.36188 -4.99782 8.15648 -1.60734 -5
2 24 8.15648 -1.60734 -5 8.4 0 -5
3 16 8.4 0 -5 7.3912 -0.5616 -2.5 7.50287 0 -2.5
3 16 8.4 0 -5 8.15648 -1.60734 -5 7.3912 -0.5616 -2.5
3 16 6.59277 -3.3837 -2.5 7.3912 -0.5616 -2.5 8.15648 -1.60734 -5
3 16 6.59277 -3.3837 -2.5 8.15648 -1.60734 -5 7.3905 -3.36188 -4.99782
3 16 5.56154 -5.36942 -4.1213 4.99786 -5.5093 -3.1481 4.88617 -5.33877 -2.5
3 16 6.09215 -4.13279 -2.5 6.59277 -3.3837 -2.5 7.3905 -3.36188 -4.99782
4 16 4.88617 -5.33877 -2.5 6.09215 -4.13279 -2.5 5.78043 -5.22403 -4.29009 5.56154 -5.36942 -4.1213
3 16 7.3905 -3.36188 -4.99782 6.40498 -4.45761 -4.7717 6.09215 -4.13279 -2.5
3 16 6.40498 -4.45761 -4.7717 5.78043 -5.22403 -4.29009 6.09215 -4.13279 -2.5
2 24 7.50287 0 -2.5 7.3912 -0.5616 -2.5
2 24 7.3912 -0.5616 -2.5 6.59277 -3.3837 -2.5
2 24 6.59277 -3.3837 -2.5 6.09215 -4.13279 -2.5
2 24 6.09215 -4.13279 -2.5 4.88617 -5.33877 -2.5
2 24 4.8 -7.75 0 4.8 -7.75 -2
4 16 4.8 -7.75 -2 4.8 -7.75 0 4.8 -6.35 0 4.8 -5.901557 -1.4055
3 16 4.8 -5.64267 -2 4.8 -7.75 -2 4.8 -5.901557 -1.4055
4 16 4.99786 -7.75 -3.1481 4.8 -7.75 -2 4.8 -5.64267 -2 4.88617 -5.33877 -2.5
3 16 4.99786 -5.5093 -3.1481 4.99786 -7.75 -3.1481 4.88617 -5.33877 -2.5
4 16 5.56154 -5.36942 -4.1213 5.56154 -7.75 -4.1213 4.99786 -7.75 -3.1481 4.99786 -5.5093 -3.1481
4 16 6.40498 -7.75 -4.7717 5.56154 -7.75 -4.1213 5.56154 -5.36942 -4.1213 5.78043 -5.22403 -4.29009
3 16 6.40498 -4.45761 -4.7717 6.40498 -7.75 -4.7717 5.78043 -5.22403 -4.29009
4 16 7.3905 -3.36188 -4.99782 7.4 -7.75 -5 6.40498 -7.75 -4.7717 6.40498 -4.45761 -4.7717
4 16 9.23846 -5.480025 -5 8.39502 -7.160225 -5 7.4 -7.75 -5 7.3905 -3.36188 -4.99782
4 16 8.15648 -1.60734 -5 9.80214 -2.965925 -5 9.23846 -5.480025 -5 7.3905 -3.36188 -4.99782
4 16 8.4 0 -5 10 0 -5 9.80214 -2.965925 -5 8.15648 -1.60734 -5
5 24 4.8 -7.75 -2 4.8 -5.64267 -2 4.8 -5.901557 -1.4055 4.88617 -5.33877 -2.5
5 24 4.99786 -7.75 -3.1481 4.99786 -5.5093 -3.1481 4.88617 -5.33877 -2.5 5.56154 -7.75 -4.1213
5 24 5.56154 -7.75 -4.1213 5.56154 -5.36942 -4.1213 4.99786 -5.5093 -3.1481 5.78043 -5.22403 -4.29009
5 24 6.40498 -7.75 -4.7717 6.40498 -4.45761 -4.7717 5.78043 -5.22403 -4.29009 7.4 -7.75 -5
5 24 7.4 -7.75 -5 7.3905 -3.36188 -4.99782 6.40498 -4.45761 -4.7717 8.39502 -7.160225 -5
5 24 1.83696 -6.35 4.43472 0 -5.6568 5.6568 3.5144 -3.5144 6.2688 0 -6.35 4.8
5 24 0 -5.6568 5.6568 3.5144 -3.5144 6.2688 1.83696 -6.35 4.43472 0 -3.0616 7.3912
5 24 3.5144 -3.5144 6.2688 3.5144 -6.2688 3.5144 1.83696 -6.35 4.43472 6.2688 -3.5144 3.5144
5 24 3.5144 -6.2688 3.5144 1.83696 -6.35 4.43472 3.5144 -3.5144 6.2688 3.39408 -6.35 3.39408
5 24 1.83696 -6.35 4.43472 3.5144 -3.5144 6.2688 0 -5.6568 5.6568 3.5144 -6.2688 3.5144
5 24 4.43472 -6.35 1.83696 3.5144 -6.2688 3.5144 6.2688 -3.5144 3.5144 3.39408 -6.35 3.39408
5 24 3.5144 -6.2688 3.5144 6.2688 -3.5144 3.5144 4.43472 -6.35 1.83696 3.5144 -3.5144 6.2688
5 24 6.2688 -3.5144 3.5144 5.6568 -5.6568 0 4.43472 -6.35 1.83696 7.3912 -3.0616 0
5 24 5.6568 -5.6568 0 4.43472 -6.35 1.83696 6.2688 -3.5144 3.5144 4.8 -6.35 0
5 24 4.43472 -6.35 1.83696 6.2688 -3.5144 3.5144 3.5144 -6.2688 3.5144 5.6568 -5.6568 0
5 24 3.5144 -6.2688 3.5144 3.39408 -6.35 3.39408 1.83696 -6.35 4.43472 4.43472 -6.35 1.83696
5 24 5.6568 -5.6568 0 6.09215 -4.13279 -2.5 4.88617 -5.33877 -2.5 6.59277 -3.3837 -2.5
5 24 6.59277 -3.3837 -2.5 7.3905 -3.36188 -4.99782 6.09215 -4.13279 -2.5 8.15648 -1.60734 -5
5 24 6.09215 -4.13279 -2.5 5.78043 -5.22403 -4.29009 4.88617 -5.33877 -2.5 7.3905 -3.36188 -4.99782
5 24 4.8 -5.901557 -1.4055 5.6568 -5.6568 0 4.88617 -5.33877 -2.5 4.8 -6.35 0
5 24 4.8 -6.35 0 5.6568 -5.6568 0 4.8 -5.901557 -1.4055 4.43472 -6.35 1.83696
5 24 3.0616 0 7.3912 0 -3.0616 7.3912 0 0 8 3.5144 -3.5144 6.2688
5 24 3.5144 -3.5144 6.2688 0 -3.0616 7.3912 3.0616 0 7.3912 0 -5.6568 5.6568
5 24 3.0616 0 7.3912 3.5144 -3.5144 6.2688 0 -3.0616 7.3912 5.6568 0 5.6568
5 24 7.3912 -3.0616 0 5.6568 -5.6568 0 6.2688 -3.5144 3.5144 6.59277 -3.3837 -2.5
5 24 6.2688 -3.5144 3.5144 7.3912 -3.0616 0 5.6568 -5.6568 0 7.3912 0 3.0616
5 24 5.6568 0 5.6568 3.5144 -3.5144 6.2688 3.0616 0 7.3912 6.2688 -3.5144 3.5144
5 24 6.2688 -3.5144 3.5144 7.3912 0 3.0616 7.3912 -3.0616 0 5.6568 0 5.6568
5 24 7.3912 0 3.0616 7.3912 -3.0616 0 6.2688 -3.5144 3.5144 8 0 0
5 24 8 0 0 7.3912 -3.0616 0 7.3912 0 3.0616 7.50287 0 -2.5
5 24 6.2688 -3.5144 3.5144 3.5144 -3.5144 6.2688 5.6568 0 5.6568 3.5144 -6.2688 3.5144
5 24 5.6568 0 5.6568 6.2688 -3.5144 3.5144 3.5144 -3.5144 6.2688 7.3912 0 3.0616
5 24 7.3912 -0.5616 -2.5 7.3912 -3.0616 0 8 0 0 6.59277 -3.3837 -2.5
5 24 6.59277 -3.3837 -2.5 7.3912 -3.0616 0 7.3912 -0.5616 -2.5 6.09215 -4.13279 -2.5
5 24 8.4 0 -5 7.3912 -0.5616 -2.5 7.50287 0 -2.5 8.15648 -1.60734 -5
5 24 7.3912 -0.5616 -2.5 8.15648 -1.60734 -5 8.4 0 -5 6.59277 -3.3837 -2.5
5 24 6.59277 -3.3837 -2.5 8.15648 -1.60734 -5 7.3912 -0.5616 -2.5 7.3905 -3.36188 -4.99782
5 24 7.3905 -3.36188 -4.99782 6.09215 -4.13279 -2.5 6.59277 -3.3837 -2.5 6.40498 -4.45761 -4.7717
5 24 6.40498 -4.45761 -4.7717 6.09215 -4.13279 -2.5 7.3905 -3.36188 -4.99782 5.78043 -5.22403 -4.29009
3 16 -3.5144 -3.5144 6.2688 0 -5.6568 5.6568 -1.83696 -6.35 4.43472
3 16 -3.39408 -6.35 3.39408 -3.5144 -6.2688 3.5144 -1.83696 -6.35 4.43472
3 16 -3.5144 -6.2688 3.5144 -3.39408 -6.35 3.39408 -4.43472 -6.35 1.83696
3 16 -4.88617 -5.33877 -2.5 -6.09215 -4.13279 -2.5 -5.6568 -5.6568 0
3 16 0 -5.6568 5.6568 0 -6.35 4.8 -1.83696 -6.35 4.43472
4 16 -5.6568 -5.6568 0 -4.8 -5.901557 -1.4055 -4.8 -5.64267 -2 -4.88617 -5.33877 -2.5
3 16 -4.8 -5.901557 -1.4055 -5.6568 -5.6568 0 -4.8 -6.35 0
3 16 -6.2688 -3.5144 3.5144 -3.5144 -6.2688 3.5144 -4.43472 -6.35 1.83696
3 16 0 0 8 0 -3.0616 7.3912 -3.0616 0 7.3912
3 16 -3.0616 0 7.3912 0 -3.0616 7.3912 -3.5144 -3.5144 6.2688
3 16 -4.43472 -6.35 1.83696 -5.6568 -5.6568 0 -6.2688 -3.5144 3.5144
3 16 -6.2688 -3.5144 3.5144 -5.6568 -5.6568 0 -7.3912 -3.0616 0
3 16 -3.0616 0 7.3912 -3.5144 -3.5144 6.2688 -5.6568 0 5.6568
3 16 -7.3912 0 3.0616 -6.2688 -3.5144 3.5144 -7.3912 -3.0616 0
3 16 -7.3912 0 3.0616 -7.3912 -3.0616 0 -8 0 0
3 16 -5.6568 0 5.6568 -3.5144 -3.5144 6.2688 -6.2688 -3.5144 3.5144
3 16 -5.6568 0 5.6568 -6.2688 -3.5144 3.5144 -7.3912 0 3.0616
3 16 -3.5144 -3.5144 6.2688 -3.5144 -6.2688 3.5144 -6.2688 -3.5144 3.5144
3 16 -5.6568 -5.6568 0 -4.43472 -6.35 1.83696 -4.8 -6.35 0
4 16 -7.3912 -0.5616 -2.5 -7.50287 0 -2.5 -8 0 0 -7.3912 -3.0616 0
3 16 0 -3.0616 7.3912 0 -5.6568 5.6568 -3.5144 -3.5144 6.2688
3 16 -1.83696 -6.35 4.43472 -3.5144 -6.2688 3.5144 -3.5144 -3.5144 6.2688
3 16 -7.3912 -0.5616 -2.5 -7.3912 -3.0616 0 -6.59277 -3.3837 -2.5
4 16 -7.3912 -3.0616 0 -5.6568 -5.6568 0 -6.09215 -4.13279 -2.5 -6.59277 -3.3837 -2.5
2 24 -4.8 -6.35 0 -4.8 -5.901557 -1.4055
2 24 -4.8 -5.901557 -1.4055 -4.8 -5.64267 -2
2 24 -4.8 -5.64267 -2 -4.88617 -5.33877 -2.5
2 24 -4.88617 -5.33877 -2.5 -4.99786 -5.5093 -3.1481
2 24 -4.99786 -5.5093 -3.1481 -5.56154 -5.36942 -4.1213
2 24 -5.56154 -5.36942 -4.1213 -5.78043 -5.22403 -4.29009
2 24 -5.78043 -5.22403 -4.29009 -6.40498 -4.45761 -4.7717
2 24 -6.40498 -4.45761 -4.7717 -7.3905 -3.36188 -4.99782
2 24 -7.3905 -3.36188 -4.99782 -8.15648 -1.60734 -5
2 24 -8.15648 -1.60734 -5 -8.4 0 -5
3 16 -7.50287 0 -2.5 -7.3912 -0.5616 -2.5 -8.4 0 -5
3 16 -7.3912 -0.5616 -2.5 -8.15648 -1.60734 -5 -8.4 0 -5
3 16 -8.15648 -1.60734 -5 -7.3912 -0.5616 -2.5 -6.59277 -3.3837 -2.5
3 16 -7.3905 -3.36188 -4.99782 -8.15648 -1.60734 -5 -6.59277 -3.3837 -2.5
3 16 -4.88617 -5.33877 -2.5 -4.99786 -5.5093 -3.1481 -5.56154 -5.36942 -4.1213
3 16 -7.3905 -3.36188 -4.99782 -6.59277 -3.3837 -2.5 -6.09215 -4.13279 -2.5
4 16 -5.56154 -5.36942 -4.1213 -5.78043 -5.22403 -4.29009 -6.09215 -4.13279 -2.5 -4.88617 -5.33877 -2.5
3 16 -6.09215 -4.13279 -2.5 -6.40498 -4.45761 -4.7717 -7.3905 -3.36188 -4.99782
3 16 -6.09215 -4.13279 -2.5 -5.78043 -5.22403 -4.29009 -6.40498 -4.45761 -4.7717
2 24 -7.50287 0 -2.5 -7.3912 -0.5616 -2.5
2 24 -7.3912 -0.5616 -2.5 -6.59277 -3.3837 -2.5
2 24 -6.59277 -3.3837 -2.5 -6.09215 -4.13279 -2.5
2 24 -6.09215 -4.13279 -2.5 -4.88617 -5.33877 -2.5
2 24 -4.8 -7.75 0 -4.8 -7.75 -2
4 16 -4.8 -5.901557 -1.4055 -4.8 -6.35 0 -4.8 -7.75 0 -4.8 -7.75 -2
3 16 -4.8 -5.901557 -1.4055 -4.8 -7.75 -2 -4.8 -5.64267 -2
4 16 -4.88617 -5.33877 -2.5 -4.8 -5.64267 -2 -4.8 -7.75 -2 -4.99786 -7.75 -3.1481
3 16 -4.88617 -5.33877 -2.5 -4.99786 -7.75 -3.1481 -4.99786 -5.5093 -3.1481
4 16 -4.99786 -5.5093 -3.1481 -4.99786 -7.75 -3.1481 -5.56154 -7.75 -4.1213 -5.56154 -5.36942 -4.1213
4 16 -5.78043 -5.22403 -4.29009 -5.56154 -5.36942 -4.1213 -5.56154 -7.75 -4.1213 -6.40498 -7.75 -4.7717
3 16 -5.78043 -5.22403 -4.29009 -6.40498 -7.75 -4.7717 -6.40498 -4.45761 -4.7717
4 16 -6.40498 -4.45761 -4.7717 -6.40498 -7.75 -4.7717 -7.4 -7.75 -5 -7.3905 -3.36188 -4.99782
4 16 -7.3905 -3.36188 -4.99782 -7.4 -7.75 -5 -8.39502 -7.160225 -5 -9.23846 -5.480025 -5
4 16 -7.3905 -3.36188 -4.99782 -9.23846 -5.480025 -5 -9.80214 -2.965925 -5 -8.15648 -1.60734 -5
4 16 -8.15648 -1.60734 -5 -9.80214 -2.965925 -5 -10 0 -5 -8.4 0 -5
5 24 -4.8 -7.75 -2 -4.8 -5.64267 -2 -4.8 -5.901557 -1.4055 -4.88617 -5.33877 -2.5
5 24 -4.99786 -7.75 -3.1481 -4.99786 -5.5093 -3.1481 -4.88617 -5.33877 -2.5 -5.56154 -7.75 -4.1213
5 24 -5.56154 -7.75 -4.1213 -5.56154 -5.36942 -4.1213 -4.99786 -5.5093 -3.1481 -5.78043 -5.22403 -4.29009
5 24 -6.40498 -7.75 -4.7717 -6.40498 -4.45761 -4.7717 -5.78043 -5.22403 -4.29009 -7.4 -7.75 -5
5 24 -7.4 -7.75 -5 -7.3905 -3.36188 -4.99782 -6.40498 -4.45761 -4.7717 -8.39502 -7.160225 -5
5 24 -1.83696 -6.35 4.43472 0 -5.6568 5.6568 -3.5144 -3.5144 6.2688 0 -6.35 4.8
5 24 0 -5.6568 5.6568 -3.5144 -3.5144 6.2688 -1.83696 -6.35 4.43472 0 -3.0616 7.3912
5 24 -3.5144 -3.5144 6.2688 -3.5144 -6.2688 3.5144 -1.83696 -6.35 4.43472 -6.2688 -3.5144 3.5144
5 24 -3.5144 -6.2688 3.5144 -1.83696 -6.35 4.43472 -3.5144 -3.5144 6.2688 -3.39408 -6.35 3.39408
5 24 -1.83696 -6.35 4.43472 -3.5144 -3.5144 6.2688 0 -5.6568 5.6568 -3.5144 -6.2688 3.5144
5 24 -4.43472 -6.35 1.83696 -3.5144 -6.2688 3.5144 -6.2688 -3.5144 3.5144 -3.39408 -6.35 3.39408
5 24 -3.5144 -6.2688 3.5144 -6.2688 -3.5144 3.5144 -4.43472 -6.35 1.83696 -3.5144 -3.5144 6.2688
5 24 -6.2688 -3.5144 3.5144 -5.6568 -5.6568 0 -4.43472 -6.35 1.83696 -7.3912 -3.0616 0
5 24 -5.6568 -5.6568 0 -4.43472 -6.35 1.83696 -6.2688 -3.5144 3.5144 -4.8 -6.35 0
5 24 -4.43472 -6.35 1.83696 -6.2688 -3.5144 3.5144 -3.5144 -6.2688 3.5144 -5.6568 -5.6568 0
5 24 -3.5144 -6.2688 3.5144 -3.39408 -6.35 3.39408 -1.83696 -6.35 4.43472 -4.43472 -6.35 1.83696
5 24 -5.6568 -5.6568 0 -6.09215 -4.13279 -2.5 -4.88617 -5.33877 -2.5 -6.59277 -3.3837 -2.5
5 24 -6.59277 -3.3837 -2.5 -7.3905 -3.36188 -4.99782 -6.09215 -4.13279 -2.5 -8.15648 -1.60734 -5
5 24 -6.09215 -4.13279 -2.5 -5.78043 -5.22403 -4.29009 -4.88617 -5.33877 -2.5 -7.3905 -3.36188 -4.99782
5 24 -4.8 -5.901557 -1.4055 -5.6568 -5.6568 0 -4.88617 -5.33877 -2.5 -4.8 -6.35 0
5 24 -4.8 -6.35 0 -5.6568 -5.6568 0 -4.8 -5.901557 -1.4055 -4.43472 -6.35 1.83696
5 24 -3.0616 0 7.3912 0 -3.0616 7.3912 0 0 8 -3.5144 -3.5144 6.2688
5 24 -3.5144 -3.5144 6.2688 0 -3.0616 7.3912 -3.0616 0 7.3912 0 -5.6568 5.6568
5 24 -3.0616 0 7.3912 -3.5144 -3.5144 6.2688 0 -3.0616 7.3912 -5.6568 0 5.6568
5 24 -7.3912 -3.0616 0 -5.6568 -5.6568 0 -6.2688 -3.5144 3.5144 -6.59277 -3.3837 -2.5
5 24 -6.2688 -3.5144 3.5144 -7.3912 -3.0616 0 -5.6568 -5.6568 0 -7.3912 0 3.0616
5 24 -5.6568 0 5.6568 -3.5144 -3.5144 6.2688 -3.0616 0 7.3912 -6.2688 -3.5144 3.5144
5 24 -6.2688 -3.5144 3.5144 -7.3912 0 3.0616 -7.3912 -3.0616 0 -5.6568 0 5.6568
5 24 -7.3912 0 3.0616 -7.3912 -3.0616 0 -6.2688 -3.5144 3.5144 -8 0 0
5 24 -8 0 0 -7.3912 -3.0616 0 -7.3912 0 3.0616 -7.50287 0 -2.5
5 24 -6.2688 -3.5144 3.5144 -3.5144 -3.5144 6.2688 -5.6568 0 5.6568 -3.5144 -6.2688 3.5144
5 24 -5.6568 0 5.6568 -6.2688 -3.5144 3.5144 -3.5144 -3.5144 6.2688 -7.3912 0 3.0616
5 24 -7.3912 -0.5616 -2.5 -7.3912 -3.0616 0 -8 0 0 -6.59277 -3.3837 -2.5
5 24 -6.59277 -3.3837 -2.5 -7.3912 -3.0616 0 -7.3912 -0.5616 -2.5 -6.09215 -4.13279 -2.5
5 24 -8.4 0 -5 -7.3912 -0.5616 -2.5 -7.50287 0 -2.5 -8.15648 -1.60734 -5
5 24 -7.3912 -0.5616 -2.5 -8.15648 -1.60734 -5 -8.4 0 -5 -6.59277 -3.3837 -2.5
5 24 -6.59277 -3.3837 -2.5 -8.15648 -1.60734 -5 -7.3912 -0.5616 -2.5 -7.3905 -3.36188 -4.99782
5 24 -7.3905 -3.36188 -4.99782 -6.09215 -4.13279 -2.5 -6.59277 -3.3837 -2.5 -6.40498 -4.45761 -4.7717
5 24 -6.40498 -4.45761 -4.7717 -6.09215 -4.13279 -2.5 -7.3905 -3.36188 -4.99782 -5.78043 -5.22403 -4.29009
3 16 3.5144 3.5144 6.2688 0 5.6568 5.6568 1.83696 6.35 4.43472
3 16 3.39408 6.35 3.39408 3.5144 6.2688 3.5144 1.83696 6.35 4.43472
3 16 3.5144 6.2688 3.5144 3.39408 6.35 3.39408 4.43472 6.35 1.83696
3 16 4.88617 5.33877 -2.5 6.09215 4.13279 -2.5 5.6568 5.6568 0
3 16 0 5.6568 5.6568 0 6.35 4.8 1.83696 6.35 4.43472
4 16 5.6568 5.6568 0 4.8 5.901557 -1.4055 4.8 5.64267 -2 4.88617 5.33877 -2.5
3 16 4.8 5.901557 -1.4055 5.6568 5.6568 0 4.8 6.35 0
3 16 6.2688 3.5144 3.5144 3.5144 6.2688 3.5144 4.43472 6.35 1.83696
3 16 0 0 8 0 3.0616 7.3912 3.0616 0 7.3912
3 16 3.0616 0 7.3912 0 3.0616 7.3912 3.5144 3.5144 6.2688
3 16 4.43472 6.35 1.83696 5.6568 5.6568 0 6.2688 3.5144 3.5144
3 16 6.2688 3.5144 3.5144 5.6568 5.6568 0 7.3912 3.0616 0
3 16 3.0616 0 7.3912 3.5144 3.5144 6.2688 5.6568 0 5.6568
3 16 7.3912 0 3.0616 6.2688 3.5144 3.5144 7.3912 3.0616 0
3 16 7.3912 0 3.0616 7.3912 3.0616 0 8 0 0
3 16 5.6568 0 5.6568 3.5144 3.5144 6.2688 6.2688 3.5144 3.5144
3 16 5.6568 0 5.6568 6.2688 3.5144 3.5144 7.3912 0 3.0616
3 16 3.5144 3.5144 6.2688 3.5144 6.2688 3.5144 6.2688 3.5144 3.5144
3 16 5.6568 5.6568 0 4.43472 6.35 1.83696 4.8 6.35 0
4 16 7.3912 0.5616 -2.5 7.50287 0 -2.5 8 0 0 7.3912 3.0616 0
3 16 0 3.0616 7.3912 0 5.6568 5.6568 3.5144 3.5144 6.2688
3 16 1.83696 6.35 4.43472 3.5144 6.2688 3.5144 3.5144 3.5144 6.2688
3 16 7.3912 0.5616 -2.5 7.3912 3.0616 0 6.59277 3.3837 -2.5
4 16 7.3912 3.0616 0 5.6568 5.6568 0 6.09215 4.13279 -2.5 6.59277 3.3837 -2.5
2 24 4.8 6.35 0 4.8 5.901557 -1.4055
2 24 4.8 5.901557 -1.4055 4.8 5.64267 -2
2 24 4.8 5.64267 -2 4.88617 5.33877 -2.5
2 24 4.88617 5.33877 -2.5 4.99786 5.5093 -3.1481
2 24 4.99786 5.5093 -3.1481 5.56154 5.36942 -4.1213
2 24 5.56154 5.36942 -4.1213 5.78043 5.22403 -4.29009
2 24 5.78043 5.22403 -4.29009 6.40498 4.45761 -4.7717
2 24 6.40498 4.45761 -4.7717 7.3905 3.36188 -4.99782
2 24 7.3905 3.36188 -4.99782 8.15648 1.60734 -5
2 24 8.15648 1.60734 -5 8.4 0 -5
3 16 7.50287 0 -2.5 7.3912 0.5616 -2.5 8.4 0 -5
3 16 7.3912 0.5616 -2.5 8.15648 1.60734 -5 8.4 0 -5
3 16 8.15648 1.60734 -5 7.3912 0.5616 -2.5 6.59277 3.3837 -2.5
3 16 7.3905 3.36188 -4.99782 8.15648 1.60734 -5 6.59277 3.3837 -2.5
3 16 4.88617 5.33877 -2.5 4.99786 5.5093 -3.1481 5.56154 5.36942 -4.1213
3 16 7.3905 3.36188 -4.99782 6.59277 3.3837 -2.5 6.09215 4.13279 -2.5
4 16 5.56154 5.36942 -4.1213 5.78043 5.22403 -4.29009 6.09215 4.13279 -2.5 4.88617 5.33877 -2.5
3 16 6.09215 4.13279 -2.5 6.40498 4.45761 -4.7717 7.3905 3.36188 -4.99782
3 16 6.09215 4.13279 -2.5 5.78043 5.22403 -4.29009 6.40498 4.45761 -4.7717
2 24 7.50287 0 -2.5 7.3912 0.5616 -2.5
2 24 7.3912 0.5616 -2.5 6.59277 3.3837 -2.5
2 24 6.59277 3.3837 -2.5 6.09215 4.13279 -2.5
2 24 6.09215 4.13279 -2.5 4.88617 5.33877 -2.5
2 24 4.8 7.75 0 4.8 7.75 -2
4 16 4.8 5.901557 -1.4055 4.8 6.35 0 4.8 7.75 0 4.8 7.75 -2
3 16 4.8 5.901557 -1.4055 4.8 7.75 -2 4.8 5.64267 -2
4 16 4.88617 5.33877 -2.5 4.8 5.64267 -2 4.8 7.75 -2 4.99786 7.75 -3.1481
3 16 4.88617 5.33877 -2.5 4.99786 7.75 -3.1481 4.99786 5.5093 -3.1481
4 16 4.99786 5.5093 -3.1481 4.99786 7.75 -3.1481 5.56154 7.75 -4.1213 5.56154 5.36942 -4.1213
4 16 5.78043 5.22403 -4.29009 5.56154 5.36942 -4.1213 5.56154 7.75 -4.1213 6.40498 7.75 -4.7717
3 16 5.78043 5.22403 -4.29009 6.40498 7.75 -4.7717 6.40498 4.45761 -4.7717
4 16 6.40498 4.45761 -4.7717 6.40498 7.75 -4.7717 7.4 7.75 -5 7.3905 3.36188 -4.99782
4 16 7.3905 3.36188 -4.99782 7.4 7.75 -5 8.39502 7.160225 -5 9.23846 5.480025 -5
4 16 7.3905 3.36188 -4.99782 9.23846 5.480025 -5 9.80214 2.965925 -5 8.15648 1.60734 -5
4 16 8.15648 1.60734 -5 9.80214 2.965925 -5 10 0 -5 8.4 0 -5
5 24 4.8 7.75 -2 4.8 5.64267 -2 4.8 5.901557 -1.4055 4.88617 5.33877 -2.5
5 24 4.99786 7.75 -3.1481 4.99786 5.5093 -3.1481 4.88617 5.33877 -2.5 5.56154 7.75 -4.1213
5 24 5.56154 7.75 -4.1213 5.56154 5.36942 -4.1213 4.99786 5.5093 -3.1481 5.78043 5.22403 -4.29009
5 24 6.40498 7.75 -4.7717 6.40498 4.45761 -4.7717 5.78043 5.22403 -4.29009 7.4 7.75 -5
5 24 7.4 7.75 -5 7.3905 3.36188 -4.99782 6.40498 4.45761 -4.7717 8.39502 7.160225 -5
5 24 1.83696 6.35 4.43472 0 5.6568 5.6568 3.5144 3.5144 6.2688 0 6.35 4.8
5 24 0 5.6568 5.6568 3.5144 3.5144 6.2688 1.83696 6.35 4.43472 0 3.0616 7.3912
5 24 3.5144 3.5144 6.2688 3.5144 6.2688 3.5144 1.83696 6.35 4.43472 6.2688 3.5144 3.5144
5 24 3.5144 6.2688 3.5144 1.83696 6.35 4.43472 3.5144 3.5144 6.2688 3.39408 6.35 3.39408
5 24 1.83696 6.35 4.43472 3.5144 3.5144 6.2688 0 5.6568 5.6568 3.5144 6.2688 3.5144
5 24 4.43472 6.35 1.83696 3.5144 6.2688 3.5144 6.2688 3.5144 3.5144 3.39408 6.35 3.39408
5 24 3.5144 6.2688 3.5144 6.2688 3.5144 3.5144 4.43472 6.35 1.83696 3.5144 3.5144 6.2688
5 24 6.2688 3.5144 3.5144 5.6568 5.6568 0 4.43472 6.35 1.83696 7.3912 3.0616 0
5 24 5.6568 5.6568 0 4.43472 6.35 1.83696 6.2688 3.5144 3.5144 4.8 6.35 0
5 24 4.43472 6.35 1.83696 6.2688 3.5144 3.5144 3.5144 6.2688 3.5144 5.6568 5.6568 0
5 24 3.5144 6.2688 3.5144 3.39408 6.35 3.39408 1.83696 6.35 4.43472 4.43472 6.35 1.83696
5 24 5.6568 5.6568 0 6.09215 4.13279 -2.5 4.88617 5.33877 -2.5 6.59277 3.3837 -2.5
5 24 6.59277 3.3837 -2.5 7.3905 3.36188 -4.99782 6.09215 4.13279 -2.5 8.15648 1.60734 -5
5 24 6.09215 4.13279 -2.5 5.78043 5.22403 -4.29009 4.88617 5.33877 -2.5 7.3905 3.36188 -4.99782
5 24 4.8 5.901557 -1.4055 5.6568 5.6568 0 4.88617 5.33877 -2.5 4.8 6.35 0
5 24 4.8 6.35 0 5.6568 5.6568 0 4.8 5.901557 -1.4055 4.43472 6.35 1.83696
5 24 3.0616 0 7.3912 0 3.0616 7.3912 0 0 8 3.5144 3.5144 6.2688
5 24 3.5144 3.5144 6.2688 0 3.0616 7.3912 3.0616 0 7.3912 0 5.6568 5.6568
5 24 3.0616 0 7.3912 3.5144 3.5144 6.2688 0 3.0616 7.3912 5.6568 0 5.6568
5 24 7.3912 3.0616 0 5.6568 5.6568 0 6.2688 3.5144 3.5144 6.59277 3.3837 -2.5
5 24 6.2688 3.5144 3.5144 7.3912 3.0616 0 5.6568 5.6568 0 7.3912 0 3.0616
5 24 5.6568 0 5.6568 3.5144 3.5144 6.2688 3.0616 0 7.3912 6.2688 3.5144 3.5144
5 24 6.2688 3.5144 3.5144 7.3912 0 3.0616 7.3912 3.0616 0 5.6568 0 5.6568
5 24 7.3912 0 3.0616 7.3912 3.0616 0 6.2688 3.5144 3.5144 8 0 0
5 24 8 0 0 7.3912 3.0616 0 7.3912 0 3.0616 7.50287 0 -2.5
5 24 6.2688 3.5144 3.5144 3.5144 3.5144 6.2688 5.6568 0 5.6568 3.5144 6.2688 3.5144
5 24 5.6568 0 5.6568 6.2688 3.5144 3.5144 3.5144 3.5144 6.2688 7.3912 0 3.0616
5 24 7.3912 0.5616 -2.5 7.3912 3.0616 0 8 0 0 6.59277 3.3837 -2.5
5 24 6.59277 3.3837 -2.5 7.3912 3.0616 0 7.3912 0.5616 -2.5 6.09215 4.13279 -2.5
5 24 8.4 0 -5 7.3912 0.5616 -2.5 7.50287 0 -2.5 8.15648 1.60734 -5
5 24 7.3912 0.5616 -2.5 8.15648 1.60734 -5 8.4 0 -5 6.59277 3.3837 -2.5
5 24 6.59277 3.3837 -2.5 8.15648 1.60734 -5 7.3912 0.5616 -2.5 7.3905 3.36188 -4.99782
5 24 7.3905 3.36188 -4.99782 6.09215 4.13279 -2.5 6.59277 3.3837 -2.5 6.40498 4.45761 -4.7717
5 24 6.40498 4.45761 -4.7717 6.09215 4.13279 -2.5 7.3905 3.36188 -4.99782 5.78043 5.22403 -4.29009
3 16 -1.83696 6.35 4.43472 0 5.6568 5.6568 -3.5144 3.5144 6.2688
3 16 -1.83696 6.35 4.43472 -3.5144 6.2688 3.5144 -3.39408 6.35 3.39408
3 16 -4.43472 6.35 1.83696 -3.39408 6.35 3.39408 -3.5144 6.2688 3.5144
3 16 -5.6568 5.6568 0 -6.09215 4.13279 -2.5 -4.88617 5.33877 -2.5
3 16 -1.83696 6.35 4.43472 0 6.35 4.8 0 5.6568 5.6568
4 16 -4.88617 5.33877 -2.5 -4.8 5.64267 -2 -4.8 5.901557 -1.4055 -5.6568 5.6568 0
3 16 -4.8 6.35 0 -5.6568 5.6568 0 -4.8 5.901557 -1.4055
3 16 -4.43472 6.35 1.83696 -3.5144 6.2688 3.5144 -6.2688 3.5144 3.5144
3 16 -3.0616 0 7.3912 0 3.0616 7.3912 0 0 8
3 16 -3.5144 3.5144 6.2688 0 3.0616 7.3912 -3.0616 0 7.3912
3 16 -6.2688 3.5144 3.5144 -5.6568 5.6568 0 -4.43472 6.35 1.83696
3 16 -7.3912 3.0616 0 -5.6568 5.6568 0 -6.2688 3.5144 3.5144
3 16 -5.6568 0 5.6568 -3.5144 3.5144 6.2688 -3.0616 0 7.3912
3 16 -7.3912 3.0616 0 -6.2688 3.5144 3.5144 -7.3912 0 3.0616
3 16 -8 0 0 -7.3912 3.0616 0 -7.3912 0 3.0616
3 16 -6.2688 3.5144 3.5144 -3.5144 3.5144 6.2688 -5.6568 0 5.6568
3 16 -7.3912 0 3.0616 -6.2688 3.5144 3.5144 -5.6568 0 5.6568
3 16 -6.2688 3.5144 3.5144 -3.5144 6.2688 3.5144 -3.5144 3.5144 6.2688
3 16 -4.8 6.35 0 -4.43472 6.35 1.83696 -5.6568 5.6568 0
4 16 -7.3912 3.0616 0 -8 0 0 -7.50287 0 -2.5 -7.3912 0.5616 -2.5
3 16 -3.5144 3.5144 6.2688 0 5.6568 5.6568 0 3.0616 7.3912
3 16 -3.5144 3.5144 6.2688 -3.5144 6.2688 3.5144 -1.83696 6.35 4.43472
3 16 -6.59277 3.3837 -2.5 -7.3912 3.0616 0 -7.3912 0.5616 -2.5
4 16 -6.59277 3.3837 -2.5 -6.09215 4.13279 -2.5 -5.6568 5.6568 0 -7.3912 3.0616 0
2 24 -4.8 6.35 0 -4.8 5.901557 -1.4055
2 24 -4.8 5.901557 -1.4055 -4.8 5.64267 -2
2 24 -4.8 5.64267 -2 -4.88617 5.33877 -2.5
2 24 -4.88617 5.33877 -2.5 -4.99786 5.5093 -3.1481
2 24 -4.99786 5.5093 -3.1481 -5.56154 5.36942 -4.1213
2 24 -5.56154 5.36942 -4.1213 -5.78043 5.22403 -4.29009
2 24 -5.78043 5.22403 -4.29009 -6.40498 4.45761 -4.7717
2 24 -6.40498 4.45761 -4.7717 -7.3905 3.36188 -4.99782
2 24 -7.3905 3.36188 -4.99782 -8.15648 1.60734 -5
2 24 -8.15648 1.60734 -5 -8.4 0 -5
3 16 -8.4 0 -5 -7.3912 0.5616 -2.5 -7.50287 0 -2.5
3 16 -8.4 0 -5 -8.15648 1.60734 -5 -7.3912 0.5616 -2.5
3 16 -6.59277 3.3837 -2.5 -7.3912 0.5616 -2.5 -8.15648 1.60734 -5
3 16 -6.59277 3.3837 -2.5 -8.15648 1.60734 -5 -7.3905 3.36188 -4.99782
3 16 -5.56154 5.36942 -4.1213 -4.99786 5.5093 -3.1481 -4.88617 5.33877 -2.5
3 16 -6.09215 4.13279 -2.5 -6.59277 3.3837 -2.5 -7.3905 3.36188 -4.99782
4 16 -4.88617 5.33877 -2.5 -6.09215 4.13279 -2.5 -5.78043 5.22403 -4.29009 -5.56154 5.36942 -4.1213
3 16 -7.3905 3.36188 -4.99782 -6.40498 4.45761 -4.7717 -6.09215 4.13279 -2.5
3 16 -6.40498 4.45761 -4.7717 -5.78043 5.22403 -4.29009 -6.09215 4.13279 -2.5
2 24 -7.50287 0 -2.5 -7.3912 0.5616 -2.5
2 24 -7.3912 0.5616 -2.5 -6.59277 3.3837 -2.5
2 24 -6.59277 3.3837 -2.5 -6.09215 4.13279 -2.5
2 24 -6.09215 4.13279 -2.5 -4.88617 5.33877 -2.5
2 24 -4.8 7.75 0 -4.8 7.75 -2
4 16 -4.8 7.75 -2 -4.8 7.75 0 -4.8 6.35 0 -4.8 5.901557 -1.4055
3 16 -4.8 5.64267 -2 -4.8 7.75 -2 -4.8 5.901557 -1.4055
4 16 -4.99786 7.75 -3.1481 -4.8 7.75 -2 -4.8 5.64267 -2 -4.88617 5.33877 -2.5
3 16 -4.99786 5.5093 -3.1481 -4.99786 7.75 -3.1481 -4.88617 5.33877 -2.5
4 16 -5.56154 5.36942 -4.1213 -5.56154 7.75 -4.1213 -4.99786 7.75 -3.1481 -4.99786 5.5093 -3.1481
4 16 -6.40498 7.75 -4.7717 -5.56154 7.75 -4.1213 -5.56154 5.36942 -4.1213 -5.78043 5.22403 -4.29009
3 16 -6.40498 4.45761 -4.7717 -6.40498 7.75 -4.7717 -5.78043 5.22403 -4.29009
4 16 -7.3905 3.36188 -4.99782 -7.4 7.75 -5 -6.40498 7.75 -4.7717 -6.40498 4.45761 -4.7717
4 16 -9.23846 5.480025 -5 -8.39502 7.160225 -5 -7.4 7.75 -5 -7.3905 3.36188 -4.99782
4 16 -8.15648 1.60734 -5 -9.80214 2.965925 -5 -9.23846 5.480025 -5 -7.3905 3.36188 -4.99782
4 16 -8.4 0 -5 -10 0 -5 -9.80214 2.965925 -5 -8.15648 1.60734 -5
5 24 -4.8 7.75 -2 -4.8 5.64267 -2 -4.8 5.901557 -1.4055 -4.88617 5.33877 -2.5
5 24 -4.99786 7.75 -3.1481 -4.99786 5.5093 -3.1481 -4.88617 5.33877 -2.5 -5.56154 7.75 -4.1213
5 24 -5.56154 7.75 -4.1213 -5.56154 5.36942 -4.1213 -4.99786 5.5093 -3.1481 -5.78043 5.22403 -4.29009
5 24 -6.40498 7.75 -4.7717 -6.40498 4.45761 -4.7717 -5.78043 5.22403 -4.29009 -7.4 7.75 -5
5 24 -7.4 7.75 -5 -7.3905 3.36188 -4.99782 -6.40498 4.45761 -4.7717 -8.39502 7.160225 -5
5 24 -1.83696 6.35 4.43472 0 5.6568 5.6568 -3.5144 3.5144 6.2688 0 6.35 4.8
5 24 0 5.6568 5.6568 -3.5144 3.5144 6.2688 -1.83696 6.35 4.43472 0 3.0616 7.3912
5 24 -3.5144 3.5144 6.2688 -3.5144 6.2688 3.5144 -1.83696 6.35 4.43472 -6.2688 3.5144 3.5144
5 24 -3.5144 6.2688 3.5144 -1.83696 6.35 4.43472 -3.5144 3.5144 6.2688 -3.39408 6.35 3.39408
5 24 -1.83696 6.35 4.43472 -3.5144 3.5144 6.2688 0 5.6568 5.6568 -3.5144 6.2688 3.5144
5 24 -4.43472 6.35 1.83696 -3.5144 6.2688 3.5144 -6.2688 3.5144 3.5144 -3.39408 6.35 3.39408
5 24 -3.5144 6.2688 3.5144 -6.2688 3.5144 3.5144 -4.43472 6.35 1.83696 -3.5144 3.5144 6.2688
5 24 -6.2688 3.5144 3.5144 -5.6568 5.6568 0 -4.43472 6.35 1.83696 -7.3912 3.0616 0
5 24 -5.6568 5.6568 0 -4.43472 6.35 1.83696 -6.2688 3.5144 3.5144 -4.8 6.35 0
5 24 -4.43472 6.35 1.83696 -6.2688 3.5144 3.5144 -3.5144 6.2688 3.5144 -5.6568 5.6568 0
5 24 -3.5144 6.2688 3.5144 -3.39408 6.35 3.39408 -1.83696 6.35 4.43472 -4.43472 6.35 1.83696
5 24 -5.6568 5.6568 0 -6.09215 4.13279 -2.5 -4.88617 5.33877 -2.5 -6.59277 3.3837 -2.5
5 24 -6.59277 3.3837 -2.5 -7.3905 3.36188 -4.99782 -6.09215 4.13279 -2.5 -8.15648 1.60734 -5
5 24 -6.09215 4.13279 -2.5 -5.78043 5.22403 -4.29009 -4.88617 5.33877 -2.5 -7.3905 3.36188 -4.99782
5 24 -4.8 5.901557 -1.4055 -5.6568 5.6568 0 -4.88617 5.33877 -2.5 -4.8 6.35 0
5 24 -4.8 6.35 0 -5.6568 5.6568 0 -4.8 5.901557 -1.4055 -4.43472 6.35 1.83696
5 24 -3.0616 0 7.3912 0 3.0616 7.3912 0 0 8 -3.5144 3.5144 6.2688
5 24 -3.5144 3.5144 6.2688 0 3.0616 7.3912 -3.0616 0 7.3912 0 5.6568 5.6568
5 24 -3.0616 0 7.3912 -3.5144 3.5144 6.2688 0 3.0616 7.3912 -5.6568 0 5.6568
5 24 -7.3912 3.0616 0 -5.6568 5.6568 0 -6.2688 3.5144 3.5144 -6.59277 3.3837 -2.5
5 24 -6.2688 3.5144 3.5144 -7.3912 3.0616 0 -5.6568 5.6568 0 -7.3912 0 3.0616
5 24 -5.6568 0 5.6568 -3.5144 3.5144 6.2688 -3.0616 0 7.3912 -6.2688 3.5144 3.5144
5 24 -6.2688 3.5144 3.5144 -7.3912 0 3.0616 -7.3912 3.0616 0 -5.6568 0 5.6568
5 24 -7.3912 0 3.0616 -7.3912 3.0616 0 -6.2688 3.5144 3.5144 -8 0 0
5 24 -8 0 0 -7.3912 3.0616 0 -7.3912 0 3.0616 -7.50287 0 -2.5
5 24 -6.2688 3.5144 3.5144 -3.5144 3.5144 6.2688 -5.6568 0 5.6568 -3.5144 6.2688 3.5144
5 24 -5.6568 0 5.6568 -6.2688 3.5144 3.5144 -3.5144 3.5144 6.2688 -7.3912 0 3.0616
5 24 -7.3912 0.5616 -2.5 -7.3912 3.0616 0 -8 0 0 -6.59277 3.3837 -2.5
5 24 -6.59277 3.3837 -2.5 -7.3912 3.0616 0 -7.3912 0.5616 -2.5 -6.09215 4.13279 -2.5
5 24 -8.4 0 -5 -7.3912 0.5616 -2.5 -7.50287 0 -2.5 -8.15648 1.60734 -5
5 24 -7.3912 0.5616 -2.5 -8.15648 1.60734 -5 -8.4 0 -5 -6.59277 3.3837 -2.5
5 24 -6.59277 3.3837 -2.5 -8.15648 1.60734 -5 -7.3912 0.5616 -2.5 -7.3905 3.36188 -4.99782
5 24 -7.3905 3.36188 -4.99782 -6.09215 4.13279 -2.5 -6.59277 3.3837 -2.5 -6.40498 4.45761 -4.7717
5 24 -6.40498 4.45761 -4.7717 -6.09215 4.13279 -2.5 -7.3905 3.36188 -4.99782 -5.78043 5.22403 -4.29009
5 24 0 -6.35 4.8 0 -5.6568 5.6568 1.83696 -6.35 4.43472 -1.83696 -6.35 4.43472
5 24 0 -3.0616 7.3912 0 0 8 3.0616 0 7.3912 -3.0616 0 7.3912
5 24 0 0 8 3.0616 0 7.3912 0 -3.0616 7.3912 0 3.0616 7.3912
5 24 3.0616 0 7.3912 5.6568 0 5.6568 3.5144 -3.5144 6.2688 3.5144 3.5144 6.2688
5 24 7.3912 0 3.0616 8 0 0 7.3912 -3.0616 0 7.3912 3.0616 0
5 24 5.6568 0 5.6568 7.3912 0 3.0616 6.2688 -3.5144 3.5144 6.2688 3.5144 3.5144
5 24 8 0 0 7.50287 0 -2.5 7.3912 -3.0616 0 7.3912 3.0616 0
5 24 0 -5.6568 5.6568 0 -3.0616 7.3912 3.5144 -3.5144 6.2688 -3.5144 -3.5144 6.2688
5 24 7.50287 0 -2.5 8.4 0 -5 7.3912 -0.5616 -2.5 7.3912 0.5616 -2.5
5 24 0 6.35 4.8 0 5.6568 5.6568 -1.83696 6.35 4.43472 1.83696 6.35 4.43472
5 24 0 3.0616 7.3912 0 0 8 -3.0616 0 7.3912 3.0616 0 7.3912
5 24 0 0 8 -3.0616 0 7.3912 0 3.0616 7.3912 0 -3.0616 7.3912
5 24 -3.0616 0 7.3912 -5.6568 0 5.6568 -3.5144 3.5144 6.2688 -3.5144 -3.5144 6.2688
5 24 -7.3912 0 3.0616 -8 0 0 -7.3912 3.0616 0 -7.3912 -3.0616 0
5 24 -5.6568 0 5.6568 -7.3912 0 3.0616 -6.2688 3.5144 3.5144 -6.2688 -3.5144 3.5144
5 24 -8 0 0 -7.50287 0 -2.5 -7.3912 3.0616 0 -7.3912 -3.0616 0
5 24 0 5.6568 5.6568 0 3.0616 7.3912 -3.5144 3.5144 6.2688 3.5144 3.5144 6.2688
5 24 -7.50287 0 -2.5 -8.4 0 -5 -7.3912 0.5616 -2.5 -7.3912 -0.5616 -2.5
1 16 0 -7.75 0 4.8 0 0 0 1.4 0 0 0 4.8 2-4cylo.dat
1 16 0 -7.75 0 4.8 0 0 0 1 0 0 0 4.8 2-4ndis.dat
1 16 7.4 -7.75 -2 -2.6 0 0 0 8 0 0 0 -3 2-4edge.dat
1 16 7.4 -7.75 -2 -2.6 0 0 0 1 0 0 0 -3 2-4chrd.dat
1 16 -7.4 -7.75 -2 -2.6 0 0 0 1 0 0 0 -3 2-4edge.dat
1 16 -7.4 -7.75 -2 -2.6 0 0 0 1 0 0 0 -3 2-4chrd.dat
4 16 4.8 -7.75 -2 10 -7.75 -2 10 -7.75 9 4.8 -7.75 4.8
4 16 -4.8 -7.75 4.8 -10 -7.75 9 -10 -7.75 -2 -4.8 -7.75 -2
3 16 4.8 -7.75 4.8 10 -7.75 9 0 -7.75 4.8
4 16 0 -7.75 4.8 10 -7.75 9 -10 -7.75 9 -4.8 -7.75 4.8
1 16 0 7.75 0 -4.8 0 0 0 -1.4 0 0 0 4.8 2-4cylo.dat
1 16 0 7.75 0 -4.8 0 0 0 -1 0 0 0 4.8 2-4ndis.dat
1 16 -7.4 7.75 -2 2.6 0 0 0 -8 0 0 0 -3 2-4edge.dat
1 16 -7.4 7.75 -2 2.6 0 0 0 -1 0 0 0 -3 2-4chrd.dat
1 16 7.4 7.75 -2 2.6 0 0 0 -1 0 0 0 -3 2-4edge.dat
1 16 7.4 7.75 -2 2.6 0 0 0 -1 0 0 0 -3 2-4chrd.dat
4 16 -4.8 7.75 -2 -10 7.75 -2 -10 7.75 9 -4.8 7.75 4.8
4 16 4.8 7.75 4.8 10 7.75 9 10 7.75 -2 4.8 7.75 -2
3 16 0 7.75 4.8 10 7.75 9 4.8 7.75 4.8
4 16 -4.8 7.75 4.8 -10 7.75 9 10 7.75 9 0 7.75 4.8
1 16 10 0 3.5 0 -1 0 0 0 -7.75 5.5 0 0 rect2p.dat
1 16 -10 0 3.5 0 1 0 0 0 7.75 5.5 0 0 rect2p.dat
1 16 10 0 -2 0 1 0 7.75 0 0 0 0 -3 2-4edge.dat
1 16 10 0 -2 0 -1 0 -7.75 0 0 0 0 -3 2-4disc.dat
1 16 -10 0 -2 0 -1 0 -7.75 0 0 0 0 -3 2-4edge.dat
1 16 -10 0 -2 0 1 0 7.75 0 0 0 0 -3 2-4disc.dat
1 16 7.4 0 -5 0 0 2.6 7.75 0 0 0 1 0 2-4edge.dat
1 16 -7.4 0 -5 0 0 -2.6 -7.75 0 0 0 1 0 2-4edge.dat
1 16 7.4 0 -2 0 0 2.6 0 7.75 0 -3 0 0 1-8sphc.dat
1 16 7.4 0 -2 0 0 2.6 0 -7.75 0 -3 0 0 1-8sphc.dat
1 16 -7.4 0 -2 0 0 -2.6 0 -7.75 0 -3 0 0 1-8sphc.dat
1 16 -7.4 0 -2 0 0 -2.6 0 7.75 0 -3 0 0 1-8sphc.dat
4 16 -10 -7.75 9 10 -7.75 9 9.817 -7.567 9.31695 -9.817 -7.567 9.31695
4 16 -9.817 -7.567 9.31695 9.817 -7.567 9.31695 9.5 -7.25 9.5 -9.5 -7.25 9.5
4 16 -9.5 -7.25 9.5 9.5 -7.25 9.5 9.5 -4 9.5 -9.5 -4 9.5
4 16 9.817 -7.567 9.31695 9.817 -4 9.31695 9.5 -4 9.5 9.5 -7.25 9.5
4 16 9.817 4 9.31695 9.817 7.567 9.31695 9.5 7.25 9.5 9.5 4 9.5
3 16 9.817 -4 9.31695 9.817 -7.567 9.31695 10 -7.75 9
3 16 10 7.75 9 9.817 7.567 9.31695 9.817 4 9.31695
4 16 10 -7.75 9 10 7.75 9 9.817 4 9.31695 9.817 -4 9.31695
2 24 10 -7.75 9 9.817 -7.567 9.31695
2 24 9.5 -7.25 9.5 9.817 -7.567 9.31695
2 24 10 7.75 9 9.817 7.567 9.31695
2 24 9.5 7.25 9.5 9.817 7.567 9.31695
2 24 -9.5 -4 9.5 9.5 -4 9.5
2 24 9.5 -4 9.5 9.817 -4 9.68305
2 24 9.817 -4 9.68305 10 -4 10
2 24 -9.5 -4 9.5 -9.817 -4 9.68305
2 24 -9.817 -4 9.68305 -10 -4 10
4 16 -9.817 -4 9.68305 9.817 -4 9.68305 10 -4 10 -10 -4 10
4 16 -9.5 -4 9.5 9.5 -4 9.5 9.817 -4 9.68305 -9.817 -4 9.68305
3 16 9.5 -4 9.5 9.817 -4 9.31695 9.7113 -3.9 9.5
3 16 9.7113 -3.9 9.5 9.817 -4 9.68305 9.5 -4 9.5
3 16 9.7113 3.9 9.5 9.817 4 9.31695 9.5 4 9.5
3 16 9.5 4 9.5 9.817 4 9.68305 9.7113 3.9 9.5
4 16 9.817 4 9.31695 9.7113 3.9 9.5 9.7113 -3.9 9.5 9.817 -4 9.31695
4 16 9.817 4 9.68305 9.817 -4 9.68305 9.7113 -3.9 9.5 9.7113 3.9 9.5
4 16 10 4 10 10 -4 10 9.817 -4 9.68305 9.817 4 9.68305
5 24 9.817 -7.567 9.31695 -9.817 -7.567 9.31695 -10 -7.75 9 9.5 -7.25 9.5
5 24 9.5 -7.25 9.5 -9.5 -7.25 9.5 -9.817 -7.567 9.31695 9.5 -4 9.5
5 24 9.5 -7.25 9.5 9.5 -4 9.5 -9.5 -7.25 9.5 9.817 -7.567 9.31695
5 24 9.5 7.25 9.5 9.5 4 9.5 -9.5 7.25 9.5 9.817 7.567 9.31695
5 24 9.817 -7.567 9.31695 9.817 -4 9.31695 9.5 -4 9.5 10 -7.75 9
5 24 9.817 -4 9.31695 9.5 -4 9.5 9.817 -7.567 9.31695 9.7113 -3.9 9.5
5 24 9.817 4 9.31695 9.817 7.567 9.31695 9.5 7.25 9.5 10 7.75 9
5 24 9.5 4 9.5 9.817 4 9.31695 9.817 7.567 9.31695 9.7113 3.9 9.5
5 24 9.817 -4 9.31695 9.7113 -3.9 9.5 9.5 -4 9.5 9.817 4 9.31695
2 24 9.7113 -3.9 9.5 9.5 -4 9.5
5 24 9.7113 -3.9 9.5 9.817 -4 9.68305 9.5 -4 9.5 9.817 4 9.68305
5 24 9.7113 3.9 9.5 9.817 4 9.31695 9.5 4 9.5 9.7113 -3.9 9.5
2 24 9.5 4 9.5 9.7113 3.9 9.5
5 24 9.817 4 9.68305 9.7113 3.9 9.5 9.5 4 9.5 9.817 -4 9.68305
2 24 9.7113 3.9 9.5 9.7113 -3.9 9.5
5 24 10 -7.75 9 -10 -7.75 9 9.817 -7.567 9.31695 4.8 -7.75 4.8
5 24 10 -7.75 9 10 7.75 9 9.817 -7.567 9.31695 10 -7.75 -3
5 24 10 -4 10 10 4 10 9.817 -4 9.68305 10 -4 15
4 16 10 7.75 9 -10 7.75 9 -9.817 7.567 9.31695 9.817 7.567 9.31695
4 16 9.817 7.567 9.31695 -9.817 7.567 9.31695 -9.5 7.25 9.5 9.5 7.25 9.5
4 16 9.5 7.25 9.5 -9.5 7.25 9.5 -9.5 4 9.5 9.5 4 9.5
4 16 -9.817 7.567 9.31695 -9.817 4 9.31695 -9.5 4 9.5 -9.5 7.25 9.5
4 16 -9.817 -4 9.31695 -9.817 -7.567 9.31695 -9.5 -7.25 9.5 -9.5 -4 9.5
3 16 -9.817 4 9.31695 -9.817 7.567 9.31695 -10 7.75 9
3 16 -10 -7.75 9 -9.817 -7.567 9.31695 -9.817 -4 9.31695
4 16 -10 7.75 9 -10 -7.75 9 -9.817 -4 9.31695 -9.817 4 9.31695
2 24 -10 7.75 9 -9.817 7.567 9.31695
2 24 -9.5 7.25 9.5 -9.817 7.567 9.31695
2 24 -10 -7.75 9 -9.817 -7.567 9.31695
2 24 -9.5 -7.25 9.5 -9.817 -7.567 9.31695
2 24 9.5 4 9.5 -9.5 4 9.5
2 24 -9.5 4 9.5 -9.817 4 9.68305
2 24 -9.817 4 9.68305 -10 4 10
2 24 9.5 4 9.5 9.817 4 9.68305
2 24 9.817 4 9.68305 10 4 10
4 16 9.817 4 9.68305 -9.817 4 9.68305 -10 4 10 10 4 10
4 16 9.5 4 9.5 -9.5 4 9.5 -9.817 4 9.68305 9.817 4 9.68305
3 16 -9.5 4 9.5 -9.817 4 9.31695 -9.7113 3.9 9.5
3 16 -9.7113 3.9 9.5 -9.817 4 9.68305 -9.5 4 9.5
3 16 -9.7113 -3.9 9.5 -9.817 -4 9.31695 -9.5 -4 9.5
3 16 -9.5 -4 9.5 -9.817 -4 9.68305 -9.7113 -3.9 9.5
4 16 -9.817 -4 9.31695 -9.7113 -3.9 9.5 -9.7113 3.9 9.5 -9.817 4 9.31695
4 16 -9.817 -4 9.68305 -9.817 4 9.68305 -9.7113 3.9 9.5 -9.7113 -3.9 9.5
4 16 -10 -4 10 -10 4 10 -9.817 4 9.68305 -9.817 -4 9.68305
5 24 -9.817 7.567 9.31695 9.817 7.567 9.31695 10 7.75 9 -9.5 7.25 9.5
5 24 -9.5 7.25 9.5 9.5 7.25 9.5 9.817 7.567 9.31695 -9.5 4 9.5
5 24 -9.5 7.25 9.5 -9.5 4 9.5 9.5 7.25 9.5 -9.817 7.567 9.31695
5 24 -9.5 -7.25 9.5 -9.5 -4 9.5 9.5 -7.25 9.5 -9.817 -7.567 9.31695
5 24 -9.817 7.567 9.31695 -9.817 4 9.31695 -9.5 4 9.5 -10 7.75 9
5 24 -9.817 4 9.31695 -9.5 4 9.5 -9.817 7.567 9.31695 -9.7113 3.9 9.5
5 24 -9.817 -4 9.31695 -9.817 -7.567 9.31695 -9.5 -7.25 9.5 -10 -7.75 9
5 24 -9.5 -4 9.5 -9.817 -4 9.31695 -9.817 -7.567 9.31695 -9.7113 -3.9 9.5
5 24 -9.817 4 9.31695 -9.7113 3.9 9.5 -9.5 4 9.5 -9.817 -4 9.31695
2 24 -9.7113 3.9 9.5 -9.5 4 9.5
5 24 -9.7113 3.9 9.5 -9.817 4 9.68305 -9.5 4 9.5 -9.817 -4 9.68305
5 24 -9.7113 -3.9 9.5 -9.817 -4 9.31695 -9.5 -4 9.5 -9.7113 3.9 9.5
2 24 -9.5 -4 9.5 -9.7113 -3.9 9.5
5 24 -9.817 -4 9.68305 -9.7113 -3.9 9.5 -9.5 -4 9.5 -9.817 4 9.68305
2 24 -9.7113 -3.9 9.5 -9.7113 3.9 9.5
5 24 -10 7.75 9 10 7.75 9 -9.817 7.567 9.31695 -4.8 7.75 4.8
5 24 -10 7.75 9 -10 -7.75 9 -9.817 7.567 9.31695 -10 7.75 -3
5 24 -10 4 10 -10 -4 10 -9.817 4 9.68305 -10 4 15
0 NOFILE
